date,Account,classification,value,daily_pnl,trade_count,avg_size_usd,total_size_usd,n_wins,n_losses,max_loss,max_gain,fees,win_rate,longs,shorts,ls_ratio,avg_rel_leverage,opens,avg_open_size,sentiment_simple
2023-12-14,0xb1231a4a2dd02f2276fa3c5e2a2f3436e6bfed23,Greed,72,-205.43473700000007,6,12789.398333333333,76736.39,4,2,-514.00313,245.428491,19.184096,0.6666666666666666,3.0,2.0,0.6,13.921514519493023,5.0,7293.392,Greed
2023-12-15,0xb1231a4a2dd02f2276fa3c5e2a2f3436e6bfed23,Greed,70,-24.632033999999997,2,5304.975,10609.95,0,2,-15.479828,-9.152206,2.652489,0.0,,,,8.511110219797851,,,Greed
2023-12-17,0xb1231a4a2dd02f2276fa3c5e2a2f3436e6bfed23,Greed,73,304.982785,11,5996.891818181818,65965.81,7,4,-12.022734,105.861561,16.491448000000002,0.6363636363636364,3.0,0.0,1.0,8.612257339964705,3.0,16770.736666666668,Greed
2023-12-19,0xb1231a4a2dd02f2276fa3c5e2a2f3436e6bfed23,Greed,73,1000.5386120000001,10,6188.349,61883.49,10,0,0.294986,721.255626,15.470867,1.0,5.0,0.0,1.0,7.586507299855608,5.0,5943.784,Greed
2023-12-20,0xb1231a4a2dd02f2276fa3c5e2a2f3436e6bfed23,Greed,74,162.732282,8,8862.46875,70899.75,8,0,0.4712,78.5892,17.724932,1.0,10.0,0.0,1.0,12.33264078292957,10.0,7073.704,Greed
2023-12-21,0xb1231a4a2dd02f2276fa3c5e2a2f3436e6bfed23,Greed,70,537.211402,27,2329.095185185185,62885.57,26,1,-0.165152,82.382904,15.72138,0.9629629629629629,22.0,0.0,1.0,3.501443927482753,22.0,2834.018181818182,Greed
2023-12-22,0xb1231a4a2dd02f2276fa3c5e2a2f3436e6bfed23,Greed,74,141.832675,2,14839.48,29678.96,2,0,11.635806,130.196869,7.41974,1.0,8.0,0.0,1.0,9.809521899566821,8.0,7399.415,Greed
2023-12-23,0xb1231a4a2dd02f2276fa3c5e2a2f3436e6bfed23,Greed,70,146.936704,8,6765.20375,54121.63,8,0,0.14742,24.897108,13.530405,1.0,5.0,0.0,1.0,9.760677041553025,5.0,4863.3240000000005,Greed
2023-12-24,0xb1231a4a2dd02f2276fa3c5e2a2f3436e6bfed23,Greed,71,1008.619956,17,11881.048823529412,201977.83000000002,15,2,-9.51054,177.04071,50.494445999999996,0.8823529411764706,18.0,4.0,0.8181818181818182,7.339210652976095,22.0,9135.323181818183,Greed
2023-12-25,0xb1231a4a2dd02f2276fa3c5e2a2f3436e6bfed23,Greed,73,-245.081348,1,29851.65,29851.65,0,1,-245.081348,-245.081348,7.462911,0.0,2.0,0.0,1.0,46.65313653136532,2.0,15048.43,Greed
2023-12-27,0xb1231a4a2dd02f2276fa3c5e2a2f3436e6bfed23,Greed,73,-704.8892269999999,13,6565.618461538462,85353.04000000001,4,9,-545.896076,300.296609,21.338251999999997,0.3076923076923077,15.0,0.0,1.0,8.702310283972405,15.0,5737.201333333333,Greed
2023-12-28,0xb1231a4a2dd02f2276fa3c5e2a2f3436e6bfed23,Greed,73,-970.730876,13,3813.326153846154,49573.24,0,13,-160.5807,-10.764,12.3933,0.0,10.0,0.0,1.0,6.269677522862185,10.0,5054.401,Greed
2023-12-29,0xb1231a4a2dd02f2276fa3c5e2a2f3436e6bfed23,Greed,65,508.92214299999995,20,13004.722,260094.44,15,5,-193.725,423.795456,65.023603,0.75,24.0,6.0,0.8,13.84118402053586,30.0,10315.509333333332,Greed
2023-12-30,0xb1231a4a2dd02f2276fa3c5e2a2f3436e6bfed23,Greed,68,354.998648,33,11418.369696969698,376806.2,23,10,-283.201616,177.22152,94.201537,0.696969696969697,11.0,8.0,0.5789473684210527,7.404163324241939,19.0,17144.421578947367,Greed
2024-01-01,0xb1231a4a2dd02f2276fa3c5e2a2f3436e6bfed23,Greed,65,-129.53146,6,21962.198333333334,131773.19,1,5,-166.183134,281.677062,32.943294,0.16666666666666666,9.0,3.0,0.75,14.78596983795925,12.0,11038.861666666666,Greed
2024-01-02,0xb1231a4a2dd02f2276fa3c5e2a2f3436e6bfed23,Greed,71,783.979116,9,6698.035555555556,60282.32000000001,8,1,-252.794221,297.652977,15.070574,0.8888888888888888,0.0,8.0,0.0,3.913653136531366,8.0,7633.3025,Greed
2024-01-03,0xb1231a4a2dd02f2276fa3c5e2a2f3436e6bfed23,Greed,70,866.015507,35,5648.070285714285,197682.46,28,7,-15.013542,362.650515,49.420611,0.8,32.0,0.0,1.0,3.3736242579817106,32.0,6150.528125,Greed
2024-01-04,0xb1231a4a2dd02f2276fa3c5e2a2f3436e6bfed23,Greed,68,-67.60364,3,16620.823333333334,49862.47,0,3,-66.3633,-0.0786,12.465615,0.0,2.0,0.0,1.0,5.3521418257660835,2.0,24965.035,Greed
2024-01-05,0xb1231a4a2dd02f2276fa3c5e2a2f3436e6bfed23,Greed,72,164.141565,23,37049.66565217391,852142.31,13,10,-231.8397,285.107453,213.035569,0.5652173913043478,25.0,18.0,0.5813953488372093,6.83106048451789,43.0,19809.31046511628,Greed
2024-01-06,0xb1231a4a2dd02f2276fa3c5e2a2f3436e6bfed23,Greed,70,135.58166400000002,12,12454.809166666666,149457.71,10,2,-120.90096,80.226408,37.364422,0.8333333333333334,9.0,1.0,0.9,11.797737846943688,10.0,14906.369,Greed
2024-01-07,0xb1231a4a2dd02f2276fa3c5e2a2f3436e6bfed23,Greed,71,-835.681235,37,12183.368108108109,450784.62,9,28,-199.52222,80.02296,112.696135,0.24324324324324326,47.0,13.0,0.7833333333333333,4.819412802823681,60.0,9967.757333333333,Greed
2024-01-08,0xb1231a4a2dd02f2276fa3c5e2a2f3436e6bfed23,Greed,71,-269.874439,67,12443.896567164178,833741.07,32,35,-885.226353,801.54764,208.435243,0.47761194029850745,27.0,34.0,0.4426229508196721,2.9684662281405423,61.0,11290.350163934427,Greed
2024-01-09,0xb1231a4a2dd02f2276fa3c5e2a2f3436e6bfed23,Extreme Greed,76,-826.349863,28,13752.3275,385065.17,18,10,-1685.2222,398.717536,96.266276,0.6428571428571429,25.0,17.0,0.5952380952380952,8.161623616236163,42.0,11547.304761904761,Greed
2024-01-10,0xb1231a4a2dd02f2276fa3c5e2a2f3436e6bfed23,Greed,73,-1517.091342,83,13012.92530120482,1080072.8,41,42,-1032.98154,664.5795,270.01817,0.4939759036144578,56.0,54.0,0.509090909090909,3.049895716348468,110.0,8885.515272727273,Greed
2024-01-11,0xb1231a4a2dd02f2276fa3c5e2a2f3436e6bfed23,Extreme Greed,76,-164.08950099999998,9,14356.41,129207.69,5,4,-406.568766,180.64942,32.301915,0.5555555555555556,6.0,4.0,0.6,8.030563131718274,10.0,12997.254,Greed
2024-01-12,0xb1231a4a2dd02f2276fa3c5e2a2f3436e6bfed23,Greed,71,-1925.519024,2,49039.315,98078.63,0,2,-1790.004944,-135.51408,24.519658,0.0,5.0,0.0,1.0,70.1836675758062,5.0,20400.728,Greed
2024-01-15,0x3998f134d6aaa2b6a5f723806d00fd2bbbbce891,Neutral,52,152.85358,9,69.98444444444445,629.86,9,0,2.49403,127.66118,0.151157,1.0,,,,0.02264516697506388,,,Neutral
2024-01-16,0x3998f134d6aaa2b6a5f723806d00fd2bbbbce891,Greed,64,-3238.8,2,21447.5,42895.0,0,2,-2299.807104,-938.992896,-0.857899,0.0,4.0,0.0,1.0,14.078233765089436,4.0,5146.77,Greed
2024-01-16,0xb1231a4a2dd02f2276fa3c5e2a2f3436e6bfed23,Greed,64,939.6285419999999,3,17648.416666666668,52945.25,3,0,2.0583,805.609842,13.236312,1.0,,,,3.4194769773784697,,,Greed
2024-01-17,0xb1231a4a2dd02f2276fa3c5e2a2f3436e6bfed23,Greed,60,813.2741110000001,19,21097.62263157895,400854.83,11,8,-38.679204,491.114169,100.2137,0.5789473684210527,20.0,14.0,0.5882352941176471,4.366918017006258,34.0,11764.005882352942,Greed
2024-01-18,0xb1231a4a2dd02f2276fa3c5e2a2f3436e6bfed23,Greed,63,68.93319,9,22178.942222222224,199610.48,3,6,-142.6896,222.31716,49.902619,0.3333333333333333,15.0,22.0,0.40540540540540543,3.2076046847425,37.0,6081.65,Greed
2024-01-19,0x75f7eeb85dc639d5e99c78f95393aa9a5f1170d4,Neutral,51,-0.17,3,246.28,738.84,1,2,-0.133,0.003,0.177321,0.3333333333333333,3.0,2.0,0.6,0.059650448372536934,5.0,151.594,Neutral
2024-01-19,0xb1231a4a2dd02f2276fa3c5e2a2f3436e6bfed23,Neutral,51,-385.215235,23,9778.216086956521,224898.97,5,18,-243.997272,171.25224,56.224734,0.21739130434782608,15.0,1.0,0.9375,3.888063532809241,16.0,12625.199375,Neutral
2024-01-20,0xb1231a4a2dd02f2276fa3c5e2a2f3436e6bfed23,Neutral,52,-146.57487000000003,32,15789.338749999999,505258.83999999997,15,17,-261.567852,173.353372,126.314695,0.46875,45.0,29.0,0.6081081081081081,3.4768811166372533,74.0,7632.860405405406,Neutral
2024-01-21,0xb1231a4a2dd02f2276fa3c5e2a2f3436e6bfed23,Greed,56,266.58114600000005,5,626.02,3130.1,3,2,-37.3252,203.926812,0.7825230000000001,0.6,1.0,5.0,0.16666666666666666,3.0081662120969037,6.0,16666.606666666667,Greed
2024-01-22,0x75f7eeb85dc639d5e99c78f95393aa9a5f1170d4,Greed,55,1166.248788,26,1032.783076923077,26852.36,14,12,-43.14102,365.7566,4.55823,0.5384615384615384,15.0,7.0,0.6818181818181818,0.24506392539717256,22.0,1235.01,Greed
2024-01-22,0xb1231a4a2dd02f2276fa3c5e2a2f3436e6bfed23,Greed,55,209.39217099999996,15,7046.065333333333,105690.98,9,6,-214.662888,369.49,26.422742,0.6,15.0,7.0,0.6818181818181818,1.9676720680250284,22.0,8098.428636363636,Greed
2024-01-23,0xb1231a4a2dd02f2276fa3c5e2a2f3436e6bfed23,Neutral,50,-369.2447299999998,20,10098.5345,201970.69,11,9,-3334.154664,2327.24128,50.492667999999995,0.55,20.0,5.0,0.8,3.2063211936467195,25.0,8501.9296,Neutral
2024-01-24,0xb1231a4a2dd02f2276fa3c5e2a2f3436e6bfed23,Neutral,48,-2808.353815,40,14065.320749999999,562612.83,10,30,-764.70408,315.409419,140.653189,0.25,14.0,14.0,0.5,5.682368041071715,28.0,14373.99142857143,Neutral
2024-01-25,0xb1231a4a2dd02f2276fa3c5e2a2f3436e6bfed23,Neutral,52,-3093.6293849999997,6,11094.355000000001,66566.13,0,6,-959.90329,-23.30445,16.641532,0.0,,,,16.654636611583506,,,Neutral
2024-01-26,0x75f7eeb85dc639d5e99c78f95393aa9a5f1170d4,Neutral,49,90.2,1,4673.0,4673.0,1,0,90.2,90.2,-0.09346,1.0,1.0,0.0,1.0,9.201877000775456,1.0,4582.8,Neutral
2024-01-28,0x3998f134d6aaa2b6a5f723806d00fd2bbbbce891,Neutral,54,-2478.06972,11,1646.2754545454545,18109.03,0,11,-661.514679,-13.689711,-0.362176,0.0,,,,1.0981363996827915,,,Neutral
2024-01-29,0x75f7eeb85dc639d5e99c78f95393aa9a5f1170d4,Greed,55,1.71544,1,1035.29,1035.29,1,0,1.71544,1.71544,0.248469,1.0,1.0,0.0,1.0,2.0568071103334455,1.0,1033.57,Greed
2024-01-29,0xb1231a4a2dd02f2276fa3c5e2a2f3436e6bfed23,Greed,55,484.847102,44,4679.5025,205898.11,44,0,0.00155,236.344933,51.474516,1.0,10.0,18.0,0.35714285714285715,2.827948018610621,28.0,7365.7575,Greed
2024-01-30,0xb1231a4a2dd02f2276fa3c5e2a2f3436e6bfed23,Greed,61,-173.65419100000003,19,10578.681052631578,200994.94,5,14,-182.878368,257.969838,50.248721,0.2631578947368421,14.0,16.0,0.4666666666666667,4.007668859297289,30.0,6667.214666666667,Greed
2024-01-31,0xb1231a4a2dd02f2276fa3c5e2a2f3436e6bfed23,Greed,60,-756.419851,437,7149.706201372997,3124421.61,230,204,-418.490952,285.415724,781.105244,0.5299539170506913,219.0,201.0,0.5214285714285715,1.6930691480827853,420.0,7449.317571428571,Greed
2024-02-02,0xb1231a4a2dd02f2276fa3c5e2a2f3436e6bfed23,Greed,63,456.423473,21,11349.052857142857,238330.11,13,8,-75.50372,179.290704,59.582517,0.6190476190476191,13.0,8.0,0.6190476190476191,5.950369003690037,21.0,11235.634285714286,Greed
2024-02-03,0xb1231a4a2dd02f2276fa3c5e2a2f3436e6bfed23,Greed,60,223.30918699999998,12,16739.984166666665,200879.81,6,6,-181.331015,461.79812,50.219944999999996,0.5,12.0,32.0,0.2727272727272727,6.077939996791272,44.0,9157.73159090909,Greed
2024-02-04,0xb1231a4a2dd02f2276fa3c5e2a2f3436e6bfed23,Greed,60,47.62389499999999,28,7220.983928571428,202187.55,9,19,-89.857229,126.216064,50.546876,0.32142857142857145,7.0,0.0,1.0,3.7130916091769612,7.0,142.8542857142857,Greed
2024-02-05,0xb1231a4a2dd02f2276fa3c5e2a2f3436e6bfed23,Greed,60,-33.45419400000003,32,12037.2728125,385192.73,14,18,-161.589,190.041283,96.298163,0.4375,24.0,16.0,0.6,5.81017968875341,40.0,9625.13825,Greed
2024-02-06,0xb1231a4a2dd02f2276fa3c5e2a2f3436e6bfed23,Greed,64,-322.52129,509,7510.168605108055,3822675.82,168,339,-104.602479,154.031648,440.658153,0.33136094674556216,262.0,300.0,0.46619217081850534,3.472918337879031,562.0,6810.976921708186,Greed
2024-02-07,0xb1231a4a2dd02f2276fa3c5e2a2f3436e6bfed23,Greed,62,241.24212,2,879.375,1758.75,2,0,21.76212,219.48,0.439686,1.0,5.0,8.0,0.38461538461538464,0.5417615915289589,13.0,384.6138461538461,Greed
2024-02-08,0xb1231a4a2dd02f2276fa3c5e2a2f3436e6bfed23,Greed,66,770.756024,4,3262.88,13051.52,4,0,4.63358,408.255274,3.262879,1.0,1.0,5.0,0.16666666666666666,3.3435344136050063,6.0,2166.6,Greed
2024-02-11,0xb1231a4a2dd02f2276fa3c5e2a2f3436e6bfed23,Greed,71,983.443176,7,1585.8642857142859,11101.050000000001,7,0,0.005544,560.97,2.77526,1.0,19.0,8.0,0.7037037037037037,1.1401010749237928,27.0,7452.25074074074,Greed
2024-02-12,0xb1231a4a2dd02f2276fa3c5e2a2f3436e6bfed23,Greed,70,913.8817869999998,15,14483.186666666666,217247.8,6,9,-992.159844,1948.969192,27.311909,0.4,0.0,1.0,0.0,10.187124979945452,1.0,9999.9,Greed
2024-02-13,0xb1231a4a2dd02f2276fa3c5e2a2f3436e6bfed23,Extreme Greed,79,559.44389,14,142.85642857142858,1999.99,14,0,4.69077,150.97953,-0.039992,1.0,,,,0.16859457725012034,,,Greed
2024-02-14,0x75f7eeb85dc639d5e99c78f95393aa9a5f1170d4,Greed,74,3639.3031690000003,80,1375.728125,110058.25,79,1,-0.0118,225.36757,12.900902,0.9875,5.0,3.0,0.625,2.1177201598632016,8.0,13510.05625,Greed
2024-02-14,0xb1231a4a2dd02f2276fa3c5e2a2f3436e6bfed23,Greed,74,191.29666400000002,4,550.4275,2201.71,4,0,13.635328,128.201493,0.550426,1.0,7.0,12.0,0.3684210526315789,0.7968394031766406,19.0,5289.445789473684,Greed
2024-02-15,0x75f7eeb85dc639d5e99c78f95393aa9a5f1170d4,Greed,72,1024.70728,49,769.5216326530611,37706.56,49,0,0.352,124.89012,4.293384,1.0,0.0,3.0,0.0,0.989561171534806,3.0,12910.44,Greed
2024-02-15,0xb1231a4a2dd02f2276fa3c5e2a2f3436e6bfed23,Greed,72,816.0903969999999,11,9886.378181818181,108750.16,8,3,-1975.267957,1032.67388,27.187538,0.7272727272727273,,,,6.112305470880797,,,Greed
2024-02-16,0x75f7eeb85dc639d5e99c78f95393aa9a5f1170d4,Greed,72,5491.768834,146,1582.4183561643836,231033.08,146,0,0.19584,1447.848675,6.901716,1.0,5.0,19.0,0.20833333333333334,1.9895512297934106,24.0,9712.949583333333,Greed
2024-02-17,0x75f7eeb85dc639d5e99c78f95393aa9a5f1170d4,Extreme Greed,76,1670.012358,54,1871.0716666666665,101037.87,54,0,0.3192,224.09836,13.344262,1.0,8.0,2.0,0.8,2.982005448074285,10.0,10132.132000000001,Greed
2024-02-17,0xb1231a4a2dd02f2276fa3c5e2a2f3436e6bfed23,Extreme Greed,76,259.62944200000004,11,13909.74181818182,153007.16,7,4,-268.72002,398.025935,38.251788,0.6363636363636364,19.0,0.0,1.0,2.862714583667576,19.0,2671.1431578947368,Greed
2024-02-18,0x75f7eeb85dc639d5e99c78f95393aa9a5f1170d4,Greed,72,477.6248299999999,68,1151.3538235294118,78292.06,61,7,-390.93418,325.44,-1.5658180000000002,0.8970588235294118,26.0,3.0,0.896551724137931,1.6270455132921082,29.0,2715.727931034483,Greed
2024-02-19,0x75f7eeb85dc639d5e99c78f95393aa9a5f1170d4,Extreme Greed,75,4233.327343,75,1585.7798666666667,118933.49,75,0,0.00042,720.85,4.694967,1.0,6.0,13.0,0.3157894736842105,1.0028234545563002,19.0,5553.632631578947,Greed
2024-02-19,0xb1231a4a2dd02f2276fa3c5e2a2f3436e6bfed23,Extreme Greed,75,-8.05898,3,8332.506666666666,24997.519999999997,1,2,-4.67999,0.3252,6.249377,0.3333333333333333,3.0,0.0,1.0,12.591200064174554,3.0,8335.19,Greed
2024-02-20,0x75f7eeb85dc639d5e99c78f95393aa9a5f1170d4,Greed,72,3053.31353,28,2137.427142857143,59847.96,27,1,-0.01449,918.658,3.8004940000000005,0.9642857142857143,5.0,2.0,0.7142857142857143,1.9802755850714813,7.0,8265.922857142858,Greed
2024-02-20,0xb1231a4a2dd02f2276fa3c5e2a2f3436e6bfed23,Greed,72,210.315294,4,427.575,1710.3,4,0,18.114941,144.37663,0.427573,1.0,,,,0.3028397240494144,,,Greed
2024-02-21,0x75f7eeb85dc639d5e99c78f95393aa9a5f1170d4,Extreme Greed,78,1858.7985700000002,15,3330.023333333333,49950.35,15,0,3.773847,394.64008,1.4310589999999999,1.0,6.0,0.0,1.0,3.870021672996242,6.0,8015.261666666666,Greed
2024-02-22,0x75f7eeb85dc639d5e99c78f95393aa9a5f1170d4,Greed,74,2287.22275,52,3170.6871153846155,164875.73,38,14,-700.629094,631.53454,4.783613,0.7307692307692307,32.0,0.0,1.0,4.21761477740441,32.0,4892.761875,Greed
2024-02-23,0x75f7eeb85dc639d5e99c78f95393aa9a5f1170d4,Extreme Greed,76,1418.55293,138,399.3657246376812,55112.47,137,1,-0.00357,98.3334,-0.9500190000000001,0.9927536231884058,2.0,3.0,0.4,0.6193704889348418,5.0,11198.734,Greed
2024-02-25,0x75f7eeb85dc639d5e99c78f95393aa9a5f1170d4,Greed,74,-30.7705,2,1127.7250000000001,2255.4500000000003,0,2,-19.65417,-11.11633,-0.045108,0.0,0.0,3.0,0.0,1.6201459447636848,3.0,741.5600000000001,Greed
2024-02-26,0x75f7eeb85dc639d5e99c78f95393aa9a5f1170d4,Greed,72,4416.8473,34,2768.528529411765,94129.97,34,0,1.73514,866.99746,1.863417,1.0,1.0,2.0,0.3333333333333333,1.6761179488199154,3.0,32519.066666666666,Greed
2024-02-27,0x75f7eeb85dc639d5e99c78f95393aa9a5f1170d4,Extreme Greed,79,312.130593,43,2410.5048837209306,103651.71,19,16,-240.75191,320.7411,-2.073014,0.5428571428571428,3.0,9.0,0.25,2.5105879545861254,12.0,8594.522500000001,Greed
2024-02-27,0xb1231a4a2dd02f2276fa3c5e2a2f3436e6bfed23,Extreme Greed,79,576.38114,7,225.19285714285712,1576.35,7,0,15.02268,234.67584,0.394084,1.0,0.0,1.0,0.0,0.27398523985239853,1.0,999.97,Greed
2024-02-28,0x75f7eeb85dc639d5e99c78f95393aa9a5f1170d4,Extreme Greed,82,2503.747235,39,2192.2302564102565,85496.98,39,0,0.363285,833.141894,0.33504999999999985,1.0,2.0,4.0,0.3333333333333333,3.984689718251049,6.0,14268.358333333332,Greed
2024-02-29,0x75f7eeb85dc639d5e99c78f95393aa9a5f1170d4,Extreme Greed,80,7701.374916,96,1811.39625,173894.04,96,0,0.677026,690.5724,-0.9087779999999999,1.0,3.0,9.0,0.25,2.480345177261249,12.0,13583.421666666667,Greed
2024-02-29,0xb1231a4a2dd02f2276fa3c5e2a2f3436e6bfed23,Extreme Greed,80,1320.804256,3,5775.696666666667,17327.09,3,0,39.1511,781.09836,4.331772,1.0,0.0,4.0,0.0,1.216075725974651,4.0,1875.0,Greed
2024-03-01,0x75f7eeb85dc639d5e99c78f95393aa9a5f1170d4,Extreme Greed,80,8244.241409,128,1868.2340625,239133.96,128,0,0.03764,930.79161,4.129957,1.0,8.0,1.0,0.8888888888888888,1.990078142087368,9.0,25982.304444444442,Greed
2024-03-02,0x75f7eeb85dc639d5e99c78f95393aa9a5f1170d4,Extreme Greed,80,1674.715167,21,1396.172380952381,29319.62,21,0,0.2236,1190.0808,-0.586383,1.0,1.0,2.0,0.3333333333333333,0.44877020658938616,3.0,10311.390000000001,Greed
2024-03-02,0xb1231a4a2dd02f2276fa3c5e2a2f3436e6bfed23,Extreme Greed,80,-1443.814567,7,420.5385714285714,2943.77,0,7,-343.651308,-7.99887,0.735937,0.0,,,,0.72257339964704,,,Greed
2024-03-03,0x75f7eeb85dc639d5e99c78f95393aa9a5f1170d4,Extreme Greed,83,8361.086245,54,3633.865370370371,196228.73,54,0,2.794352,1136.873232,1.3832250000000001,1.0,21.0,4.0,0.84,1.6016145388026166,25.0,7780.678000000001,Greed
2024-03-04,0x75f7eeb85dc639d5e99c78f95393aa9a5f1170d4,Extreme Greed,82,26773.771643,257,3044.480194552529,782431.41,253,4,-0.02808,1476.842122,14.306854,0.9844357976653697,20.0,10.0,0.6666666666666666,2.1130177161831667,30.0,26392.958333333332,Greed
2024-03-04,0xb1231a4a2dd02f2276fa3c5e2a2f3436e6bfed23,Extreme Greed,82,1026.004099,13,290.5161538461538,3776.71,13,0,2.9604,360.646005,0.94417,1.0,,,,0.21378148564094338,,,Greed
2024-03-05,0x75f7eeb85dc639d5e99c78f95393aa9a5f1170d4,Extreme Greed,90,19791.026041,163,2624.1631288343556,427738.58999999997,163,0,0.013566,1198.617088,3.842973,1.0,12.0,5.0,0.7058823529411765,2.4806136042789255,17.0,24357.160588235292,Greed
2024-03-06,0x75f7eeb85dc639d5e99c78f95393aa9a5f1170d4,Extreme Greed,75,6814.825139,72,2281.0998611111113,164239.19,72,0,0.000331,724.526712,-0.09574500000000011,1.0,3.0,7.0,0.3,3.8631916966575863,10.0,16297.882999999998,Greed
2024-03-08,0x75f7eeb85dc639d5e99c78f95393aa9a5f1170d4,Extreme Greed,81,4271.886236,59,1579.5469491525425,93193.27,59,0,0.40464,1026.90364,-1.8638350000000001,1.0,4.0,4.0,0.5,0.9594973455550474,8.0,11298.73875,Greed
2024-03-09,0x75f7eeb85dc639d5e99c78f95393aa9a5f1170d4,Extreme Greed,84,9949.501624,107,3043.1693457943925,325619.12,97,10,-69.5729,907.2105,8.502951,0.9065420560747663,1.0,9.0,0.1,1.8756089316604696,10.0,33255.963,Greed
2024-03-10,0x75f7eeb85dc639d5e99c78f95393aa9a5f1170d4,Extreme Greed,79,2482.9272,38,2861.7223684210526,108745.45,29,9,-504.6976,827.652,4.505637,0.7631578947368421,0.0,4.0,0.0,2.194997315729823,4.0,27807.1,Greed
2024-03-11,0x75f7eeb85dc639d5e99c78f95393aa9a5f1170d4,Extreme Greed,82,3588.179495,39,2257.265384615385,88033.35,39,0,0.66825,939.7575,4.22556,1.0,1.0,2.0,0.3333333333333333,0.9563060465671167,3.0,29495.366666666665,Greed
2024-03-12,0x75f7eeb85dc639d5e99c78f95393aa9a5f1170d4,Extreme Greed,81,3039.166,7,7577.144285714285,53040.009999999995,7,0,5.2767,1215.2933,2.545914,1.0,1.0,0.0,1.0,15.36893802318414,1.0,50000.84,Greed
2024-03-14,0x4f93fead39b70a1824f981a54d4e55b278e9f760,Extreme Greed,88,65.480454,1,6066.28,6066.28,1,0,65.480454,65.480454,2.123198,1.0,,,,0.7822270133098822,,,Greed
2024-03-14,0x75f7eeb85dc639d5e99c78f95393aa9a5f1170d4,Extreme Greed,88,3400.385378,15,6775.572,101633.58,15,0,0.478791,707.152,4.878396,1.0,2.0,0.0,1.0,8.582009424770842,2.0,49116.66,Greed
2024-03-15,0x4f93fead39b70a1824f981a54d4e55b278e9f760,Extreme Greed,83,338.42832,1,10341.75,10341.75,1,0,338.42832,338.42832,3.619613,1.0,7.0,0.0,1.0,0.3864991476620667,7.0,2285.437142857143,Greed
2024-03-15,0x75f7eeb85dc639d5e99c78f95393aa9a5f1170d4,Extreme Greed,83,5509.2545,32,3927.0584375,125665.87,32,0,12.236,1150.658928,7.746663,1.0,2.0,1.0,0.6666666666666666,4.519336687014097,3.0,41326.299999999996,Greed
2024-03-15,0xb1231a4a2dd02f2276fa3c5e2a2f3436e6bfed23,Extreme Greed,83,388.830831,8,4176.4725,33411.78,8,0,1.224,191.73843,11.694117,1.0,3.0,8.0,0.2727272727272727,2.111310765281566,11.0,3863.459090909091,Greed
2024-03-16,0x4f93fead39b70a1824f981a54d4e55b278e9f760,Extreme Greed,81,228.57984,1,6223.28,6223.28,1,0,228.57984,228.57984,2.178147,1.0,5.0,0.0,1.0,0.5801719891581584,5.0,4200.076,Greed
2024-03-17,0x4f93fead39b70a1824f981a54d4e55b278e9f760,Extreme Greed,79,429.683075,4,13561.6675,54246.67,4,0,63.535557,143.45,18.986331,1.0,10.0,0.0,1.0,0.5957455313508203,10.0,3281.668,Greed
2024-03-17,0x75f7eeb85dc639d5e99c78f95393aa9a5f1170d4,Extreme Greed,79,73.61088,6,405.615,2433.69,6,0,0.77696,24.28,0.42455,1.0,0.0,1.0,0.0,0.8028751516115563,1.0,2507.3,Greed
2024-03-18,0x75f7eeb85dc639d5e99c78f95393aa9a5f1170d4,Extreme Greed,77,1244.6384,5,5248.636,26243.18,5,0,0.632,1196.97,8.8177,1.0,1.0,0.0,1.0,0.8873203030242777,1.0,24998.53,Greed
2024-03-18,0xb1231a4a2dd02f2276fa3c5e2a2f3436e6bfed23,Extreme Greed,77,212.3193,1,5214.47,5214.47,1,0,212.3193,212.3193,1.825065,1.0,,,,8.36590726776833,,,Greed
2024-03-19,0x75f7eeb85dc639d5e99c78f95393aa9a5f1170d4,Extreme Greed,79,842.799493,5,18014.602,90073.01,5,0,1.535226,351.33923,8.647007,1.0,0.0,5.0,0.0,30.086194897898316,5.0,18183.18,Greed
2024-03-19,0xb1231a4a2dd02f2276fa3c5e2a2f3436e6bfed23,Extreme Greed,79,-174.00152,2,4913.825,9827.65,0,2,-147.07672,-26.9248,3.439678,0.0,8.0,0.0,1.0,2.0154981549815503,8.0,2500.09625,Greed
2024-03-20,0x75f7eeb85dc639d5e99c78f95393aa9a5f1170d4,Greed,74,2593.147623,56,1287.8389285714286,72118.98,56,0,0.78568,433.8228,9.848233,1.0,1.0,2.0,0.3333333333333333,1.0518163561529437,3.0,24081.153333333332,Greed
2024-03-20,0xb1231a4a2dd02f2276fa3c5e2a2f3436e6bfed23,Greed,74,3829.986976,4,10959.12,43836.48,4,0,110.1864,2500.9575,15.342767,1.0,6.0,0.0,1.0,8.445218995668217,6.0,4584.488333333334,Greed
2024-03-21,0x75f7eeb85dc639d5e99c78f95393aa9a5f1170d4,Extreme Greed,78,2097.182,22,2177.5227272727275,47905.5,22,0,0.6412,727.3498,4.59891,1.0,0.0,1.0,0.0,1.5601574771837035,1.0,50002.68,Greed
2024-03-21,0xb1231a4a2dd02f2276fa3c5e2a2f3436e6bfed23,Extreme Greed,78,238.326075,1,5240.76,5240.76,1,0,238.326075,238.326075,1.834265,1.0,3.0,0.0,1.0,3.6292154660677047,3.0,1667.4833333333336,Greed
2024-03-24,0x75f7eeb85dc639d5e99c78f95393aa9a5f1170d4,Greed,74,1297.018477,15,3043.171333333333,45647.57,15,0,8.401008,269.882382,4.382155,1.0,0.0,4.0,0.0,5.137852186188933,4.0,11736.16,Greed
2024-03-25,0x4f93fead39b70a1824f981a54d4e55b278e9f760,Extreme Greed,75,1302.916428,6,9019.411666666667,54116.47,6,0,46.475811,519.914958,18.940764,1.0,0.0,1.0,0.0,0.801636076202364,1.0,2999.85,Greed
2024-03-26,0x4f93fead39b70a1824f981a54d4e55b278e9f760,Extreme Greed,81,20.599193,1,5980.04,5980.04,1,0,20.599193,20.599193,2.093015,1.0,5.0,1.0,0.8333333333333334,0.38886209662236915,6.0,3001.0499999999997,Greed
2024-03-26,0x75f7eeb85dc639d5e99c78f95393aa9a5f1170d4,Extreme Greed,81,3195.3074,109,815.4777064220183,88887.06999999999,109,0,0.01136,303.39152,11.525779,1.0,2.0,0.0,1.0,0.9958443520967132,2.0,42845.89,Greed
2024-03-27,0x4f93fead39b70a1824f981a54d4e55b278e9f760,Extreme Greed,83,189.192,12,3004.340833333333,36052.09,12,0,0.163326,65.20106,12.618229,1.0,9.0,6.0,0.6,0.2084346639776974,15.0,3400.934,Greed
2024-03-27,0x75f7eeb85dc639d5e99c78f95393aa9a5f1170d4,Extreme Greed,83,-38.78086,7,916.96,6418.72,0,7,-22.07966,-0.00016,0.62427,0.0,3.0,1.0,0.75,0.022488219036446426,4.0,1594.9924999999998,Greed
2024-03-28,0x75f7eeb85dc639d5e99c78f95393aa9a5f1170d4,Extreme Greed,80,227.85100799999998,9,837.8866666666667,7540.98,9,0,11.083072,73.512824,1.308561,1.0,0.0,1.0,0.0,1.0239198297973873,1.0,7768.85,Greed
2024-03-29,0x4f93fead39b70a1824f981a54d4e55b278e9f760,Extreme Greed,79,883.097404,6,8985.483333333334,53912.9,6,0,16.68348,269.996916,18.869515999999997,1.0,9.0,0.0,1.0,0.3890013590986108,9.0,3666.83,Greed
2024-03-30,0x75f7eeb85dc639d5e99c78f95393aa9a5f1170d4,Extreme Greed,75,1100.57514,44,1161.415,51102.26,44,0,0.00424,322.2605,5.139295,1.0,1.0,0.0,1.0,0.98659853259897,1.0,50001.66,Greed
2024-03-31,0x4f93fead39b70a1824f981a54d4e55b278e9f760,Extreme Greed,75,912.786145,10,3091.419,30914.19,10,0,2.67825,298.560597,10.819956000000001,1.0,0.0,3.0,0.0,0.07016894601515898,3.0,2999.59,Greed
2024-04-01,0x4f93fead39b70a1824f981a54d4e55b278e9f760,Extreme Greed,79,0.840939,2,8998.539999999999,17997.079999999998,2,0,0.367166,0.473773,6.298978,1.0,23.0,4.0,0.8518518518518519,0.29530092300074534,27.0,4333.050370370371,Greed
2024-04-01,0x75f7eeb85dc639d5e99c78f95393aa9a5f1170d4,Extreme Greed,79,2465.273847,40,1652.122,66084.88,39,1,-39.89049,520.46316,13.972204,0.975,6.0,1.0,0.8571428571428571,1.5433658759668343,7.0,14357.094285714285,Greed
2024-04-02,0x4f93fead39b70a1824f981a54d4e55b278e9f760,Extreme Greed,79,883.760812,12,11222.843333333332,134674.12,12,0,0.0858,448.88615,47.135934,1.0,3.0,22.0,0.12,0.4256402850238681,25.0,3599.62,Greed
2024-04-03,0x75f7eeb85dc639d5e99c78f95393aa9a5f1170d4,Greed,71,126.7884,1,3507.35,3507.35,1,0,126.7884,126.7884,0.336704,1.0,1.0,0.0,1.0,6.847781997494681,1.0,3380.56,Greed
2024-04-05,0x4f93fead39b70a1824f981a54d4e55b278e9f760,Extreme Greed,79,4444.4983010000005,7,22076.25,154533.75,7,0,0.47315,2301.591116,54.086805000000005,1.0,3.0,0.0,1.0,0.9669806089896509,3.0,5999.2733333333335,Greed
2024-04-05,0x75f7eeb85dc639d5e99c78f95393aa9a5f1170d4,Extreme Greed,79,5296.433789,75,2070.6101333333336,155295.76,75,0,0.01025,809.943209,19.556384,1.0,7.0,0.0,1.0,1.1859702145427793,7.0,21428.484285714287,Greed
2024-04-05,0xb1231a4a2dd02f2276fa3c5e2a2f3436e6bfed23,Extreme Greed,79,965.5522159999999,8,3245.635,25965.08,8,0,10.89836,487.4539,9.087776999999999,1.0,,,,1.7278276913203916,,,Greed
2024-04-06,0x4f93fead39b70a1824f981a54d4e55b278e9f760,Extreme Greed,75,236.33513399999998,4,4558.530000000001,18234.120000000003,4,0,1.288683,161.971138,6.381939,1.0,0.0,12.0,0.0,0.2910714700185941,12.0,4165.795833333334,Greed
2024-04-08,0x75f7eeb85dc639d5e99c78f95393aa9a5f1170d4,Extreme Greed,76,1218.4267,1,23777.92,23777.92,1,0,1218.4267,1218.4267,2.28268,1.0,0.0,1.0,0.0,48.49011790905294,1.0,24996.35,Greed
2024-04-10,0x4f93fead39b70a1824f981a54d4e55b278e9f760,Extreme Greed,78,5207.443414,36,9103.823611111111,327737.64999999997,36,0,0.309546,1048.800788,114.708154,1.0,5.0,0.0,1.0,0.5156592917729403,5.0,4799.664,Greed
2024-04-11,0x4f93fead39b70a1824f981a54d4e55b278e9f760,Extreme Greed,76,389.743164,2,12196.82,24393.64,2,0,137.992705,251.750459,8.537773999999999,1.0,14.0,0.0,1.0,0.2440168713911032,14.0,3714.808571428571,Greed
2024-04-12,0x75f7eeb85dc639d5e99c78f95393aa9a5f1170d4,Extreme Greed,79,2237.798674,86,1535.4051162790697,132044.84,71,15,-187.028816,456.76361,22.016582,0.8255813953488372,7.0,0.0,1.0,1.6382001471377725,7.0,18543.867142857143,Greed
2024-04-12,0xb1231a4a2dd02f2276fa3c5e2a2f3436e6bfed23,Extreme Greed,79,-2830.444513,15,2021.84,30327.6,0,15,-884.134485,-2.905,10.614658,0.0,,,,2.257323921065298,,,Greed
2024-04-13,0x75f7eeb85dc639d5e99c78f95393aa9a5f1170d4,Greed,72,6621.451755,61,2705.9149180327868,165060.81,61,0,0.61506,1253.863356,37.919555,1.0,6.0,4.0,0.6,2.459527170779234,10.0,16516.174,Greed
2024-04-14,0x4f93fead39b70a1824f981a54d4e55b278e9f760,Greed,72,-36565.98544,41,8134.310731707317,333506.74,3,38,-21524.4,698.98149,116.72735,0.07317073170731707,23.0,0.0,1.0,0.18217143726612287,23.0,11098.226086956522,Greed
2024-04-14,0x75f7eeb85dc639d5e99c78f95393aa9a5f1170d4,Greed,72,461.97292000000004,33,1060.8024242424244,35006.48,30,3,-80.92376,249.88946,3.976467,0.9090909090909091,3.0,7.0,0.3,0.6162686656194699,10.0,3538.975,Greed
2024-04-15,0x75f7eeb85dc639d5e99c78f95393aa9a5f1170d4,Greed,74,3774.08872,35,3459.928857142857,121097.51,35,0,0.024911,622.8537,11.625753,1.0,2.0,1.0,0.6666666666666666,2.365011035332949,3.0,39999.909999999996,Greed
2024-04-16,0x3998f134d6aaa2b6a5f723806d00fd2bbbbce891,Greed,65,0.0,1,91.08,91.08,0,0,0.0,0.0,0.030602,,,,,0.2006344171292625,,,Greed
2024-04-16,0x75f7eeb85dc639d5e99c78f95393aa9a5f1170d4,Greed,65,2467.702221,44,2086.6252272727274,91811.51000000001,43,0,0.0,454.89438,9.786645,1.0,1.0,1.0,0.5,1.2435328972222774,2.0,45002.29,Greed
2024-04-17,0x75f7eeb85dc639d5e99c78f95393aa9a5f1170d4,Greed,67,2441.4683999999997,13,3658.5207692307695,47560.770000000004,13,0,16.1925,628.0905,5.820749999999999,1.0,0.0,1.0,0.0,2.2518541347702463,1.0,50002.22,Greed
2024-04-19,0x4f93fead39b70a1824f981a54d4e55b278e9f760,Greed,66,1946.4454620000001,27,11157.595185185186,301255.07,27,0,0.1654,536.40432,105.439269,1.0,5.0,3.0,0.625,0.7423205770624387,8.0,4500.35625,Greed
2024-04-23,0x4f93fead39b70a1824f981a54d4e55b278e9f760,Greed,71,759.2148159999999,31,4085.856451612903,126661.55,31,0,0.042048,523.24804,44.331524,1.0,19.0,4.0,0.8260869565217391,0.12377339416180753,23.0,2869.431304347826,Greed
2024-04-23,0x75f7eeb85dc639d5e99c78f95393aa9a5f1170d4,Greed,71,296.56570999999997,3,3245.2233333333334,9735.67,3,0,25.22142,222.452,0.93462,1.0,0.0,8.0,0.0,2.33047342572525,8.0,2339.73625,Greed
2024-04-24,0x4f93fead39b70a1824f981a54d4e55b278e9f760,Greed,72,279.185907,7,6896.475714285714,48275.33,6,1,-13.773933,192.028,16.896363,0.8571428571428571,13.0,0.0,1.0,0.9610174671250294,13.0,7153.839230769231,Greed
2024-04-26,0xb1231a4a2dd02f2276fa3c5e2a2f3436e6bfed23,Greed,70,0.0,3,1662.7633333333335,4988.290000000001,0,0,0.0,0.0,1.745898,,,,,1.0588480667415372,,,Greed
2024-04-27,0x4f93fead39b70a1824f981a54d4e55b278e9f760,Greed,67,4281.488139,19,7171.674210526316,136261.81,19,0,7.65225,706.961342,47.691624,1.0,0.0,8.0,0.0,0.3775753887099395,8.0,2250.3325,Greed
2024-04-28,0xb1231a4a2dd02f2276fa3c5e2a2f3436e6bfed23,Greed,65,0.0,50,339.7238,16986.19,0,0,0.0,0.0,5.945152,,,,,0.2703673993261672,,,Greed
2024-04-29,0x4f93fead39b70a1824f981a54d4e55b278e9f760,Greed,67,526.9338359999999,17,3498.3164705882355,59471.380000000005,17,0,0.5798,171.041,20.814971,1.0,7.0,7.0,0.5,0.06197695979698626,14.0,3214.557857142857,Greed
2024-04-29,0xb1231a4a2dd02f2276fa3c5e2a2f3436e6bfed23,Greed,67,0.0,14,301.70142857142855,4223.82,0,0,0.0,0.0,1.478329,,,,,0.35413925878389224,,,Greed
2024-05-03,0x4f93fead39b70a1824f981a54d4e55b278e9f760,Neutral,48,5319.861625,16,15460.701874999999,247371.22999999998,16,0,0.6559,1150.20087,86.579927,1.0,0.0,7.0,0.0,1.1460308904803782,7.0,4286.0085714285715,Neutral
2024-05-03,0x75f7eeb85dc639d5e99c78f95393aa9a5f1170d4,Neutral,48,-13.844579999999999,3,57.39666666666667,172.19,1,2,-13.155237,0.0189,0.057856,0.3333333333333333,1.0,3.0,0.25,0.09695186208816335,4.0,39.58,Neutral
2024-05-03,0xb1231a4a2dd02f2276fa3c5e2a2f3436e6bfed23,Neutral,48,0.0,6,829.8083333333334,4978.85,0,0,0.0,0.0,1.742594,,,,,0.7002406545804589,,,Neutral
2024-05-05,0x75f7eeb85dc639d5e99c78f95393aa9a5f1170d4,Greed,69,0.916,1,40.69,40.69,1,0,0.916,0.916,0.013672,1.0,0.0,1.0,0.0,0.08182053168432982,1.0,41.61,Greed
2024-05-06,0x4f93fead39b70a1824f981a54d4e55b278e9f760,Greed,71,968.59038,4,33504.585,134018.34,4,0,13.572,725.22282,46.906418,1.0,4.0,1.0,0.8,1.8551270512202231,5.0,14399.617999999999,Greed
2024-05-07,0x4f93fead39b70a1824f981a54d4e55b278e9f760,Greed,68,656.21704,7,8985.820000000002,62900.740000000005,7,0,19.00368,130.6,22.015259,1.0,1.0,2.0,0.3333333333333333,0.7943376908734079,3.0,12000.173333333334,Greed
2024-05-07,0xb1231a4a2dd02f2276fa3c5e2a2f3436e6bfed23,Greed,68,227.320653,7,1395.532857142857,9768.73,2,0,0.0,114.244335,3.419052,1.0,,,,1.0041713460612867,,,Greed
2024-05-08,0x75f7eeb85dc639d5e99c78f95393aa9a5f1170d4,Greed,64,1.56576,2,44.765,89.53,1,1,-3.17364,4.7394,0.030081,0.5,1.0,0.0,1.0,0.09281609766766746,1.0,49.85,Greed
2024-05-09,0x4f93fead39b70a1824f981a54d4e55b278e9f760,Greed,55,1147.595856,11,12362.162727272727,135983.79,11,0,0.844608,306.38664,47.594322,1.0,9.0,5.0,0.6428571428571429,0.48585325345512786,14.0,5786.199285714285,Greed
2024-05-09,0xb1231a4a2dd02f2276fa3c5e2a2f3436e6bfed23,Greed,55,0.0,3,1658.5133333333333,4975.54,0,0,0.0,0.0,1.741438,,,,,0.05767688111663726,,,Greed
2024-05-10,0x4f93fead39b70a1824f981a54d4e55b278e9f760,Greed,66,2101.741695,6,10148.978333333333,60893.869999999995,6,0,34.425523,846.923816,21.312855,1.0,10.0,6.0,0.625,0.6463061917644299,16.0,5999.258125,Greed
2024-05-11,0x4f93fead39b70a1824f981a54d4e55b278e9f760,Neutral,53,251.604742,9,7027.661111111111,63248.95,9,0,0.090771,112.300146,22.137125,1.0,,,,0.19347942139020058,,,Neutral
2024-05-12,0xb1231a4a2dd02f2276fa3c5e2a2f3436e6bfed23,Greed,56,0.0,6,829.7800000000001,4978.68,0,0,0.0,0.0,1.7425329999999999,,7.0,0.0,1.0,1.1781646077330339,7.0,742.3199999999999,Greed
2024-05-13,0x4f93fead39b70a1824f981a54d4e55b278e9f760,Greed,57,2136.853859,10,8614.639,86146.39,10,0,2.476656,1241.174198,30.151231,1.0,5.0,10.0,0.3333333333333333,0.5520738503753639,15.0,6799.846666666666,Greed
2024-05-13,0xb1231a4a2dd02f2276fa3c5e2a2f3436e6bfed23,Greed,57,0.0,3,1658.2700000000002,4974.81,0,0,0.0,0.0,1.741183,,,,,0.6187068827210012,,,Greed
2024-05-14,0x4f93fead39b70a1824f981a54d4e55b278e9f760,Greed,66,1150.5233050000002,4,15460.5575,61842.23,4,0,27.9062,791.643125,21.644779,1.0,19.0,0.0,1.0,0.44528403097816416,19.0,4421.640526315789,Greed
2024-05-15,0x4f93fead39b70a1824f981a54d4e55b278e9f760,Greed,64,948.970582,17,8524.49705882353,144916.45,17,0,4.338208,184.824631,50.720748,1.0,9.0,10.0,0.47368421052631576,0.8191708982687611,19.0,4737.164210526315,Greed
2024-05-16,0x4f93fead39b70a1824f981a54d4e55b278e9f760,Greed,70,214.5898,5,12556.628,62783.14,5,0,2.896398,76.95,21.974099,1.0,9.0,10.0,0.47368421052631576,0.2633343821001297,19.0,5052.513157894737,Greed
2024-05-16,0xb1231a4a2dd02f2276fa3c5e2a2f3436e6bfed23,Greed,70,0.0,3,1280.0233333333333,3840.0699999999997,0,0,0.0,0.0,1.344025,,,,,1.0236483234397562,,,Greed
2024-05-18,0x4f93fead39b70a1824f981a54d4e55b278e9f760,Greed,73,3522.3946610000003,16,6019.06625,96305.06,16,0,0.0569,804.35,33.706768,1.0,0.0,9.0,0.0,0.5189126179540279,9.0,3333.1200000000003,Greed
2024-05-20,0xb1231a4a2dd02f2276fa3c5e2a2f3436e6bfed23,Greed,70,-74.818442,3,1707.1166666666668,5121.35,0,3,-56.206644,-4.084523,1.792472,0.0,,,,2.1466869886090167,,,Greed
2024-05-21,0x4f93fead39b70a1824f981a54d4e55b278e9f760,Extreme Greed,76,6017.309216,7,15006.824285714287,105047.77,7,0,3.358,4552.630795,36.766717,1.0,11.0,35.0,0.2391304347826087,0.9025781610647906,46.0,8197.395,Greed
2024-05-21,0xb1231a4a2dd02f2276fa3c5e2a2f3436e6bfed23,Extreme Greed,76,1272.088356,18,15388.773888888889,276997.93,7,11,-105.925096,1037.092788,96.949265,0.3888888888888889,7.0,47.0,0.12962962962962962,3.937269372693727,54.0,6330.05037037037,Greed
2024-05-23,0x8477e447846c758f5a675856001ea72298fd9cb5,Extreme Greed,76,411.918354,155,1151.0834193548387,178417.93,144,11,-63.467415,44.111712,37.172803,0.9290322580645162,58.0,91.0,0.38926174496644295,1.4104292515101813,149.0,995.120067114094,Greed
2024-05-24,0xb1231a4a2dd02f2276fa3c5e2a2f3436e6bfed23,Greed,74,821.949278,2,25405.949999999997,50811.899999999994,2,0,230.562623,591.386655,17.784165,1.0,,,,40.76038825605647,,,Greed
2024-05-25,0x8477e447846c758f5a675856001ea72298fd9cb5,Extreme Greed,76,14.126038999999999,5,496.98199999999997,2484.91,5,0,0.545072,5.005062,0.6197170000000001,1.0,0.0,9.0,0.0,0.7061347361683402,9.0,277.6744444444445,Greed
2024-05-26,0x8477e447846c758f5a675856001ea72298fd9cb5,Extreme Greed,75,5.2257,2,247.33,494.66,2,0,0.00284,5.22286,0.049491,1.0,0.0,5.0,0.0,0.9892187062447494,5.0,543.712,Greed
2024-05-26,0xb1231a4a2dd02f2276fa3c5e2a2f3436e6bfed23,Extreme Greed,75,773.4582,2,12890.305,25780.61,2,0,35.02737,738.43083,9.023212,1.0,0.0,7.0,0.0,7.761960532648805,7.0,3568.977142857143,Greed
2024-05-27,0x8477e447846c758f5a675856001ea72298fd9cb5,Greed,74,1129.35587,93,818.3038709677419,76102.26,90,3,-2.329998,61.801137,19.577826,0.967741935483871,0.0,158.0,0.0,0.9998399807976958,158.0,474.7687341772152,Greed
2024-05-29,0x8477e447846c758f5a675856001ea72298fd9cb5,Greed,72,277.791953,71,370.9533802816901,26337.69,68,3,-0.528,47.781728,8.019895,0.9577464788732394,3.0,85.0,0.03409090909090909,0.49885986318358205,88.0,310.9514772727273,Greed
2024-05-30,0x8477e447846c758f5a675856001ea72298fd9cb5,Greed,73,20.951433,5,356.664,1783.32,5,0,0.42586,9.68248,0.624159,1.0,0.0,2.0,0.0,0.9863983678041365,2.0,527.385,Greed
2024-05-31,0x8477e447846c758f5a675856001ea72298fd9cb5,Greed,73,25.35812,4,451.34499999999997,1805.3799999999999,4,0,1.902654,12.812366,0.63188,1.0,0.0,9.0,0.0,0.4439132695923511,9.0,203.4177777777778,Greed
2024-06-01,0x8477e447846c758f5a675856001ea72298fd9cb5,Greed,72,91.510419,9,707.9477777777779,6371.530000000001,9,0,0.187701,32.44217,2.230032,1.0,0.0,16.0,0.0,0.6660799295915509,16.0,403.943125,Greed
2024-06-02,0x8477e447846c758f5a675856001ea72298fd9cb5,Greed,73,192.906947,34,314.79617647058825,10703.07,34,0,0.308654,33.4152,2.4698539999999998,1.0,0.0,59.0,0.0,0.4439332719926391,59.0,317.99050847457625,Greed
2024-06-03,0x8477e447846c758f5a675856001ea72298fd9cb5,Greed,73,562.808208,44,326.9259090909091,14384.74,44,0,0.491125,58.06632,3.809341,1.0,0.0,26.0,0.0,0.44395327439292714,26.0,272.3892307692308,Greed
2024-06-04,0x8477e447846c758f5a675856001ea72298fd9cb5,Greed,73,52.211438,25,483.8248,12095.619999999999,25,0,0.07738,16.192795,3.181231,1.0,0.0,28.0,0.0,0.6809417130055607,28.0,433.8496428571429,Greed
2024-06-05,0x8477e447846c758f5a675856001ea72298fd9cb5,Extreme Greed,75,56.055506,17,743.9611764705883,12647.34,16,1,-0.00696,16.622865,3.0455900000000002,0.9411764705882353,0.0,37.0,0.0,1.053786454374525,37.0,343.335945945946,Greed
2024-06-06,0x8477e447846c758f5a675856001ea72298fd9cb5,Extreme Greed,78,274.173187,102,672.9640196078432,68642.33,100,2,-0.335041,43.448544,13.347483,0.9803921568627451,1.0,131.0,0.007575757575757576,1.1093631235748291,132.0,522.0865909090909,Greed
2024-06-07,0x4f93fead39b70a1824f981a54d4e55b278e9f760,Extreme Greed,77,7329.223137999999,30,19111.21933333333,573336.58,30,0,0.13731,1286.108918,200.667795,1.0,9.0,13.0,0.4090909090909091,1.2287257225530424,22.0,9665.278181818181,Greed
2024-06-07,0x8477e447846c758f5a675856001ea72298fd9cb5,Extreme Greed,77,1573.244278,148,1045.4302027027027,154723.66999999998,146,2,-0.2232,125.28601,43.598559,0.9864864864864865,45.0,181.0,0.19911504424778761,0.887776533183982,226.0,693.8330088495576,Greed
2024-06-08,0x8477e447846c758f5a675856001ea72298fd9cb5,Greed,72,129.13883900000002,8,3487.98125,27903.85,8,0,1.979694,70.534575,9.766341,1.0,14.0,0.0,1.0,3.078739448733848,14.0,1746.0985714285714,Greed
2024-06-10,0x8477e447846c758f5a675856001ea72298fd9cb5,Greed,72,31.266804999999998,18,626.5644444444445,11278.16,18,0,0.0124,10.38978,2.337933,1.0,0.0,31.0,0.0,1.0001800216025922,31.0,364.8216129032258,Greed
2024-06-11,0x8477e447846c758f5a675856001ea72298fd9cb5,Greed,74,51.081143,9,1047.7522222222224,9429.77,9,0,0.440361,16.288016,3.300414,1.0,18.0,0.0,1.0,1.1088730647677723,18.0,521.0383333333334,Greed
2024-06-11,0xb1231a4a2dd02f2276fa3c5e2a2f3436e6bfed23,Greed,74,4269.550668,8,3126.83,25014.64,8,0,2.608953,1151.109612,8.755120999999999,1.0,6.0,0.0,1.0,0.0640141184020536,6.0,8333.406666666666,Greed
2024-06-12,0x8477e447846c758f5a675856001ea72298fd9cb5,Greed,72,-21886.531493,78,1370.342435897436,106886.71,21,57,-2806.5,7.8888,35.24582,0.2692307692307692,0.0,139.0,0.0,1.109293115173821,139.0,611.5128057553957,Greed
2024-06-13,0x75f7eeb85dc639d5e99c78f95393aa9a5f1170d4,Greed,70,-1.40304,1,11.97,11.97,0,1,-1.40304,-1.40304,0.00402,0.0,,,,0.023800528900642236,,,Greed
2024-06-13,0xb1231a4a2dd02f2276fa3c5e2a2f3436e6bfed23,Greed,70,6634.160155,19,4212.485263157895,80037.22,19,0,3.235635,1026.964008,28.013017,1.0,1.0,0.0,1.0,0.030162040750842292,1.0,49999.74,Greed
2024-06-14,0xb1231a4a2dd02f2276fa3c5e2a2f3436e6bfed23,Greed,74,10258.592609,15,2791.98,41879.7,15,0,4.112304,4908.891554,4.657957000000001,1.0,,,,0.8254452109738489,,,Greed
2024-06-15,0x4f93fead39b70a1824f981a54d4e55b278e9f760,Greed,74,2084.433906,29,16692.94172413793,484095.31,29,0,2.169972,430.823372,169.43335199999999,1.0,9.0,0.0,1.0,1.4075742023999567,9.0,12000.257777777779,Greed
2024-06-15,0xb1231a4a2dd02f2276fa3c5e2a2f3436e6bfed23,Greed,74,1285.5244400000001,9,5698.362222222222,51285.26,9,0,12.5888,501.64296,17.949838,1.0,0.0,31.0,0.0,4.372260548692443,31.0,2418.301935483871,Greed
2024-06-17,0x4f93fead39b70a1824f981a54d4e55b278e9f760,Greed,71,1268.7590360000002,5,23696.701999999997,118483.51,4,1,-107.18565,1147.539904,41.469228,0.8,7.0,2.0,0.7777777777777778,1.7415855806600526,9.0,14889.785555555556,Greed
2024-06-17,0xb1231a4a2dd02f2276fa3c5e2a2f3436e6bfed23,Greed,71,9330.743339,21,4327.215714285714,90871.53,21,0,4.38948,706.484502,31.805025,1.0,3.0,0.0,1.0,7.395708326648484,3.0,8339.003333333334,Greed
2024-06-18,0xb1231a4a2dd02f2276fa3c5e2a2f3436e6bfed23,Greed,74,282.57636,4,6324.8775000000005,25299.510000000002,4,0,40.043564,118.923508,8.854829,1.0,14.0,0.0,1.0,10.237068827210013,14.0,12501.218571428572,Greed
2024-06-19,0x4f93fead39b70a1824f981a54d4e55b278e9f760,Greed,64,2053.973644,17,11180.089411764706,190061.52,17,0,0.399945,830.272702,66.52153,1.0,,,,0.2591571525465691,,,Greed
2024-06-19,0xb1231a4a2dd02f2276fa3c5e2a2f3436e6bfed23,Greed,64,2833.6833,37,4833.548378378378,178841.29,14,0,0.0,665.07168,62.594435000000004,1.0,0.0,4.0,0.0,0.17882239691962137,4.0,6249.98,Greed
2024-06-20,0xb1231a4a2dd02f2276fa3c5e2a2f3436e6bfed23,Greed,60,0.0,23,43.10130434782609,991.3299999999999,0,0,0.0,0.0,0.346952,,0.0,4.0,0.0,0.037076849029359864,4.0,1873.59,Greed
2024-06-21,0x4f93fead39b70a1824f981a54d4e55b278e9f760,Greed,63,773.5582039999999,3,9741.256666666666,29223.769999999997,3,0,158.688406,428.429798,10.228318999999999,1.0,8.0,0.0,1.0,0.7730344004105665,8.0,5624.06375,Greed
2024-06-22,0xb1231a4a2dd02f2276fa3c5e2a2f3436e6bfed23,Neutral,53,756.876565,20,3829.7084999999997,76594.17,8,0,0.0,264.525,26.733321,1.0,1.0,0.0,1.0,0.19059842772340768,1.0,74999.89,Neutral
2024-06-23,0xb1231a4a2dd02f2276fa3c5e2a2f3436e6bfed23,Greed,55,0.0,5,358.424,1792.12,0,0,0.0,0.0,0.17921199999999998,,,,,0.6386812128990855,,,Greed
2024-06-24,0xb1231a4a2dd02f2276fa3c5e2a2f3436e6bfed23,Neutral,51,0.0,6,165.93166666666664,995.5899999999999,0,0,0.0,0.0,0.348452,,4.0,0.0,1.0,0.5710893630675438,4.0,37499.96,Neutral
2024-06-25,0xb1231a4a2dd02f2276fa3c5e2a2f3436e6bfed23,Fear,30,4869.353105,32,1722.7678125,55128.57,11,0,0.0,814.205195,19.294984,1.0,0.0,17.0,0.0,0.7982672870206964,17.0,2821.794705882353,Fear
2024-06-26,0x4f93fead39b70a1824f981a54d4e55b278e9f760,Neutral,46,4197.732182,21,15199.869523809524,319197.26,21,0,1.242068,1325.56024,111.71903,1.0,0.0,10.0,0.0,0.9672694496811148,10.0,4499.758,Neutral
2024-06-29,0x4f93fead39b70a1824f981a54d4e55b278e9f760,Fear,30,1842.738325,13,14886.987692307692,193530.84,13,0,6.011334,454.891252,67.735786,1.0,4.0,0.0,1.0,0.8704678445521294,4.0,7500.032499999999,Fear
2024-06-29,0xb1231a4a2dd02f2276fa3c5e2a2f3436e6bfed23,Fear,30,4307.587820000001,50,1121.2346,56061.729999999996,11,0,0.0,687.45648,19.567242,1.0,,,,0.10357773142948822,,,Fear
2024-06-30,0xb1231a4a2dd02f2276fa3c5e2a2f3436e6bfed23,Neutral,47,0.0,9,39.81888888888889,358.37,0,0,0.0,0.0,0.035834,,,,,0.024065458045884808,,,Neutral
2024-07-01,0x4f93fead39b70a1824f981a54d4e55b278e9f760,Neutral,53,1202.488212,9,5466.722222222223,49200.5,9,0,1.31274,912.61073,17.220170999999997,1.0,2.0,2.0,0.5,0.8935235211743437,4.0,12000.0125,Neutral
2024-07-01,0xb1231a4a2dd02f2276fa3c5e2a2f3436e6bfed23,Neutral,53,3863.351096,32,7190.488125,230095.62,17,0,0.0,759.282417,80.28491,1.0,0.0,15.0,0.0,0.3982031124659073,15.0,2331.673333333333,Neutral
2024-07-02,0xb1231a4a2dd02f2276fa3c5e2a2f3436e6bfed23,Neutral,51,2421.253116,13,2544.1861538461535,33074.42,13,0,0.3,621.874088,11.45143,1.0,,,,0.3506337237285417,,,Neutral
2024-07-03,0x4f93fead39b70a1824f981a54d4e55b278e9f760,Neutral,50,1118.387284,4,7220.724999999999,28882.899999999998,4,0,142.361646,387.745268,10.109013000000001,1.0,6.0,0.0,1.0,1.280690612935421,6.0,12499.529999999999,Neutral
2024-07-06,0xb1231a4a2dd02f2276fa3c5e2a2f3436e6bfed23,Fear,26,108.87217799999999,7,230.9628571428571,1616.7399999999998,7,0,1.580158,33.645062,0.56586,1.0,,,,0.09603722124177765,,,Fear
2024-07-07,0xb1231a4a2dd02f2276fa3c5e2a2f3436e6bfed23,Fear,29,61.428942,10,49.875,498.75,10,0,2.457158,12.285788,0.049875,1.0,,,,0.0640141184020536,,,Fear
2024-07-09,0xb1231a4a2dd02f2276fa3c5e2a2f3436e6bfed23,Fear,27,648.984412,15,182.42999999999998,2736.45,15,0,3.083593,151.089818,0.39756800000000003,1.0,,,,0.31734317343173435,,,Fear
2024-07-10,0x4f93fead39b70a1824f981a54d4e55b278e9f760,Fear,28,11595.627026,33,18542.841515151515,611913.77,33,0,16.743974,1884.905224,214.169793,1.0,10.0,0.0,1.0,1.31026003399036,10.0,6000.334000000001,Fear
2024-07-10,0xb1231a4a2dd02f2276fa3c5e2a2f3436e6bfed23,Fear,28,382.10788099999996,5,198.888,994.44,5,0,2.516599,154.000489,0.34804799999999997,1.0,0.0,8.0,0.0,0.8075565538264079,8.0,1873.5825,Fear
2024-07-11,0x4f93fead39b70a1824f981a54d4e55b278e9f760,Fear,29,1876.812082,9,9542.34888888889,85881.14,9,0,4.354147,491.704106,30.058394,1.0,10.0,0.0,1.0,1.1576051496168993,10.0,8400.588,Fear
2024-07-12,0xb1231a4a2dd02f2276fa3c5e2a2f3436e6bfed23,Fear,25,1412.314654,9,1508.48,13576.32,9,0,21.751275,337.612995,4.751705,1.0,,,,2.4231991015562335,,,Fear
2024-07-13,0x4f93fead39b70a1824f981a54d4e55b278e9f760,Fear,25,2678.839374,13,10668.462307692309,138690.01,13,0,8.227551,571.787349,48.541495,1.0,,,,0.8883063361847755,,,Fear
2024-07-13,0xb1231a4a2dd02f2276fa3c5e2a2f3436e6bfed23,Fear,25,234.778463,4,124.795,499.18,4,0,12.277993,126.808826,0.174715,1.0,,,,0.1632761110219798,,,Fear
2024-07-15,0x271b280974205ca63b716753467d5a371de622ab,Neutral,52,-1.0,2,7588.0,15176.0,0,2,-0.6204,-0.3796,5.099134,0.0,0.0,3.0,0.0,5.16025905157742,3.0,5058.333333333333,Neutral
2024-07-17,0x8477e447846c758f5a675856001ea72298fd9cb5,Greed,69,1859.269477,155,1383.5669677419355,214452.88,145,10,-1.382964,79.661874,62.558596,0.9354838709677419,0.0,180.0,0.0,1.9988798655838702,180.0,1314.5981111111112,Greed
2024-07-18,0x4f93fead39b70a1824f981a54d4e55b278e9f760,Greed,61,2569.979964,41,13618.511707317073,558358.98,41,0,1.575423,180.392145,195.425622,1.0,12.0,0.0,1.0,0.6446821076086313,12.0,6999.760833333334,Greed
2024-07-18,0x8477e447846c758f5a675856001ea72298fd9cb5,Greed,61,1233.9043470000001,7,1049.82,7348.74,7,0,23.563635,430.746822,2.572057,1.0,,,,1.0015201824218907,,,Greed
2024-07-19,0x4f93fead39b70a1824f981a54d4e55b278e9f760,Greed,60,2120.091364,11,7828.832727272727,86117.16,11,0,12.29371,738.043853,30.141006,1.0,0.0,5.0,0.0,0.9951928656349209,5.0,12001.108,Greed
2024-07-19,0x8477e447846c758f5a675856001ea72298fd9cb5,Greed,60,35.79975,1,1035.53,1035.53,1,0,35.79975,35.79975,0.362435,1.0,1.0,5.0,0.16666666666666666,1.6628395407448895,6.0,518.5316666666666,Greed
2024-07-20,0x4f93fead39b70a1824f981a54d4e55b278e9f760,Greed,74,129.66130099999998,4,14968.94,59875.76,4,0,5.352255,60.040698,20.956515000000003,1.0,5.0,0.0,1.0,1.0831113300340163,5.0,8000.782000000001,Greed
2024-07-20,0x8477e447846c758f5a675856001ea72298fd9cb5,Greed,74,2169.508265,32,924.615625,29587.7,29,3,-4.320032,587.303012,9.835434,0.90625,0.0,225.0,0.0,0.9597551706204744,225.0,510.64373333333333,Greed
2024-07-21,0x8477e447846c758f5a675856001ea72298fd9cb5,Greed,74,-2960.716887,236,360.05300847457625,84972.51,21,215,-51.167025,7.782232,12.456205,0.08898305084745763,0.0,209.0,0.0,0.697383686042325,209.0,504.018038277512,Greed
2024-07-22,0x4f93fead39b70a1824f981a54d4e55b278e9f760,Greed,70,1879.518808,12,9025.703333333333,108308.44,12,0,15.025712,461.628534,37.907934999999995,1.0,5.0,3.0,0.625,0.7595465716930966,8.0,12499.533749999999,Greed
2024-07-22,0x8477e447846c758f5a675856001ea72298fd9cb5,Greed,70,-756.173134,93,545.8013978494623,50759.53,9,84,-34.574982,153.156344,8.750589,0.0967741935483871,0.0,40.0,0.0,1.109353122374685,40.0,703.6475,Greed
2024-07-23,0x430f09841d65beb3f27765503d0f850b8bce7713,Greed,71,88084.992348,229,1072.2595633187773,245547.44,229,0,3.75948,2833.144128,24.554663,1.0,,,,0.5793502296308896,,,Greed
2024-07-23,0x8477e447846c758f5a675856001ea72298fd9cb5,Greed,71,1805.309858,135,636.9267407407408,85985.11,100,35,-14.050256,158.46194,25.240568,0.7407407407407407,0.0,4.0,0.0,1.0132615913909668,4.0,749.8800000000001,Greed
2024-07-24,0x8477e447846c758f5a675856001ea72298fd9cb5,Greed,69,625.561479,18,1340.89,24136.02,18,0,3.701896,154.026213,7.82264,1.0,0.0,9.0,0.0,2.005820698483818,9.0,1233.3733333333334,Greed
2024-07-25,0xb1231a4a2dd02f2276fa3c5e2a2f3436e6bfed23,Greed,68,916.7382600000001,10,907.393,9073.93,10,0,12.70346,209.018706,3.175869,1.0,,,,0.5862746670944972,,,Greed
2024-07-26,0x8477e447846c758f5a675856001ea72298fd9cb5,Greed,68,341.250124,32,2200.9128125,70429.21,32,0,0.02052,74.964087,18.400243,1.0,0.0,79.0,0.0,1.1813617634116094,79.0,957.8651898734178,Greed
2024-07-26,0xb1231a4a2dd02f2276fa3c5e2a2f3436e6bfed23,Greed,68,2425.262989,29,8704.366551724139,252426.63,29,0,0.252021,385.503118,88.349295,1.0,,,,7.295098668377989,,,Greed
2024-07-27,0x4f93fead39b70a1824f981a54d4e55b278e9f760,Greed,72,6400.623656,42,18779.754285714283,788749.6799999999,42,0,0.2586,798.238648,276.062377,1.0,9.0,0.0,1.0,1.286884569459739,9.0,12445.256666666666,Greed
2024-07-28,0x8477e447846c758f5a675856001ea72298fd9cb5,Greed,71,587.29903,12,729.6774999999999,8756.13,12,0,1.49842,135.86979,3.064635,1.0,0.0,1.0,0.0,1.2138456614793776,1.0,2498.86,Greed
2024-07-29,0x8477e447846c758f5a675856001ea72298fd9cb5,Greed,74,217.857529,5,2392.0119999999997,11960.06,5,0,2.245392,125.261025,4.186022,1.0,2.0,8.0,0.2,2.149377925351042,10.0,1499.773,Greed
2024-07-29,0xb1231a4a2dd02f2276fa3c5e2a2f3436e6bfed23,Greed,74,112.946925,11,13652.46181818182,150177.08000000002,11,0,0.751881,22.562514,52.561974,1.0,13.0,0.0,1.0,11.582696935665009,13.0,11543.405384615384,Greed
2024-07-31,0x8477e447846c758f5a675856001ea72298fd9cb5,Greed,61,765.690884,14,1753.135,24543.89,14,0,0.458822,225.12253,8.590349,1.0,0.0,26.0,0.0,1.0019802376285154,26.0,767.5965384615384,Greed
2024-08-01,0x8477e447846c758f5a675856001ea72298fd9cb5,Neutral,52,167.080017,7,1713.6657142857143,11995.66,4,3,-8.714336,174.768294,4.198478,0.5714285714285714,24.0,3.0,0.8888888888888888,2.0014101692203066,27.0,1359.9514814814816,Neutral
2024-08-02,0x8477e447846c758f5a675856001ea72298fd9cb5,Greed,57,228.247701,12,2064.066666666667,24768.800000000003,12,0,0.158787,81.31401,8.669076,1.0,0.0,3.0,0.0,1.9498939872784735,3.0,1666.0933333333332,Greed
2024-08-02,0xb1231a4a2dd02f2276fa3c5e2a2f3436e6bfed23,Greed,57,554.12049,5,7110.7080000000005,35553.54,5,0,17.42832,271.7,12.443739,1.0,6.0,0.0,1.0,3.277410556714263,6.0,5836.264999999999,Greed
2024-08-03,0x8477e447846c758f5a675856001ea72298fd9cb5,Fear,37,464.1897,1,4534.09,4534.09,1,0,464.1897,464.1897,1.58693,1.0,,,,9.069268312197464,,,Fear
2024-08-04,0x4f93fead39b70a1824f981a54d4e55b278e9f760,Fear,34,-108604.496278,60,12064.884666666667,723893.08,0,60,-18360.67007,-0.66762,253.36255599999998,0.0,12.0,0.0,1.0,0.3430434524715221,12.0,14804.834166666667,Fear
2024-08-04,0x8477e447846c758f5a675856001ea72298fd9cb5,Fear,34,109.005815,3,6050.48,18151.44,3,0,4.483386,83.500659,6.353003,1.0,14.0,0.0,1.0,2.2213465615873904,14.0,1288.7457142857143,Fear
2024-08-04,0xa520ded057a32086c40e7dd6ed4eb8efb82c00e0,Fear,34,-14176.51042,2,67165.25,134330.5,0,2,-10309.40032,-3867.1101,47.015677000000004,0.0,,,,0.22208638956805216,,,Fear
2024-08-05,0x4f93fead39b70a1824f981a54d4e55b278e9f760,Fear,26,-4779.219012,2,56420.130000000005,112840.26000000001,0,2,-4308.400952,-470.81806,39.494091,0.0,15.0,0.0,1.0,0.7920424389501672,15.0,6726.526666666667,Fear
2024-08-05,0x8477e447846c758f5a675856001ea72298fd9cb5,Fear,26,160.44369899999998,7,2874.4957142857143,20121.47,7,0,0.6938,78.676756,7.042511,1.0,10.0,0.0,1.0,4.439452734328119,10.0,1996.104,Fear
2024-08-05,0xb1231a4a2dd02f2276fa3c5e2a2f3436e6bfed23,Fear,26,-8394.889856,29,1744.1193103448275,50579.46,26,3,-5028.066368,239.709813,17.702798,0.896551724137931,8.0,2.0,0.8,0.21304347826086956,10.0,9494.073,Fear
2024-08-06,0x3998f134d6aaa2b6a5f723806d00fd2bbbbce891,Extreme Fear,17,215.754798,26,15.165384615384616,394.3,8,13,-0.12379,51.687038,0.123529,0.38095238095238093,,,,0.025288571680324258,,,Fear
2024-08-06,0xb1231a4a2dd02f2276fa3c5e2a2f3436e6bfed23,Extreme Fear,17,51.56325,5,89.988,449.94,5,0,1.141315,22.071066,0.044991,1.0,5.0,0.0,1.0,0.20262313492700146,5.0,9998.796,Fear
2024-08-07,0xb1231a4a2dd02f2276fa3c5e2a2f3436e6bfed23,Fear,29,188.789255,10,119.455,1194.55,10,0,0.998617,33.240644,0.119452,1.0,,,,0.1280282368041072,,,Fear
2024-08-08,0xa520ded057a32086c40e7dd6ed4eb8efb82c00e0,Extreme Fear,20,-40.712216999999995,3,153.09,459.27,0,3,-29.513287,-5.191848,0.160745,0.0,,,,0.2845694104862809,,,Fear
2024-08-09,0x4f93fead39b70a1824f981a54d4e55b278e9f760,Neutral,48,11147.900554,9,12449.495555555557,112045.46,9,0,37.849748,2489.384392,39.215905,1.0,3.0,0.0,1.0,1.24200465755615,3.0,6664.18,Neutral
2024-08-09,0x8477e447846c758f5a675856001ea72298fd9cb5,Neutral,48,151.092375,18,1213.4794444444442,21842.629999999997,17,1,-0.26061,63.151865,7.644911,0.9444444444444444,0.0,51.0,0.0,0.8237188462615513,51.0,431.25117647058823,Neutral
2024-08-09,0xb1231a4a2dd02f2276fa3c5e2a2f3436e6bfed23,Neutral,48,6783.078347,31,10205.557419354838,316372.27999999997,17,14,-232.54022,2239.485224,110.730282,0.5483870967741935,0.0,5.0,0.0,0.8247553345098668,5.0,1499.4,Neutral
2024-08-11,0x4f93fead39b70a1824f981a54d4e55b278e9f760,Fear,39,847.7766200000001,4,5210.075000000001,20840.300000000003,4,0,56.9525,311.74803,7.294105,1.0,0.0,4.0,0.0,0.5158675407536164,4.0,4999.887500000001,Fear
2024-08-12,0x4f93fead39b70a1824f981a54d4e55b278e9f760,Fear,25,858.6705000000001,6,3190.146666666667,19140.88,6,0,1.058,333.5,6.699307,1.0,10.0,0.0,1.0,0.20906392405552965,10.0,2499.952,Fear
2024-08-13,0xb1231a4a2dd02f2276fa3c5e2a2f3436e6bfed23,Fear,31,212.08102,8,910.89375,7287.15,8,0,3.555279,60.648927,2.550503,1.0,,,,0.27331942884646243,,,Fear
2024-08-14,0x4f93fead39b70a1824f981a54d4e55b278e9f760,Fear,30,2168.9015130000003,5,7933.683999999999,39668.42,5,0,54.608356,1640.348801,13.883946,1.0,4.0,0.0,1.0,0.46829586570970994,4.0,6249.48,Fear
2024-08-16,0xb1231a4a2dd02f2276fa3c5e2a2f3436e6bfed23,Fear,27,825.230544,3,25277.45,75832.35,3,0,198.146236,344.574308,26.541322,1.0,5.0,0.0,1.0,0.2529440077009466,5.0,15001.434,Fear
2024-08-17,0xa520ded057a32086c40e7dd6ed4eb8efb82c00e0,Fear,25,-288.283113,1,211.7,211.7,0,1,-288.283113,-288.283113,0.021169,0.0,,,,0.9585257629267409,,,Fear
2024-08-18,0x4f93fead39b70a1824f981a54d4e55b278e9f760,Fear,31,307.201888,12,3150.4283333333333,37805.14,12,0,0.12012,116.490792,13.231793,1.0,0.0,2.0,0.0,0.3002602145157921,2.0,12499.665,Fear
2024-08-19,0xb1231a4a2dd02f2276fa3c5e2a2f3436e6bfed23,Fear,28,339.69958299999996,5,10065.467999999999,50327.34,5,0,7.826946,197.802554,17.614565,1.0,3.0,0.0,1.0,14.200288785496552,3.0,16662.563333333335,Fear
2024-08-20,0x4f93fead39b70a1824f981a54d4e55b278e9f760,Fear,30,192.602844,1,4913.04,4913.04,1,0,192.602844,192.602844,1.719563,1.0,4.0,3.0,0.5714285714285714,0.4524173644834265,7.0,5357.832857142857,Fear
2024-08-21,0x8477e447846c758f5a675856001ea72298fd9cb5,Fear,26,656.200925,54,1016.9509259259258,54915.35,54,0,0.078812,122.40666,19.220355,1.0,0.0,89.0,0.0,1.1970636476377166,89.0,540.1660674157304,Fear
2024-08-23,0x4f93fead39b70a1824f981a54d4e55b278e9f760,Fear,34,1005.30527,3,8670.15,26010.45,3,0,32.4362,895.59034,9.103655999999999,1.0,0.0,7.0,0.0,0.47649429926474574,7.0,5357.015714285714,Fear
2024-08-26,0x4f93fead39b70a1824f981a54d4e55b278e9f760,Greed,55,231.236918,2,33632.095,67264.19,2,0,103.129478,128.10744,23.542468,1.0,3.0,0.0,1.0,2.394061229068721,3.0,8333.109999999999,Greed
2024-08-28,0xb1231a4a2dd02f2276fa3c5e2a2f3436e6bfed23,Fear,30,1333.359645,2,11832.755000000001,23665.510000000002,2,0,658.59843,674.761215,8.282928,1.0,,,,18.98404460131558,,,Fear
2024-08-30,0xb1231a4a2dd02f2276fa3c5e2a2f3436e6bfed23,Fear,34,256.464,1,9739.38,9739.38,1,0,256.464,256.464,3.408784,1.0,,,,15.625509385528638,,,Fear
2024-08-31,0x8477e447846c758f5a675856001ea72298fd9cb5,Fear,29,10.882801,13,154.23999999999998,2005.12,12,1,-0.00845,3.8808,0.701783,0.9230769230769231,0.0,6.0,0.0,0.2785434252110254,6.0,749.8233333333334,Fear
2024-09-01,0x8477e447846c758f5a675856001ea72298fd9cb5,Fear,26,137.433093,5,1572.492,7862.46,5,0,1.763998,88.95779,2.751856,1.0,3.0,3.0,0.5,0.999469936392367,6.0,749.5283333333333,Fear
2024-09-04,0xb1231a4a2dd02f2276fa3c5e2a2f3436e6bfed23,Fear,27,1065.785132,8,11806.33625,94450.69,5,3,-1726.167456,1755.76983,33.057735,0.625,,,,0.1657789186587518,,,Fear
2024-09-06,0xb1231a4a2dd02f2276fa3c5e2a2f3436e6bfed23,Extreme Fear,22,-1104.856765,38,106.74815789473683,4056.43,0,38,-142.946134,-2.824122,1.419742,0.0,,,,0.14512273383603402,,,Fear
2024-09-10,0xa520ded057a32086c40e7dd6ed4eb8efb82c00e0,Fear,33,-219.729659,2,890.27,1780.54,0,2,-182.031768,-37.697891,0.62319,0.0,,,,4.030924567599384,,,Fear
2024-09-18,0xb1231a4a2dd02f2276fa3c5e2a2f3436e6bfed23,Neutral,45,-878.684794,134,94.19402985074628,12622.0,0,134,-18.124501,-0.061653,4.417653,0.0,,,,0.16871490454034976,,,Neutral
2024-09-20,0x4f93fead39b70a1824f981a54d4e55b278e9f760,Neutral,54,9585.03428,9,31619.09,284571.81,8,1,-1.88976,8098.26873,99.600132,0.8888888888888888,3.0,0.0,1.0,0.8711074203689424,3.0,6666.600000000001,Neutral
2024-09-21,0x430f09841d65beb3f27765503d0f850b8bce7713,Neutral,54,36165.56933,23,7202.092173913044,165648.12,23,0,0.661528,4921.104136,57.976841,1.0,,,,8.088806074007637,,,Neutral
2024-09-23,0x4f93fead39b70a1824f981a54d4e55b278e9f760,Neutral,50,334.760796,1,30334.3,30334.3,1,0,334.760796,334.760796,10.617005,1.0,1.0,0.0,1.0,2.6004875476135827,1.0,9999.99,Neutral
2024-09-26,0x4f93fead39b70a1824f981a54d4e55b278e9f760,Neutral,50,439.812513,2,30220.445000000003,60440.89000000001,2,0,3.213841,436.598672,21.154308999999998,1.0,0.0,1.0,0.0,2.5788741402476294,1.0,19999.53,Neutral
2024-09-30,0x4f93fead39b70a1824f981a54d4e55b278e9f760,Greed,61,2710.626288,5,23456.212,117281.06,5,0,337.799772,1153.42628,41.048365,1.0,5.0,0.0,1.0,1.9519583140987786,5.0,11999.967999999999,Greed
2024-10-03,0x3f9a0aadc7f04a7c9d75dc1b5a6ddd6e36486cf6,Fear,37,100.375782,3,2171.1766666666667,6513.53,3,0,7.097583,48.487544,2.279736,1.0,2.0,0.0,1.0,2.78204088682477,2.0,3206.58,Fear
2024-10-05,0x4f93fead39b70a1824f981a54d4e55b278e9f760,Neutral,49,5767.161892,24,21066.873333333333,505604.96,24,0,0.177911,660.393,176.96172,1.0,8.0,4.0,0.6666666666666666,1.6505859339741127,12.0,8333.3475,Neutral
2024-10-06,0x4f93fead39b70a1824f981a54d4e55b278e9f760,Neutral,50,130.487079,5,12026.418,60132.09,5,0,3.115959,78.909308,21.046231,1.0,6.0,11.0,0.35294117647058826,0.8189484651469865,17.0,14117.55705882353,Neutral
2024-10-08,0x4f93fead39b70a1824f981a54d4e55b278e9f760,Neutral,49,5396.546638,33,12563.186060606062,414585.14,33,0,6.592784,1153.504944,145.104782,1.0,1.0,0.0,1.0,0.3212836905587778,1.0,19998.39,Neutral
2024-10-09,0x4f93fead39b70a1824f981a54d4e55b278e9f760,Neutral,49,396.06272,3,20132.219999999998,60396.659999999996,3,0,69.05856,196.726784,21.13883,1.0,11.0,0.0,1.0,2.211270847463747,11.0,14545.75181818182,Neutral
2024-10-11,0x4f93fead39b70a1824f981a54d4e55b278e9f760,Fear,32,8885.327477,18,23828.37111111111,428910.68,18,0,15.939755,1107.730416,150.118723,1.0,0.0,7.0,0.0,2.1740742268998368,7.0,8570.397142857142,Fear
2024-10-12,0x4f93fead39b70a1824f981a54d4e55b278e9f760,Neutral,49,541.55471,7,15673.764285714287,109716.35,7,0,0.40912,153.435342,38.400718,1.0,1.0,2.0,0.3333333333333333,1.7448833934654955,3.0,16665.683333333334,Neutral
2024-10-14,0x4f93fead39b70a1824f981a54d4e55b278e9f760,Neutral,48,1913.61958,5,12383.204000000002,61916.020000000004,5,0,3.099225,927.20814,21.670604,1.0,,,,0.18260534303700515,,,Neutral
2024-10-15,0x4f93fead39b70a1824f981a54d4e55b278e9f760,Greed,65,1170.2260760000001,4,10292.9475,41171.79,4,0,11.821311,936.550188,14.410125,1.0,3.0,0.0,1.0,1.2897484764942995,3.0,13333.856666666667,Greed
2024-10-16,0x4f93fead39b70a1824f981a54d4e55b278e9f760,Greed,73,219.480876,3,13408.106666666667,40224.32,3,0,60.2703,98.7525,14.078511,1.0,8.0,0.0,1.0,0.7737822914866785,8.0,5000.60625,Greed
2024-10-17,0x4f93fead39b70a1824f981a54d4e55b278e9f760,Greed,71,36.11496,2,10017.68,20035.36,1,1,-2.06388,38.17884,7.0123750000000005,0.5,6.0,0.0,1.0,1.2918799660612188,6.0,19999.445,Greed
2024-10-18,0x4f93fead39b70a1824f981a54d4e55b278e9f760,Greed,73,333.219141,5,22066.204,110331.02,5,0,1.024104,114.241686,38.615854,1.0,1.0,0.0,1.0,1.608686625902305,1.0,10000.41,Greed
2024-10-20,0x4f93fead39b70a1824f981a54d4e55b278e9f760,Greed,73,229.060526,5,22045.154000000002,110225.77,5,0,11.000028,90.863544,38.579015,1.0,1.0,0.0,1.0,2.0619859860685947,1.0,9999.94,Greed
2024-10-20,0x8477e447846c758f5a675856001ea72298fd9cb5,Greed,73,160.095271,6,2383.7549999999997,14302.529999999999,6,0,8.994084,49.152306,3.255904,1.0,0.0,84.0,0.0,0.4999399927991359,84.0,499.04309523809525,Greed
2024-10-21,0x8477e447846c758f5a675856001ea72298fd9cb5,Greed,72,2464.915564,68,1445.4916176470588,98293.43,68,0,0.034037,318.29763,30.819496,1.0,0.0,94.0,0.0,1.0027103252390286,94.0,806.3870212765958,Greed
2024-10-23,0x4f93fead39b70a1824f981a54d4e55b278e9f760,Greed,71,-46.489941,3,23324.716666666664,69974.15,0,3,-19.969209,-7.738434,24.490954000000002,0.0,15.0,0.0,1.0,1.0321245006537598,15.0,9335.461333333333,Greed
2024-10-25,0x4f93fead39b70a1824f981a54d4e55b278e9f760,Greed,72,4543.862071,16,19661.511875,314584.19,16,0,1.710896,857.688209,110.104461,1.0,9.0,0.0,1.0,1.6117800581291892,9.0,10000.332222222221,Greed
2024-10-25,0x72c6a4624e1dffa724e6d00d64ceae698af892a0,Greed,72,8692.0,5,4659.2,23296.0,5,0,8.27913,7525.631385,2.236411,1.0,,,,1.1730055968192523,,,Greed
2024-10-27,0x4f93fead39b70a1824f981a54d4e55b278e9f760,Greed,74,666.6623079999999,3,20221.673333333332,60665.02,3,0,6.096636,606.083036,21.232754,1.0,0.0,1.0,0.0,2.2538090866186815,1.0,29999.39,Greed
2024-10-28,0xa520ded057a32086c40e7dd6ed4eb8efb82c00e0,Greed,72,167.28016200000002,4,375.23249999999996,1500.9299999999998,4,0,1.2563,160.784397,0.275335,1.0,,,,1.1704247034320383,,,Greed
2024-10-29,0x8477e447846c758f5a675856001ea72298fd9cb5,Greed,72,801.170876,3,565.85,1697.55,3,0,37.972378,725.22612,0.594146,1.0,0.0,13.0,0.0,0.9999399927991359,13.0,691.9492307692308,Greed
2024-10-30,0x8477e447846c758f5a675856001ea72298fd9cb5,Extreme Greed,77,9.150023,8,486.49625000000003,3891.9700000000003,7,1,-0.022444,4.800672,0.81839,0.875,0.0,17.0,0.0,0.9997799735968316,17.0,466.9929411764706,Greed
2024-10-31,0x2c229d22b100a7beb69122eed721cee9b24011dd,Extreme Greed,77,-2.5534149999999998,3,4991.156666666667,14973.470000000001,0,3,-1.51122,-0.23716,5.240715,0.0,6.0,0.0,1.0,2.0867351729174275,6.0,2496.0049999999997,Greed
2024-10-31,0x4f93fead39b70a1824f981a54d4e55b278e9f760,Extreme Greed,77,765.475192,23,34248.81347826087,787722.71,23,0,3.054376,61.864,275.702939,1.0,2.0,3.0,0.4,3.3157357571881363,5.0,13183.862,Greed
2024-10-31,0x8477e447846c758f5a675856001ea72298fd9cb5,Extreme Greed,77,451.122034,11,1143.8036363636363,12581.84,11,0,0.48209,168.132952,3.453913,1.0,,,,1.9185102212265472,,,Greed
2024-11-01,0x2c229d22b100a7beb69122eed721cee9b24011dd,Extreme Greed,75,-0.09906000000000104,8,1871.8625000000002,14974.900000000001,4,4,-3.48624,4.754,4.552738,0.5,6.0,0.0,1.0,2.3832142298263004,6.0,2495.8383333333336,Greed
2024-11-01,0x4f93fead39b70a1824f981a54d4e55b278e9f760,Extreme Greed,75,1040.5747959999999,2,50520.95,101041.9,2,0,400.462796,640.112,35.364665,1.0,7.0,0.0,1.0,2.479353048429816,7.0,18569.885714285712,Greed
2024-11-04,0x3f9a0aadc7f04a7c9d75dc1b5a6ddd6e36486cf6,Greed,70,540.05911,10,1960.1330000000003,19601.33,10,0,6.641824,139.19878,6.860463,1.0,,,,1.8689145944182433,,,Greed
2024-11-04,0x4f93fead39b70a1824f981a54d4e55b278e9f760,Greed,70,2259.351364,13,20941.684615384616,272241.9,13,0,8.5,475.552,95.28466,1.0,13.0,0.0,1.0,1.579531768607659,13.0,12305.287692307691,Greed
2024-11-05,0x4f93fead39b70a1824f981a54d4e55b278e9f760,Greed,70,678.4759280000001,5,30127.35,150636.75,5,0,21.023692,270.429716,52.722856,1.0,5.0,0.0,1.0,2.4261747692498137,5.0,9998.096,Greed
2024-11-06,0x2c229d22b100a7beb69122eed721cee9b24011dd,Greed,70,-3.41119,2,499.275,998.55,0,2,-2.94399,-0.4672,0.34949299999999994,0.0,1.0,0.0,1.0,0.8331959730843461,1.0,1001.97,Greed
2024-11-06,0x4f93fead39b70a1824f981a54d4e55b278e9f760,Greed,70,2821.24842,7,8909.112857142858,62363.79,7,0,2.768116,1004.826108,21.827326,1.0,5.0,0.0,1.0,1.15485793937956,5.0,11908.518,Greed
2024-11-07,0x3f9a0aadc7f04a7c9d75dc1b5a6ddd6e36486cf6,Extreme Greed,77,503.46257599999996,11,1425.9963636363636,15685.96,11,0,4.167408,276.388452,1.56859,1.0,5.0,0.0,1.0,0.6941404507050363,5.0,3036.5080000000003,Greed
2024-11-07,0x4f93fead39b70a1824f981a54d4e55b278e9f760,Extreme Greed,77,628.96246,1,30628.91,30628.91,1,0,628.96246,628.96246,10.720117,1.0,1.0,0.0,1.0,3.908946195684411,1.0,29999.94,Greed
2024-11-07,0xa520ded057a32086c40e7dd6ed4eb8efb82c00e0,Extreme Greed,77,3360.9281,48,208.3360416666667,10000.130000000001,48,0,3.894186,841.827337,1.1573470000000001,1.0,,,,0.6519061849135198,,,Greed
2024-11-08,0x2c229d22b100a7beb69122eed721cee9b24011dd,Extreme Greed,75,-710.786946,10,1467.401,14674.01,0,10,-195.741504,-2.706944,5.135895,0.0,5.0,0.0,1.0,1.564748839392833,5.0,3076.96,Greed
2024-11-08,0x4f93fead39b70a1824f981a54d4e55b278e9f760,Extreme Greed,75,646.3734049999999,6,20107.329999999998,120643.98,6,0,0.537936,263.656844,42.225387,1.0,18.0,0.0,1.0,0.7686650402184874,18.0,6666.536111111111,Greed
2024-11-09,0x8477e447846c758f5a675856001ea72298fd9cb5,Extreme Greed,75,102.90894,44,405.3929545454546,17837.29,19,25,-0.025116,14.424342,4.74303,0.4318181818181818,0.0,33.0,0.0,0.6091731007720926,33.0,774.1427272727273,Greed
2024-11-10,0x4f93fead39b70a1824f981a54d4e55b278e9f760,Extreme Greed,78,548.36595,6,25091.44,150548.63999999998,6,0,22.121255,194.95,52.692021,1.0,2.0,0.0,1.0,2.2801645102473973,2.0,14999.155,Greed
2024-11-10,0x8477e447846c758f5a675856001ea72298fd9cb5,Extreme Greed,78,442.748384,45,1070.2848888888889,48162.82,45,0,0.043216,70.376866,16.856962,1.0,0.0,119.0,0.0,2.0743289194703363,119.0,1471.3449579831931,Greed
2024-11-11,0x3f9a0aadc7f04a7c9d75dc1b5a6ddd6e36486cf6,Extreme Greed,76,393.07947,4,2557.49,10229.96,4,0,2.16315,248.46834,3.580485,1.0,,,,1.7797379443359609,,,Greed
2024-11-11,0x4f93fead39b70a1824f981a54d4e55b278e9f760,Extreme Greed,76,1479.677222,9,20161.116666666665,181450.05,9,0,0.61105,432.124,63.507513,1.0,11.0,0.0,1.0,1.3988064689999151,11.0,13633.826363636363,Greed
2024-11-11,0x8477e447846c758f5a675856001ea72298fd9cb5,Extreme Greed,76,4876.874304,83,2694.327951807229,223629.22,79,4,-3.52203,664.469619,72.992497,0.9518072289156626,0.0,89.0,0.0,2.221036524382926,89.0,1173.156966292135,Greed
2024-11-12,0x4f93fead39b70a1824f981a54d4e55b278e9f760,Extreme Greed,80,2053.119744,12,29339.675000000003,352076.10000000003,12,0,0.13158,606.1,123.226621,1.0,62.0,0.0,1.0,0.9017116389903987,62.0,11453.897419354838,Greed
2024-11-12,0x8477e447846c758f5a675856001ea72298fd9cb5,Extreme Greed,80,1441.27965,30,2617.0376666666666,78511.13,22,8,-3.50649,427.785496,27.478879,0.7333333333333333,0.0,61.0,0.0,2.221846621594591,61.0,1146.8604918032788,Greed
2024-11-13,0x2c229d22b100a7beb69122eed721cee9b24011dd,Extreme Greed,84,-17.60528,7,415.0571428571429,2905.4,2,5,-13.57431,9.56039,1.016886,0.2857142857142857,3.0,0.0,1.0,0.5991236763862083,3.0,974.3366666666667,Greed
2024-11-13,0x3f9a0aadc7f04a7c9d75dc1b5a6ddd6e36486cf6,Extreme Greed,84,135.09947,7,1449.462857142857,10146.24,7,0,13.75703,26.20524,3.551184,1.0,1.0,0.0,1.0,1.4392335039749746,1.0,4734.62,Greed
2024-11-13,0x4f93fead39b70a1824f981a54d4e55b278e9f760,Extreme Greed,84,7680.907897,16,26737.843125,427805.49,16,0,5.2173,1585.848,149.731918,1.0,9.0,0.0,1.0,0.8002292672988497,9.0,6667.37,Greed
2024-11-13,0x8477e447846c758f5a675856001ea72298fd9cb5,Extreme Greed,84,48.000187,2,1641.81,3283.62,2,0,17.020157,30.98003,1.149269,1.0,0.0,2.0,0.0,3.30103612433492,2.0,1665.81,Greed
2024-11-14,0x2c229d22b100a7beb69122eed721cee9b24011dd,Extreme Greed,88,2215.402997,14,4576.579285714286,64072.11,14,0,1.3986,443.77308,16.580684,1.0,55.0,0.0,1.0,0.26367951593552763,55.0,1124.7092727272727,Greed
2024-11-14,0x4f93fead39b70a1824f981a54d4e55b278e9f760,Extreme Greed,88,2348.106228,14,31599.23642857143,442389.31,14,0,56.660784,292.952,148.784317,1.0,27.0,0.0,1.0,2.237975072016753,27.0,16297.82888888889,Greed
2024-11-15,0x2c229d22b100a7beb69122eed721cee9b24011dd,Extreme Greed,80,2137.203852,22,816.7263636363637,17967.98,22,0,1.36272,355.900672,5.3053230000000005,1.0,11.0,0.0,1.0,0.49541494966355437,11.0,1439.161818181818,Greed
2024-11-15,0x4f93fead39b70a1824f981a54d4e55b278e9f760,Extreme Greed,80,2003.536586,33,20615.006363636363,680295.21,33,0,0.225028,257.991481,227.067815,1.0,30.0,16.0,0.6521739130434783,1.473319630593387,46.0,14784.273695652173,Greed
2024-11-16,0x28736f43f1e871e6aa8b1148d38d4994275d72c4,Extreme Greed,86,159.100072,26,823.0973076923076,21400.53,16,10,-9.6025,40.6629,5.599454,0.6153846153846154,22.0,29.0,0.43137254901960786,0.3684175038770144,51.0,251.05764705882353,Greed
2024-11-16,0x2c229d22b100a7beb69122eed721cee9b24011dd,Extreme Greed,86,1484.528402,13,1150.6123076923077,14957.96,13,0,12.476226,255.964576,5.151205,1.0,9.0,0.0,1.0,1.1576026289708414,9.0,1497.052222222222,Greed
2024-11-16,0x4f93fead39b70a1824f981a54d4e55b278e9f760,Extreme Greed,86,255.14686999999998,7,14268.055714285714,99876.39,7,0,0.02964,143.512608,32.953564,1.0,3.0,2.0,0.6,2.57877807492837,5.0,23999.556,Greed
2024-11-16,0x8477e447846c758f5a675856001ea72298fd9cb5,Extreme Greed,86,870.746565,12,853.195,10238.34,12,0,20.122572,131.988,3.583413,1.0,0.0,18.0,0.0,1.6997539704764573,18.0,555.4205555555556,Greed
2024-11-17,0x28736f43f1e871e6aa8b1148d38d4994275d72c4,Extreme Greed,90,160.514887,42,457.5009523809524,19215.04,32,10,-4.13628,46.7695,6.07563,0.7619047619047619,19.0,30.0,0.3877551020408163,0.3690917672442856,49.0,239.7826530612245,Greed
2024-11-17,0x4f93fead39b70a1824f981a54d4e55b278e9f760,Extreme Greed,90,546.624374,8,32552.46125,260419.69,8,0,17.56,111.33012,78.1259,1.0,17.0,1.0,0.9444444444444444,2.5798128724948874,18.0,19998.81611111111,Greed
2024-11-17,0x8477e447846c758f5a675856001ea72298fd9cb5,Extreme Greed,90,175.061007,10,970.8140000000001,9708.140000000001,7,3,-1.367586,121.347048,3.3978390000000003,0.7,0.0,10.0,0.0,1.1066627995359444,10.0,988.32,Greed
2024-11-18,0x28736f43f1e871e6aa8b1148d38d4994275d72c4,Extreme Greed,83,144.062003,90,607.1635555555556,54644.72,65,25,-16.197158,29.455191,18.72804,0.7222222222222222,42.0,26.0,0.6176470588235294,2.647663677432405,68.0,728.1120588235294,Greed
2024-11-18,0x2c229d22b100a7beb69122eed721cee9b24011dd,Extreme Greed,83,-8.138354999999999,8,368.73875000000004,2949.9100000000003,4,4,-6.83055,5.047275,1.03246,0.5,7.0,0.0,1.0,0.43451045850503367,7.0,422.57714285714286,Greed
2024-11-18,0x3998f134d6aaa2b6a5f723806d00fd2bbbbce891,Extreme Greed,83,48.185146,5,69.604,348.02,2,2,-0.298703,29.324714,0.11693100000000001,0.5,,,,0.2179707463212618,,,Greed
2024-11-18,0x4f93fead39b70a1824f981a54d4e55b278e9f760,Extreme Greed,83,3158.176614,15,34841.42733333333,522621.41,15,0,1.9548,1055.85984,156.78641,1.0,19.0,1.0,0.95,2.5796297681279774,20.0,20974.234,Greed
2024-11-18,0x8477e447846c758f5a675856001ea72298fd9cb5,Extreme Greed,83,431.960709,27,1080.1581481481483,29164.27,27,0,0.0636,162.705018,10.207481,1.0,0.0,52.0,0.0,1.160279233508021,52.0,910.8240384615384,Greed
2024-11-18,0xa520ded057a32086c40e7dd6ed4eb8efb82c00e0,Extreme Greed,83,693.220788,9,186.3422222222222,1677.08,9,0,23.608026,414.952917,0.572741,1.0,,,,0.3097890066105225,,,Greed
2024-11-19,0x28736f43f1e871e6aa8b1148d38d4994275d72c4,Extreme Greed,90,232.15019,117,817.5324786324786,95651.3,102,15,-67.4425,37.093,33.468192,0.8717948717948718,68.0,24.0,0.7391304347826086,2.6539680399163914,92.0,1018.0003260869565,Greed
2024-11-19,0x3f9a0aadc7f04a7c9d75dc1b5a6ddd6e36486cf6,Extreme Greed,90,245.44495999999998,5,6564.348,32821.74,5,0,4.18528,203.99104,11.487605,1.0,,,,1.5291346213818615,,,Greed
2024-11-19,0x4f93fead39b70a1824f981a54d4e55b278e9f760,Extreme Greed,90,1573.210981,15,9317.184666666666,139757.77,15,0,0.13629,319.13345,41.927323,1.0,5.0,10.0,0.3333333333333333,1.0851802804333643,15.0,11998.967333333334,Greed
2024-11-19,0x8477e447846c758f5a675856001ea72298fd9cb5,Extreme Greed,90,906.2475900000001,28,1812.2649999999999,50743.42,26,2,-6.26796,168.67708,16.649204,0.9285714285714286,0.0,28.0,0.0,2.0014301716205947,28.0,1210.1217857142858,Greed
2024-11-20,0x28736f43f1e871e6aa8b1148d38d4994275d72c4,Extreme Greed,83,-316.245208,218,2029.170229357798,442359.11,141,77,-126.64582,19.2,148.596475,0.6467889908256881,157.0,32.0,0.8306878306878307,8.031825230935203,189.0,2288.407671957672,Greed
2024-11-20,0x2c229d22b100a7beb69122eed721cee9b24011dd,Extreme Greed,83,2626.800865,50,2023.476,101173.8,48,2,-3.422055,212.366838,29.444211,0.96,26.0,0.0,1.0,1.4499139325022168,26.0,3790.285769230769,Greed
2024-11-20,0x39cef799f8b69da1995852eea189df24eb5cae3c,Extreme Greed,83,-808.158708,1,9582.41,9582.41,0,1,-808.158708,-808.158708,3.353844,0.0,1.0,0.0,1.0,16.21130096682408,1.0,12181.91,Greed
2024-11-20,0x4f93fead39b70a1824f981a54d4e55b278e9f760,Extreme Greed,83,2259.775633,16,27392.879375,438286.07,16,0,4.510592,480.094128,131.48581099999998,1.0,6.0,11.0,0.35294117647058826,2.512805700477361,17.0,23529.47117647059,Greed
2024-11-20,0x8477e447846c758f5a675856001ea72298fd9cb5,Extreme Greed,83,447.920315,14,2300.9049999999997,32212.67,14,0,1.3965,66.982305,11.274421,1.0,0.0,18.0,0.0,4.2096451574188904,18.0,1814.4811111111112,Greed
2024-11-21,0x28736f43f1e871e6aa8b1148d38d4994275d72c4,Extreme Greed,82,776.862701,233,689.229399141631,160590.45,155,78,-34.338,91.25,54.173612,0.6652360515021459,165.0,35.0,0.825,3.3686534960555594,200.0,798.2844,Greed
2024-11-21,0x2c229d22b100a7beb69122eed721cee9b24011dd,Extreme Greed,82,-0.15074600000000027,15,1106.268,16594.02,4,11,-1.916684,5.069246,5.807908,0.26666666666666666,7.0,0.0,1.0,1.257253142767722,7.0,2370.6028571428574,Greed
2024-11-21,0x4f93fead39b70a1824f981a54d4e55b278e9f760,Extreme Greed,82,909.745283,4,20023.1825,80092.73,4,0,111.254823,408.04046,24.027818,1.0,4.0,1.0,0.8,2.5778412768821712,5.0,15997.892000000002,Greed
2024-11-21,0xa520ded057a32086c40e7dd6ed4eb8efb82c00e0,Extreme Greed,82,2.83504,1,202.87,202.87,1,0,2.83504,2.83504,0.071004,1.0,,,,0.9185456850493525,,,Greed
2024-11-22,0x083384f897ee0f19899168e3b1bec365f52a9012,Extreme Greed,94,-21227.0,12,28186.666666666668,338240.0,0,12,-4948.586829,-29.420622,33.823995,0.0,,,,21.738621528601946,,,Greed
2024-11-22,0x28736f43f1e871e6aa8b1148d38d4994275d72c4,Extreme Greed,94,141.21958999999998,229,401.30139737991266,91898.02,135,94,-20.579328,36.777943,32.164212,0.5895196506550219,152.0,50.0,0.7524752475247525,1.6856584181781404,202.0,448.9226237623762,Greed
2024-11-22,0x2c229d22b100a7beb69122eed721cee9b24011dd,Extreme Greed,94,-260.909686,31,6502.569677419355,201579.66,3,28,-59.694432,24.617634,70.552866,0.0967741935483871,26.0,0.0,1.0,5.251776120181525,26.0,7763.099615384615,Greed
2024-11-22,0x3f9a0aadc7f04a7c9d75dc1b5a6ddd6e36486cf6,Extreme Greed,94,1050.894,7,3285.4871428571428,22998.41,7,0,11.388,276.562,2.2998380000000003,1.0,15.0,0.0,1.0,2.4608955567603354,15.0,2853.188,Greed
2024-11-22,0x4f93fead39b70a1824f981a54d4e55b278e9f760,Extreme Greed,94,1825.01255,12,13486.135,161833.62,12,0,0.24852,418.404306,48.550083,1.0,6.0,0.0,1.0,1.4986022173680942,6.0,23336.20166666667,Greed
2024-11-22,0x8477e447846c758f5a675856001ea72298fd9cb5,Extreme Greed,94,353.349575,60,3567.5666666666666,214054.0,51,9,-24.679837,68.236812,53.531785,0.85,0.0,76.0,0.0,4.444293315197824,76.0,1791.7984210526315,Greed
2024-11-23,0x28736f43f1e871e6aa8b1148d38d4994275d72c4,Extreme Greed,93,673.6312,77,347.5650649350649,26762.51,63,14,-6.787575,71.45366,9.366841,0.8181818181818182,52.0,23.0,0.6933333333333334,1.6851527206526868,75.0,335.14466666666664,Greed
2024-11-23,0x3f9a0aadc7f04a7c9d75dc1b5a6ddd6e36486cf6,Extreme Greed,93,788.45072,7,3091.247142857143,21638.73,7,0,26.748584,291.386096,3.190604,1.0,,,,2.021638063801103,,,Greed
2024-11-23,0x8477e447846c758f5a675856001ea72298fd9cb5,Extreme Greed,93,1439.449718,65,2931.8515384615384,190570.35,58,7,-6.938463,171.72254,48.449692,0.8923076923076924,0.0,126.0,0.0,2.4152298275793096,126.0,1523.8907142857145,Greed
2024-11-24,0x28736f43f1e871e6aa8b1148d38d4994275d72c4,Extreme Greed,80,108.321127,35,98.19171428571428,3436.71,29,6,-2.127416,9.72111,1.202834,0.8285714285714286,28.0,5.0,0.8484848484848485,0.6058256354932237,33.0,314.07151515151514,Greed
2024-11-24,0x4f93fead39b70a1824f981a54d4e55b278e9f760,Extreme Greed,80,445.338356,5,28090.85,140454.25,5,0,6.387092,181.884824,42.136274,1.0,28.0,0.0,1.0,1.2879599852484933,28.0,13571.00892857143,Greed
2024-11-24,0x8477e447846c758f5a675856001ea72298fd9cb5,Extreme Greed,80,391.890903,21,3101.5885714285714,65133.36,12,9,-17.841684,96.901,19.04668,0.5714285714285714,0.0,49.0,0.0,2.22231667800136,49.0,1337.253469387755,Greed
2024-11-25,0x28736f43f1e871e6aa8b1148d38d4994275d72c4,Extreme Greed,82,464.281002,139,308.12410071942446,42829.25,95,44,-25.09574,108.753655,14.022044,0.6834532374100719,37.0,46.0,0.4457831325301205,0.6694760973636302,83.0,361.4775903614458,Greed
2024-11-25,0x4f93fead39b70a1824f981a54d4e55b278e9f760,Extreme Greed,82,5059.459732,10,30504.507,305045.07,10,0,27.821911,1645.76747,91.513515,1.0,20.0,0.0,1.0,2.6511416944117068,20.0,27969.1575,Greed
2024-11-26,0x083384f897ee0f19899168e3b1bec365f52a9012,Extreme Greed,79,1603.1,12,19350.834166666667,232210.01,12,0,2.917642,883.756968,81.273495,1.0,0.0,15.0,0.0,6.600329337764062,15.0,15565.999333333333,Greed
2024-11-26,0x28736f43f1e871e6aa8b1148d38d4994275d72c4,Extreme Greed,79,-508.290641,116,868.7222413793104,100771.78,76,40,-166.449,19.4195,35.270079,0.6551724137931034,83.0,12.0,0.8736842105263158,3.3694288989279215,95.0,1247.7896842105263,Greed
2024-11-27,0x28736f43f1e871e6aa8b1148d38d4994275d72c4,Extreme Greed,75,193.66415899999998,93,1082.5245161290322,100674.78,74,19,-240.452221,47.562332,34.404034,0.7956989247311828,38.0,36.0,0.5135135135135135,1.7157979906951655,74.0,1174.2214864864866,Greed
2024-11-27,0x4f93fead39b70a1824f981a54d4e55b278e9f760,Extreme Greed,75,-2848.159792,37,28622.524054054058,1059033.3900000001,0,37,-380.731904,-0.522014,317.709993,0.0,3.0,4.0,0.42857142857142855,1.7311376712735038,7.0,28211.212857142855,Greed
2024-11-28,0x083384f897ee0f19899168e3b1bec365f52a9012,Extreme Greed,77,-132271.0,82,16058.536341463414,1316799.98,0,82,-10259.468,-27.456691,131.679967,0.0,,,,4.68040885354854,,,Greed
2024-11-28,0x28736f43f1e871e6aa8b1148d38d4994275d72c4,Extreme Greed,77,165.532644,115,862.2320869565218,99156.69,78,37,-27.491728,35.575,34.704783,0.6782608695652174,62.0,25.0,0.7126436781609196,3.2821117928662935,87.0,1107.03091954023,Greed
2024-11-28,0x3f9a0aadc7f04a7c9d75dc1b5a6ddd6e36486cf6,Extreme Greed,77,3855.7522,25,1612.0868,40302.17,25,0,12.14158,1159.02984,14.105744999999999,1.0,,,,1.0131795479515808,,,Greed
2024-11-28,0x4f93fead39b70a1824f981a54d4e55b278e9f760,Extreme Greed,77,1174.315571,6,33135.810000000005,198814.86000000002,6,0,31.575918,436.821,59.644458,1.0,3.0,3.0,0.5,2.8787823301707,6.0,23328.406666666666,Greed
2024-11-29,0x271b280974205ca63b716753467d5a371de622ab,Extreme Greed,78,1584.342755,1,1584.35,1584.35,1,0,1584.342755,1584.342755,0.53234,1.0,,,,1.4191852236693596,,,Greed
2024-11-29,0x28736f43f1e871e6aa8b1148d38d4994275d72c4,Extreme Greed,78,9551.73423,108,399.0631481481482,43098.82,92,16,-7.741903,2499.972409,12.88838,0.8518518518518519,25.0,35.0,0.4166666666666667,0.6774661182657946,60.0,526.2476666666666,Greed
2024-11-29,0x2c229d22b100a7beb69122eed721cee9b24011dd,Extreme Greed,78,31.04129,9,293.56666666666666,2642.1,9,0,0.03542,7.82852,0.924732,1.0,1.0,0.0,1.0,0.3922278441395859,1.0,2611.07,Greed
2024-11-29,0x3998f134d6aaa2b6a5f723806d00fd2bbbbce891,Extreme Greed,78,17511.326788,39,1305.0635897435895,50897.479999999996,36,1,-0.002936,6672.970248,4.902674,0.972972972972973,,,,0.5488258877434136,,,Greed
2024-11-29,0x430f09841d65beb3f27765503d0f850b8bce7713,Extreme Greed,78,124284.948775,15,8285.689333333334,124285.34,15,0,37.488051,29999.90625,43.499863,1.0,,,,7.399217554005783,,,Greed
2024-11-29,0x4f93fead39b70a1824f981a54d4e55b278e9f760,Extreme Greed,78,610.52512,1,60597.93,60597.93,1,0,610.52512,610.52512,18.179379,1.0,0.0,6.0,0.0,2.578932166279397,6.0,19998.111666666668,Greed
2024-11-29,0x72c6a4624e1dffa724e6d00d64ceae698af892a0,Extreme Greed,78,573.585288,1,573.59,573.59,1,0,573.585288,573.585288,0.055063,1.0,,,,1.0937920118992002,,,Greed
2024-11-29,0x8477e447846c758f5a675856001ea72298fd9cb5,Extreme Greed,78,22697.489906,37,892.1221621621621,33008.52,37,0,2.618254,2222.888092,11.552964,1.0,0.0,21.0,0.0,1.106512781533784,21.0,442.3785714285715,Greed
2024-11-30,0x23e7a7f8d14b550961925fbfdaa92f5d195ba5bd,Extreme Greed,84,11715.94323,46,2003.6156521739128,92166.31999999999,46,0,2.847734,1911.599184,32.258184,1.0,,,,2.5726478182427104,,,Greed
2024-11-30,0x28736f43f1e871e6aa8b1148d38d4994275d72c4,Extreme Greed,84,5590.528248,87,293.50563218390806,25534.99,71,16,-30.662,1444.262056,8.484505,0.8160919540229885,14.0,35.0,0.2857142857142857,0.6737239565774391,49.0,420.7144897959183,Greed
2024-11-30,0x2c229d22b100a7beb69122eed721cee9b24011dd,Extreme Greed,84,59.744873999999996,2,10429.48,20858.96,2,0,15.303512,44.441362,7.300638999999999,1.0,4.0,0.0,1.0,2.4391998330812164,4.0,5199.805,Greed
2024-11-30,0x3998f134d6aaa2b6a5f723806d00fd2bbbbce891,Extreme Greed,84,19050.661786,27,1846.548148148148,49856.799999999996,27,0,4.44481,1911.268238,4.786233,1.0,,,,0.8473874350163011,,,Greed
2024-11-30,0x47add9a56df66b524d5e2c1993a43cde53b6ed85,Extreme Greed,84,8.570313,1,340.0,340.0,1,0,8.570313,8.570313,0.034,1.0,,,,0.7435558493060146,,,Greed
2024-11-30,0x4f93fead39b70a1824f981a54d4e55b278e9f760,Extreme Greed,84,850.54514,5,23827.612,119138.06,5,0,0.076351,313.695,35.741412000000004,1.0,7.0,0.0,1.0,2.490969859989633,7.0,17140.46285714286,Greed
2024-11-30,0x8477e447846c758f5a675856001ea72298fd9cb5,Extreme Greed,84,40.699929,5,2511.102,12555.51,5,0,1.348256,15.602226,4.394424,1.0,0.0,70.0,0.0,1.109403128375405,70.0,511.4335714285714,Greed
2024-12-01,0x28736f43f1e871e6aa8b1148d38d4994275d72c4,Extreme Greed,81,4458.25495,108,236.58370370370372,25551.04,97,11,-11.881397,481.855811,8.717861,0.8981481481481481,13.0,38.0,0.2549019607843137,0.6233564830422763,51.0,366.4958823529412,Greed
2024-12-01,0x3998f134d6aaa2b6a5f723806d00fd2bbbbce891,Extreme Greed,81,13.566929,2,7.57,15.14,2,0,0.212241,13.354688,0.005082,1.0,,,,0.03282227509031633,,,Greed
2024-12-01,0x47add9a56df66b524d5e2c1993a43cde53b6ed85,Extreme Greed,81,197.422418,2,360.055,720.11,2,0,65.993403,131.429015,0.252037,1.0,,,,1.073649582407018,,,Greed
2024-12-01,0x4f93fead39b70a1824f981a54d4e55b278e9f760,Extreme Greed,81,337.835516,16,22512.660625,360202.57,16,0,0.543628,67.91854,108.060764,1.0,2.0,9.0,0.18181818181818182,1.1511101024610775,11.0,21818.47909090909,Greed
2024-12-01,0x8477e447846c758f5a675856001ea72298fd9cb5,Extreme Greed,81,1169.432253,55,1199.887090909091,65993.79000000001,55,0,0.004367,84.951811,23.097799,1.0,0.0,68.0,0.0,1.490098811857423,68.0,645.6686764705883,Greed
2024-12-01,0xa520ded057a32086c40e7dd6ed4eb8efb82c00e0,Extreme Greed,81,34709.852428,49,857.0120408163266,41993.590000000004,49,0,9.240112,4061.762486,9.07279,1.0,,,,4.116861360137643,,,Greed
2024-12-02,0x28736f43f1e871e6aa8b1148d38d4994275d72c4,Extreme Greed,80,1283.846047,75,141.2892,10596.69,73,2,-13.4992,135.634538,3.708791,0.9733333333333334,2.0,37.0,0.05128205128205128,0.36093318050030343,39.0,119.8423076923077,Greed
2024-12-02,0x2c229d22b100a7beb69122eed721cee9b24011dd,Extreme Greed,80,16196.864846,30,2344.611666666666,70338.34999999999,30,0,5.248869,5226.481974,24.609295,1.0,23.0,0.0,1.0,1.7587710604558968,23.0,2354.125652173913,Greed
2024-12-02,0x4f93fead39b70a1824f981a54d4e55b278e9f760,Extreme Greed,80,754.7378,6,23458.943333333333,140753.66,6,0,6.642207,348.310341,42.226092,1.0,11.0,0.0,1.0,0.9021126633432796,11.0,14545.234545454545,Greed
2024-12-02,0x8477e447846c758f5a675856001ea72298fd9cb5,Extreme Greed,80,254.15562,1,2245.03,2245.03,1,0,254.15562,254.15562,0.78576,1.0,0.0,7.0,0.0,3.548055766692003,7.0,1585.4857142857143,Greed
2024-12-03,0x28736f43f1e871e6aa8b1148d38d4994275d72c4,Extreme Greed,76,1190.358719,37,76.53918918918919,2831.95,37,0,0.145,126.149062,0.953691,1.0,0.0,34.0,0.0,0.4101544063111051,34.0,112.45970588235295,Greed
2024-12-03,0x2c229d22b100a7beb69122eed721cee9b24011dd,Extreme Greed,76,121.535562,26,1913.3607692307692,49747.38,14,12,-28.666854,71.392086,17.41157,0.5384615384615384,33.0,0.0,1.0,0.08983360283761932,33.0,1506.128484848485,Greed
2024-12-03,0x47add9a56df66b524d5e2c1993a43cde53b6ed85,Extreme Greed,76,30.727222,1,437.5,437.5,1,0,30.727222,30.727222,0.04375,1.0,7.0,15.0,0.3181818181818182,0.74559875022532,22.0,338.8090909090909,Greed
2024-12-03,0x4f93fead39b70a1824f981a54d4e55b278e9f760,Extreme Greed,76,1467.1002210000001,4,35366.3475,141465.39,4,0,75.740955,675.967779,42.439612,1.0,5.0,0.0,1.0,2.695835278279954,5.0,28181.266000000003,Greed
2024-12-03,0x8477e447846c758f5a675856001ea72298fd9cb5,Extreme Greed,76,-158.695661,4,3438.6875000000005,13754.750000000002,0,4,-112.995805,-6.779481,4.814159,0.0,0.0,2.0,0.0,4.271952634316118,2.0,1248.83,Greed
2024-12-03,0xae5eacaf9c6b9111fd53034a602c192a04e082ed,Extreme Greed,76,20925.513222,105,3164.3796190476187,332259.86,105,0,0.563574,3008.231185,116.29089,1.0,40.0,0.0,1.0,1.1606973086799293,40.0,5826.4295,Greed
2024-12-04,0x28736f43f1e871e6aa8b1148d38d4994275d72c4,Extreme Greed,78,9066.169646,61,204.4877049180328,12473.75,60,1,-0.058696,1079.467531,4.115812,0.9836065573770492,0.0,35.0,0.0,0.6632728743847347,35.0,115.74600000000001,Greed
2024-12-04,0x2c229d22b100a7beb69122eed721cee9b24011dd,Extreme Greed,78,7591.307059,25,2689.3272,67233.18000000001,25,0,0.065598,3359.100371,15.720147,1.0,12.0,0.0,1.0,1.5409211830368787,12.0,4963.805833333333,Greed
2024-12-04,0x47add9a56df66b524d5e2c1993a43cde53b6ed85,Extreme Greed,78,910.584797,28,1389.1782142857141,38896.99,14,14,-10.198826,234.836255,10.549455,0.5,2.0,62.0,0.03125,1.5018926876164151,64.0,636.34734375,Greed
2024-12-04,0x4f93fead39b70a1824f981a54d4e55b278e9f760,Extreme Greed,78,291.35271,3,13684.976666666667,41054.93,3,0,57.93984,163.50768,12.316475999999998,1.0,9.0,1.0,0.9,2.403585235082797,10.0,21999.749,Greed
2024-12-04,0x8381e6d82f1affd39a336e143e081ef7620a3b7f,Extreme Greed,78,33.26141600000001,5,841.4559999999999,4207.28,2,3,-75.381453,131.31216,1.472543,0.4,,,,0.32415971717843484,,,Greed
2024-12-04,0xb1231a4a2dd02f2276fa3c5e2a2f3436e6bfed23,Extreme Greed,78,274999.139393,44,6249.985227272727,274999.35,44,0,12.362489,24999.96845,27.499921,1.0,,,,1.7200866356489652,,,Greed
2024-12-05,0x271b280974205ca63b716753467d5a371de622ab,Extreme Greed,84,208.81746,3,26319.190000000002,78957.57,3,0,6.732,130.90986,26.529739,1.0,0.0,1.0,0.0,34.22314982353679,1.0,79166.38,Greed
2024-12-05,0x28736f43f1e871e6aa8b1148d38d4994275d72c4,Extreme Greed,84,14685.787664,48,394.9266666666667,18956.48,48,0,0.3032,4396.862703,6.421056,1.0,4.0,28.0,0.125,0.6741285145978019,32.0,127.3690625,Greed
2024-12-05,0x2c229d22b100a7beb69122eed721cee9b24011dd,Extreme Greed,84,2069.92634,30,524.0559999999999,15721.679999999998,30,0,0.11117,314.93022,2.7543159999999998,1.0,3.0,0.0,1.0,0.3671900266026812,3.0,4550.593333333333,Greed
2024-12-05,0x47add9a56df66b524d5e2c1993a43cde53b6ed85,Extreme Greed,84,3174.023699,118,676.6829661016949,79848.59,106,12,-158.805986,293.332094,23.042831,0.8983050847457628,3.0,141.0,0.020833333333333332,1.221339301808568,144.0,587.8670833333333,Greed
2024-12-05,0x4f93fead39b70a1824f981a54d4e55b278e9f760,Extreme Greed,84,1435.68724,2,100718.17,201436.34,2,0,12.35377,1423.33347,60.430901999999996,1.0,0.0,17.0,0.0,3.2786268204055635,17.0,32939.574705882354,Greed
2024-12-05,0xb1231a4a2dd02f2276fa3c5e2a2f3436e6bfed23,Extreme Greed,84,49999.876084999996,4,12499.98,49999.92,4,0,4426.740219,24999.95682,4.999989,1.0,,,,16.503449382319914,,,Greed
2024-12-06,0x083384f897ee0f19899168e3b1bec365f52a9012,Greed,72,-175611.00005600002,33,36736.36242424243,1212299.96,0,33,-117990.1041,-1.75611,121.229992,0.0,,,,0.5904937099454071,,,Greed
2024-12-06,0x28736f43f1e871e6aa8b1148d38d4994275d72c4,Greed,72,389.176232,16,178.71937499999999,2859.5099999999998,16,0,1.6456,126.127846,1.000821,1.0,1.0,36.0,0.02702702702702703,0.5007079765356348,37.0,107.79702702702703,Greed
2024-12-06,0x2c229d22b100a7beb69122eed721cee9b24011dd,Greed,72,-123.870122,4,2599.0625,10396.25,0,4,-116.3565,-2.044579,3.638687,0.0,5.0,0.0,1.0,1.1062542381722396,5.0,2104.0299999999997,Greed
2024-12-06,0x47add9a56df66b524d5e2c1993a43cde53b6ed85,Greed,72,514.886454,38,1074.2602631578948,40821.89,32,6,-11.6551,174.576752,10.356223,0.8421052631578947,0.0,47.0,0.0,1.8027699333052936,47.0,726.223829787234,Greed
2024-12-06,0x4f93fead39b70a1824f981a54d4e55b278e9f760,Greed,72,7206.315268,21,43865.89714285714,921183.84,21,0,0.0718,3154.5744,276.355143,1.0,29.0,9.0,0.7631578947368421,0.5681857451960893,38.0,14773.227894736843,Greed
2024-12-06,0xb1231a4a2dd02f2276fa3c5e2a2f3436e6bfed23,Greed,72,74999.848329,25,2999.9956,74999.89,25,0,15.949989,24999.97223,7.499981,1.0,,,,0.18376383763837642,,,Greed
2024-12-07,0x23e7a7f8d14b550961925fbfdaa92f5d195ba5bd,Extreme Greed,75,3515.031065,25,2081.1432,52028.58,25,0,0.785138,2325.68845,5.2028479999999995,1.0,,,,0.3216403962706481,,,Greed
2024-12-07,0x28736f43f1e871e6aa8b1148d38d4994275d72c4,Extreme Greed,75,4008.012049,36,171.98305555555555,6191.389999999999,36,0,0.12852,1775.80501,1.3901050000000001,1.0,0.0,41.0,0.0,0.5595711684984155,41.0,115.47975609756098,Greed
2024-12-07,0x47add9a56df66b524d5e2c1993a43cde53b6ed85,Extreme Greed,75,1040.616939,74,641.3251351351352,47458.06,63,11,-3.056424,210.476541,14.385922,0.8513513513513513,0.0,97.0,0.0,1.2931562819203268,97.0,562.0854639175258,Greed
2024-12-07,0x4f93fead39b70a1824f981a54d4e55b278e9f760,Extreme Greed,75,2342.996384,4,49620.3625,198481.45,4,0,59.097392,1032.064,59.54443,1.0,,,,6.837160257584003,,,Greed
2024-12-07,0xb1231a4a2dd02f2276fa3c5e2a2f3436e6bfed23,Extreme Greed,75,74999.62263,3,24999.89333333333,74999.68,3,0,24999.85562,24999.89746,7.499966000000001,1.0,0.0,2.0,0.0,40.10888817583828,2.0,2498.835,Greed
2024-12-08,0x28736f43f1e871e6aa8b1148d38d4994275d72c4,Extreme Greed,79,554.009942,43,71.14302325581396,3059.15,43,0,0.248921,105.577605,1.070673,1.0,0.0,49.0,0.0,0.3363225675949026,49.0,85.99632653061224,Greed
2024-12-08,0x47add9a56df66b524d5e2c1993a43cde53b6ed85,Extreme Greed,79,227.072158,27,527.27,14236.29,25,2,-1.91433,38.518,4.183369,0.9259259259259259,0.0,34.0,0.0,0.8609926095054977,34.0,406.66264705882355,Greed
2024-12-08,0x8381e6d82f1affd39a336e143e081ef7620a3b7f,Extreme Greed,79,-21.54374,2,679.26,1358.52,0,2,-18.85823,-2.68551,0.47548,0.0,2.0,0.0,1.0,1.0400518039500513,2.0,690.0300000000001,Greed
2024-12-08,0xbee1707d6b44d4d52bfe19e41f8a828645437aab,Extreme Greed,79,15206.395076,84,3341.8488095238095,280715.3,84,0,0.355718,2872.799131,26.747257,1.0,,,,0.3138372962050544,,,Greed
2024-12-09,0x28736f43f1e871e6aa8b1148d38d4994275d72c4,Extreme Greed,78,768.430838,129,88.15782945736434,11372.36,126,3,-0.639806,65.581061,3.98027,0.9767441860465116,0.0,32.0,0.0,0.33706425729890094,32.0,83.96875,Greed
2024-12-09,0x39cef799f8b69da1995852eea189df24eb5cae3c,Extreme Greed,78,483.662076,8,603.1,4824.8,8,0,10.0245,100.686078,0.48248,1.0,,,,1.075573167279932,,,Greed
2024-12-09,0x47add9a56df66b524d5e2c1993a43cde53b6ed85,Extreme Greed,78,311.290605,22,371.52181818181816,8173.48,19,3,-2.016795,104.706128,2.746268,0.8636363636363636,0.0,23.0,0.0,0.7749203869494682,23.0,363.0817391304348,Greed
2024-12-09,0x4f93fead39b70a1824f981a54d4e55b278e9f760,Extreme Greed,78,2350.499742,7,28524.567142857144,199671.97,7,0,13.67366,1016.284032,59.901585,1.0,7.0,3.0,0.7,1.9330598802858492,10.0,15999.688999999998,Greed
2024-12-09,0x75f7eeb85dc639d5e99c78f95393aa9a5f1170d4,Extreme Greed,78,0.01574,4,14.6425,58.57,3,0,0.0,0.01224,0.019673,1.0,3.0,0.0,1.0,0.03845465571749548,3.0,19.516666666666666,Greed
2024-12-09,0xbee1707d6b44d4d52bfe19e41f8a828645437aab,Extreme Greed,78,2397.068675,9,10035.15111111111,90316.36,9,0,0.361305,1929.608825,15.778296000000001,1.0,13.0,0.0,1.0,0.8794530406621087,13.0,10201.963076923075,Greed
2024-12-10,0x23e7a7f8d14b550961925fbfdaa92f5d195ba5bd,Extreme Greed,78,2517.787385,63,866.4238095238095,54584.7,63,0,0.546214,205.105422,19.104602,1.0,,,,1.155094368160064,,,Greed
2024-12-10,0x28736f43f1e871e6aa8b1148d38d4994275d72c4,Extreme Greed,78,980.557461,110,135.05454545454546,14856.0,106,4,-17.95399,65.49781,4.143798,0.9636363636363636,0.0,30.0,0.0,0.3706425729890095,30.0,77.78733333333334,Greed
2024-12-10,0x2c229d22b100a7beb69122eed721cee9b24011dd,Extreme Greed,78,130.883691,7,1368.2257142857143,9577.58,7,0,4.22124,39.81861,3.352147,1.0,5.0,0.0,1.0,1.2418653174064995,5.0,1889.452,Greed
2024-12-10,0x47add9a56df66b524d5e2c1993a43cde53b6ed85,Extreme Greed,78,1474.670598,76,542.8668421052631,41257.88,67,9,-76.40042,115.55922,12.91464,0.881578947368421,12.0,53.0,0.18461538461538463,0.9681547797872979,65.0,562.8575384615384,Greed
2024-12-10,0x4f93fead39b70a1824f981a54d4e55b278e9f760,Extreme Greed,78,3986.312514,12,25064.081666666665,300768.98,12,0,1.031472,992.352792,90.230689,1.0,20.0,4.0,0.8333333333333334,2.0690948196937775,24.0,16673.839583333334,Greed
2024-12-10,0x75f7eeb85dc639d5e99c78f95393aa9a5f1170d4,Extreme Greed,78,3634.56814,147,725.2630612244898,106613.67,147,0,0.00114,805.704,19.03765,1.0,1.0,5.0,0.16666666666666666,0.2279641301970453,6.0,17962.646666666667,Greed
2024-12-10,0xbee1707d6b44d4d52bfe19e41f8a828645437aab,Extreme Greed,78,26600.990442,708,1219.1856920903954,863183.47,535,173,-342.673578,2979.554311,109.375158,0.7556497175141242,,,,0.6317989315470425,,,Greed
2024-12-11,0x28736f43f1e871e6aa8b1148d38d4994275d72c4,Greed,74,1582.001112,40,147.88,5915.2,32,8,-58.924386,467.5374,2.070297,0.8,7.0,45.0,0.1346153846153846,0.33713168363562807,52.0,107.79442307692308,Greed
2024-12-11,0x2c229d22b100a7beb69122eed721cee9b24011dd,Greed,74,8544.6855,10,6650.364,66503.64,10,0,29.532053,6608.942866,9.909002000000001,1.0,9.0,0.0,1.0,2.7987481091231547,9.0,6439.93,Greed
2024-12-11,0x39cef799f8b69da1995852eea189df24eb5cae3c,Greed,74,3721.345649,4,40012.55,160050.2,4,0,828.824038,1046.272969,56.017569,1.0,,,,59.1451502376093,,,Greed
2024-12-11,0x47add9a56df66b524d5e2c1993a43cde53b6ed85,Greed,74,1157.689489,110,395.7755454545454,43535.31,109,1,-16.303168,143.557284,11.627856,0.990909090909091,31.0,182.0,0.14553990610328638,0.5992008652286246,213.0,261.904882629108,Greed
2024-12-11,0x4f93fead39b70a1824f981a54d4e55b278e9f760,Greed,74,1083.777057,8,32495.41875,259963.35,8,0,1.042,322.261267,77.989005,1.0,1.0,21.0,0.045454545454545456,2.2689919201974433,22.0,19998.912727272727,Greed
2024-12-11,0x6d6a4b953f202f8df5bed40692e7fd865318264a,Greed,74,698.009722,8,136.67374999999998,1093.3899999999999,8,0,45.687499,102.387103,0.382683,1.0,,,,0.4354843236870912,,,Greed
2024-12-11,0x75f7eeb85dc639d5e99c78f95393aa9a5f1170d4,Greed,74,1567.4026840000001,11,7415.44,81569.84,8,3,-1149.124536,2512.19454,18.072227,0.7272727272727273,12.0,0.0,1.0,2.5963454158630426,12.0,6666.869166666667,Greed
2024-12-11,0xa520ded057a32086c40e7dd6ed4eb8efb82c00e0,Greed,74,994.238977,15,165.00133333333332,2475.02,15,0,2.514094,400.13354,0.620024,1.0,,,,0.10970750701802046,,,Greed
2024-12-11,0xaf40fdc468c30116bd3307bcbf4a451a7ebf1deb,Greed,74,39.7705,1,7158.62,7158.62,1,0,39.7705,39.7705,2.505516,1.0,,,,7.152897681854516,,,Greed
2024-12-11,0xb1231a4a2dd02f2276fa3c5e2a2f3436e6bfed23,Greed,74,274998.942584,156,1762.8148717948718,274999.12,156,0,8.949705,24999.95551,27.499848,1.0,,,,0.17564575645756458,,,Greed
2024-12-11,0xbee1707d6b44d4d52bfe19e41f8a828645437aab,Greed,74,24663.690943,519,1138.0727360308285,590659.75,519,0,0.086912,1694.943538,27.918405,1.0,,,,0.19949068563678138,,,Greed
2024-12-12,0x28736f43f1e871e6aa8b1148d38d4994275d72c4,Extreme Greed,83,5806.86932,87,149.09505747126437,12971.27,82,5,-53.409456,484.409959,4.240023,0.9425287356321839,2.0,50.0,0.038461538461538464,0.5814173015980042,52.0,159.42538461538464,Greed
2024-12-12,0x2c229d22b100a7beb69122eed721cee9b24011dd,Extreme Greed,83,7639.595794,39,4522.039743589743,176359.55,39,0,7.683641,1681.845686,61.725831,1.0,23.0,0.0,1.0,3.020859631735434,23.0,7335.658260869566,Greed
2024-12-12,0x420ab45e0bd8863569a5efbb9c05d91f40624641,Extreme Greed,83,1762.46,10,6750.81,67508.1,10,0,13.02714,406.80486,17.102716,1.0,,,,4.584192683695995,,,Greed
2024-12-12,0x47add9a56df66b524d5e2c1993a43cde53b6ed85,Extreme Greed,83,568.35285,59,553.6425423728814,32664.91,45,14,-156.735648,116.951289,10.975358,0.7627118644067796,16.0,68.0,0.19047619047619047,0.930571411404194,84.0,425.8847619047619,Greed
2024-12-12,0x6d6a4b953f202f8df5bed40692e7fd865318264a,Extreme Greed,83,362.84131,4,133.0725,532.29,4,0,7.495621,121.087103,0.1863,1.0,,,,0.48238695371487916,,,Greed
2024-12-12,0x75f7eeb85dc639d5e99c78f95393aa9a5f1170d4,Extreme Greed,83,323.34897900000016,29,2089.336551724138,60590.76,4,25,-109.721232,1175.7532,11.818831,0.13793103448275862,0.0,23.0,0.0,2.9824627681784746,23.0,5421.707826086957,Greed
2024-12-12,0xa520ded057a32086c40e7dd6ed4eb8efb82c00e0,Extreme Greed,83,2512.437585,4,1374.4125000000001,5497.650000000001,4,0,75.059288,2052.301115,1.8742159999999999,1.0,,,,1.1327311418998458,,,Greed
2024-12-12,0xaf40fdc468c30116bd3307bcbf4a451a7ebf1deb,Extreme Greed,83,15.24474,1,771.87,771.87,1,0,15.24474,15.24474,0.270154,1.0,,,,0.7712529976019185,,,Greed
2024-12-12,0xb1231a4a2dd02f2276fa3c5e2a2f3436e6bfed23,Extreme Greed,83,449328.107544,314,1430.9824522292993,449328.49,314,0,4.484998,44223.45187,82.264982,1.0,,,,0.2433579335793358,,,Greed
2024-12-12,0xbee1707d6b44d4d52bfe19e41f8a828645437aab,Extreme Greed,83,130826.491662,868,1768.861578341014,1535371.85,848,20,-634.279258,7088.532239,174.98819,0.9769585253456221,0.0,23.0,0.0,0.33747612588922415,23.0,20346.97347826087,Greed
2024-12-13,0x28736f43f1e871e6aa8b1148d38d4994275d72c4,Extreme Greed,76,1522.284412,82,86.38499999999999,7083.57,71,11,-20.680506,100.716145,2.479218,0.8658536585365854,0.0,31.0,0.0,0.35708987930685726,31.0,72.71935483870968,Greed
2024-12-13,0x2c229d22b100a7beb69122eed721cee9b24011dd,Extreme Greed,76,1966.9289449999999,49,1192.552244897959,58435.06,49,0,0.970255,340.24025,20.452246,1.0,14.0,0.0,1.0,1.2755098847217152,14.0,4033.4528571428573,Greed
2024-12-13,0x39cef799f8b69da1995852eea189df24eb5cae3c,Extreme Greed,76,1116.8006,13,2112.866153846154,27467.260000000002,13,0,0.4736,324.527,2.7467230000000002,1.0,7.0,0.0,1.0,2.989892293711919,7.0,3764.3514285714286,Greed
2024-12-13,0x47add9a56df66b524d5e2c1993a43cde53b6ed85,Extreme Greed,76,587.630504,59,763.6438983050847,45054.99,52,7,-48.59314,159.647405,14.83844,0.8813559322033898,32.0,51.0,0.3855421686746988,1.0864928198041217,83.0,460.6890361445783,Greed
2024-12-13,0x4f93fead39b70a1824f981a54d4e55b278e9f760,Extreme Greed,76,6790.274613,27,30187.794444444447,815070.4500000001,27,0,0.557658,1206.432468,244.521118,1.0,15.0,7.0,0.6818181818181818,0.9026142661512236,22.0,9091.35909090909,Greed
2024-12-13,0x75f7eeb85dc639d5e99c78f95393aa9a5f1170d4,Extreme Greed,76,8276.625256,25,3514.4876,87862.19,25,0,0.01289,5949.806984,16.780975,1.0,1.0,0.0,1.0,3.480215934623108,1.0,30000.45,Greed
2024-12-13,0xa0feb3725a9335f49874d7cd8eaad6be45b27416,Extreme Greed,76,2270.1241019999998,164,756.2917073170731,124031.84,164,0,0.001946,143.50715,14.48144,1.0,70.0,0.0,1.0,1.13361281907956,70.0,1370.094,Greed
2024-12-13,0xbee1707d6b44d4d52bfe19e41f8a828645437aab,Extreme Greed,76,9405.233313,70,4348.018571428572,304361.3,70,0,0.247756,1049.047114,18.285204999999998,1.0,,,,0.9571234810529521,,,Greed
2024-12-14,0x28736f43f1e871e6aa8b1148d38d4994275d72c4,Extreme Greed,83,13281.73126,122,205.0317213114754,25013.87,119,3,-70.358176,750.958004,8.070299,0.9754098360655737,0.0,16.0,0.0,0.67042006607781,16.0,132.788125,Greed
2024-12-14,0x39cef799f8b69da1995852eea189df24eb5cae3c,Extreme Greed,83,1898.178342,1,6591.46,6591.46,1,0,1898.178342,1898.178342,0.659146,1.0,,,,9.819387131854544,,,Greed
2024-12-14,0x47add9a56df66b524d5e2c1993a43cde53b6ed85,Extreme Greed,83,1178.021061,32,547.97375,17535.16,28,4,-27.719545,261.670413,5.771796,0.875,14.0,11.0,0.56,1.2658174607943278,25.0,469.7336,Greed
2024-12-14,0x4f93fead39b70a1824f981a54d4e55b278e9f760,Extreme Greed,83,570.1898180000001,6,19941.796666666665,119650.78,6,0,1.103,211.44675,35.895228,1.0,9.0,4.0,0.6923076923076923,0.8918962133501136,13.0,6153.702307692308,Greed
2024-12-14,0x6d6a4b953f202f8df5bed40692e7fd865318264a,Extreme Greed,83,39057.10912,80,664.7225000000001,53177.8,80,0,14.249246,8856.355131,15.692086,1.0,,,,0.9801835686417605,,,Greed
2024-12-14,0x75f7eeb85dc639d5e99c78f95393aa9a5f1170d4,Extreme Greed,83,-33.03286,11,2730.319090909091,30033.51,1,10,-24.0281,4.8095,2.883204,0.09090909090909091,0.0,25.0,0.0,1.9378442327958165,25.0,1200.0184,Greed
2024-12-14,0xa0feb3725a9335f49874d7cd8eaad6be45b27416,Extreme Greed,83,10281.503571,296,1926.725945945946,570310.88,296,0,0.001353,1007.0477,42.49935,1.0,386.0,0.0,1.0,1.5179243525246877,386.0,1485.3534974093263,Greed
2024-12-14,0xb1231a4a2dd02f2276fa3c5e2a2f3436e6bfed23,Extreme Greed,83,100273.248286,50,2005.4666,100273.33,50,0,12.929875,9871.045775,35.095629,1.0,,,,2.430651371731109,,,Greed
2024-12-14,0xbee1707d6b44d4d52bfe19e41f8a828645437aab,Extreme Greed,83,1294.450646,4,3417.6725,13670.69,4,0,0.959771,1231.575068,4.098668,1.0,,,,3.229339090800048,,,Greed
2024-12-15,0x28736f43f1e871e6aa8b1148d38d4994275d72c4,Extreme Greed,80,5389.96219,71,155.64647887323943,11050.9,68,3,-26.91115,625.374405,3.617931,0.9577464788732394,0.0,28.0,0.0,0.3927584114355067,28.0,100.53535714285715,Greed
2024-12-15,0x3998f134d6aaa2b6a5f723806d00fd2bbbbce891,Extreme Greed,80,346.827642,5,70.22200000000001,351.11,5,0,15.663073,168.381001,0.11796899999999999,1.0,,,,0.14494669133844393,,,Greed
2024-12-15,0x39cef799f8b69da1995852eea189df24eb5cae3c,Extreme Greed,80,6623.483154,23,1243.4539130434782,28599.44,23,0,2.134501,1538.595502,2.859932,1.0,,,,1.3438482279857584,,,Greed
2024-12-15,0x47add9a56df66b524d5e2c1993a43cde53b6ed85,Extreme Greed,80,10303.889423,73,524.9405479452055,38320.66,73,0,0.434876,1078.473859,11.435838,1.0,15.0,22.0,0.40540540540540543,0.8592801778525505,37.0,844.3448648648648,Greed
2024-12-15,0x4f93fead39b70a1824f981a54d4e55b278e9f760,Extreme Greed,80,263.914304,5,12020.083999999999,60100.42,5,0,0.3982,111.03897,18.030127,1.0,2.0,14.0,0.125,1.609175334036523,16.0,15008.60125,Greed
2024-12-15,0x6d6a4b953f202f8df5bed40692e7fd865318264a,Extreme Greed,80,18879.21027,15,1635.1666666666667,24527.5,15,0,11.251027,9503.355131,2.452747,1.0,,,,1.1896314592864963,,,Greed
2024-12-15,0x75f7eeb85dc639d5e99c78f95393aa9a5f1170d4,Extreme Greed,80,126.32543000000001,13,257.79307692307697,3351.3100000000004,13,0,3.18325,29.42934,0.539723,1.0,1.0,0.0,1.0,0.3140695524228024,1.0,3224.99,Greed
2024-12-15,0xa0feb3725a9335f49874d7cd8eaad6be45b27416,Extreme Greed,80,3932.676736,236,2207.9711440677966,521081.19,187,49,-56.911611,722.569679,38.477935,0.7923728813559322,512.0,0.0,1.0,1.2042295509595675,512.0,947.5231640625,Greed
2024-12-15,0xb1231a4a2dd02f2276fa3c5e2a2f3436e6bfed23,Extreme Greed,80,49955.768945,26,1921.375769230769,49955.77,26,0,49.38998,4941.198,17.484518,1.0,,,,3.623271297930371,,,Greed
2024-12-15,0xbee1707d6b44d4d52bfe19e41f8a828645437aab,Extreme Greed,80,1703.2571850000002,2,4999.985000000001,9999.970000000001,2,0,10.336246,1692.920939,0.499998,1.0,,,,2.0637565624971166,,,Greed
2024-12-16,0x28736f43f1e871e6aa8b1148d38d4994275d72c4,Extreme Greed,83,13190.248859,156,157.86615384615385,24627.12,154,2,-1.483704,1019.884322,8.179734,0.9871794871794872,0.0,28.0,0.0,0.44123794754231005,28.0,86.7867857142857,Greed
2024-12-16,0x39cef799f8b69da1995852eea189df24eb5cae3c,Extreme Greed,83,6942.186825,9,4533.613333333334,40802.520000000004,9,0,2.056698,1621.662218,4.08025,1.0,,,,9.714019694012842,,,Greed
2024-12-16,0x47add9a56df66b524d5e2c1993a43cde53b6ed85,Extreme Greed,83,333.398209,32,729.104375,23331.34,27,5,-37.811712,180.110341,7.617112,0.84375,0.0,49.0,0.0,1.4620861623505377,49.0,545.8418367346939,Greed
2024-12-16,0x6d6a4b953f202f8df5bed40692e7fd865318264a,Extreme Greed,83,12648.870412,47,341.3504255319149,16043.47,47,0,40.843873,812.670701,5.615201,1.0,,,,0.6328346478794173,,,Greed
2024-12-16,0x75f7eeb85dc639d5e99c78f95393aa9a5f1170d4,Extreme Greed,83,758.93225,8,3227.795,25822.36,4,4,-15.29496,472.08408,2.479037,0.5,1.0,1.0,0.5,0.6069333704491678,2.0,12499.135,Greed
2024-12-16,0x92f17e8d81a944691c10e753af1b1baae1a2cd0d,Extreme Greed,83,55.987393,1,56.07,56.07,1,0,55.987393,55.987393,0.019624,1.0,,,,0.04975292402858261,,,Greed
2024-12-16,0xa0feb3725a9335f49874d7cd8eaad6be45b27416,Extreme Greed,83,3923.071266,164,1712.0513414634145,280776.42,164,0,0.036144,339.151008,15.802674,1.0,162.0,0.0,1.0,2.1550400596236257,162.0,1708.9777160493827,Greed
2024-12-16,0xa520ded057a32086c40e7dd6ed4eb8efb82c00e0,Extreme Greed,83,2069.35811,13,192.29384615384618,2499.82,13,0,9.540728,991.043099,0.334015,1.0,,,,0.11631802952096351,,,Greed
2024-12-16,0xbee1707d6b44d4d52bfe19e41f8a828645437aab,Extreme Greed,83,126852.290809,116,4695.291379310345,544653.8,116,0,0.05339,22883.51252,50.600876,1.0,,,,1.4202489366217326,,,Greed
2024-12-17,0x28736f43f1e871e6aa8b1148d38d4994275d72c4,Extreme Greed,87,4454.939378,79,120.70962025316454,9536.06,78,1,-5.320433,602.181769,3.337595,0.9873417721518988,0.0,23.0,0.0,0.43058458633942415,23.0,102.00739130434783,Greed
2024-12-17,0x2c229d22b100a7beb69122eed721cee9b24011dd,Extreme Greed,87,214.770101,11,692.1336363636364,7613.47,11,0,0.349584,49.750173,2.206318,1.0,4.0,0.0,1.0,0.7974649209743884,4.0,1849.6775,Greed
2024-12-17,0x420ab45e0bd8863569a5efbb9c05d91f40624641,Extreme Greed,87,27.63736,11,1272.9681818181818,14002.65,11,0,0.06402,14.2,4.7048760000000005,1.0,1.0,7.0,0.125,1.5509381898454744,8.0,6533.57625,Greed
2024-12-17,0x47add9a56df66b524d5e2c1993a43cde53b6ed85,Extreme Greed,87,21172.081622,141,545.0193617021276,76847.73,116,25,-30.903222,2077.855821,21.488085,0.8226950354609929,1.0,168.0,0.005917159763313609,0.47525986901399986,169.0,162.57082840236686,Greed
2024-12-17,0x6d6a4b953f202f8df5bed40692e7fd865318264a,Extreme Greed,87,2244.04603,7,401.2685714285714,2808.88,7,0,66.596131,865.749701,0.983103,1.0,,,,0.7952114968984197,,,Greed
2024-12-17,0x75f7eeb85dc639d5e99c78f95393aa9a5f1170d4,Extreme Greed,87,3146.294798,64,1038.92578125,66491.25,64,0,0.327789,544.8,9.938017,1.0,1.0,2.0,0.3333333333333333,0.8348477919392361,3.0,22025.573333333334,Greed
2024-12-17,0xa0feb3725a9335f49874d7cd8eaad6be45b27416,Extreme Greed,87,9080.193597,260,2377.9966153846153,618279.12,260,0,0.045804,482.5006,36.168278,1.0,339.0,0.0,1.0,2.7119060927892678,339.0,1801.401592920354,Greed
2024-12-17,0xa520ded057a32086c40e7dd6ed4eb8efb82c00e0,Extreme Greed,87,256.200336,1,299.74,299.74,1,0,256.200336,256.200336,0.029973,1.0,,,,1.3571493253644842,,,Greed
2024-12-17,0xb1231a4a2dd02f2276fa3c5e2a2f3436e6bfed23,Extreme Greed,87,50346.757308,30,1678.2306666666666,50346.92,30,0,89.014218,15821.26862,17.621417,1.0,0.0,7.0,0.0,1.479199422429007,7.0,7142.851428571429,Greed
2024-12-17,0xbee1707d6b44d4d52bfe19e41f8a828645437aab,Extreme Greed,87,128648.384642,269,2543.013494423792,684070.63,269,0,0.884263,6081.76222,165.351132,1.0,,,,1.313366734021646,,,Greed
2024-12-18,0x23e7a7f8d14b550961925fbfdaa92f5d195ba5bd,Extreme Greed,81,1613.165903,15,3817.032666666667,57255.490000000005,15,0,1.46884,1248.389773,20.039416,1.0,,,,1.7327009712304051,,,Greed
2024-12-18,0x28736f43f1e871e6aa8b1148d38d4994275d72c4,Extreme Greed,81,3624.489655,85,145.2575294117647,12346.89,80,5,-5.206103,411.171454,4.3213859999999995,0.9411764705882353,0.0,24.0,0.0,0.6318522014698941,24.0,52.145833333333336,Greed
2024-12-18,0x39cef799f8b69da1995852eea189df24eb5cae3c,Extreme Greed,81,136.054186,3,243.15666666666667,729.47,3,0,5.961528,121.908187,0.07294700000000001,1.0,,,,0.617463911689782,,,Greed
2024-12-18,0x47add9a56df66b524d5e2c1993a43cde53b6ed85,Extreme Greed,81,3311.822419,83,448.80253012048195,37250.61,47,36,-79.352953,702.181989,10.056419,0.5662650602409639,1.0,62.0,0.015873015873015872,0.7340323259027819,63.0,401.2703174603174,Greed
2024-12-18,0x4f93fead39b70a1824f981a54d4e55b278e9f760,Extreme Greed,81,-4627.220257,40,37662.159,1506486.3599999999,5,35,-919.50252,380.97153,451.945893,0.125,22.0,0.0,1.0,0.9025910557385167,22.0,10908.866363636364,Greed
2024-12-18,0x75f7eeb85dc639d5e99c78f95393aa9a5f1170d4,Extreme Greed,81,2507.193252,110,683.5050909090909,75185.56,109,1,-0.491487,212.83836,9.930964,0.990909090909091,0.0,3.0,0.0,0.11677569443063646,3.0,23488.12,Greed
2024-12-18,0xa0feb3725a9335f49874d7cd8eaad6be45b27416,Extreme Greed,81,2755.818564,154,1643.6653896103896,253124.47,154,0,0.033704,291.973104,15.546281,1.0,160.0,0.0,1.0,2.2675703372461333,160.0,1865.2234375,Greed
2024-12-18,0xb1231a4a2dd02f2276fa3c5e2a2f3436e6bfed23,Extreme Greed,81,2222.47801,18,2654.303888888889,47777.47,18,0,9.31164,698.49392,16.722106,1.0,,,,1.7956842611904382,,,Greed
2024-12-18,0xbee1707d6b44d4d52bfe19e41f8a828645437aab,Extreme Greed,81,2139.192941,235,1615.5048085106382,379643.63,92,143,-418.737195,793.772575,27.8169,0.39148936170212767,,,,0.9039960878751812,,,Greed
2024-12-19,0x28736f43f1e871e6aa8b1148d38d4994275d72c4,Extreme Greed,75,1525.329937,94,169.30627659574466,15914.789999999999,80,14,-43.79144,295.372086,5.570142,0.851063829787234,9.0,13.0,0.4090909090909091,0.6723080035061695,22.0,398.7745454545455,Greed
2024-12-19,0x420ab45e0bd8863569a5efbb9c05d91f40624641,Extreme Greed,75,2229.5212300000003,4,4987.015,19948.06,4,0,8.51529,1057.703049,6.702547,1.0,,,,4.103185115105645,,,Greed
2024-12-19,0x47add9a56df66b524d5e2c1993a43cde53b6ed85,Extreme Greed,75,3491.018544,64,504.79859375,32307.11,63,1,-9.523008,657.576641,8.93551,0.984375,13.0,25.0,0.34210526315789475,0.8192933966232049,38.0,359.0005263157895,Greed
2024-12-19,0x4acb90e786d897ecffb614dc822eb231b4ffb9f4,Extreme Greed,75,7440.638159,36,6395.6305555555555,230242.7,36,0,22.87782,1783.53,80.584924,1.0,53.0,0.0,1.0,1.6456092692209825,53.0,4203.812830188679,Greed
2024-12-19,0x4f93fead39b70a1824f981a54d4e55b278e9f760,Extreme Greed,75,1582.2032900000002,6,40265.395,241592.37,6,0,21.846192,1420.202628,72.477713,1.0,47.0,0.0,1.0,1.138109692410453,47.0,14452.426595744682,Greed
2024-12-19,0x75f7eeb85dc639d5e99c78f95393aa9a5f1170d4,Extreme Greed,75,13027.2866,214,1628.7360747663552,348549.52,205,9,-47.948736,1117.83768,71.590944,0.9579439252336449,13.0,2.0,0.8666666666666667,0.9950887797506611,15.0,22092.017333333333,Greed
2024-12-19,0xa0feb3725a9335f49874d7cd8eaad6be45b27416,Extreme Greed,75,5687.811638,189,2189.7896825396824,413870.25,189,0,0.004621,1210.344392,40.299997,1.0,250.0,0.0,1.0,1.8629215576672256,250.0,1747.6358,Greed
2024-12-19,0xbd5fead7180a9c139fa51a103cb6a2ce86ddb5c3,Extreme Greed,75,-128.0,12,8414.333333333334,100972.0,0,12,-41.86112,-0.01408,10.097195000000001,0.0,8.0,17.0,0.32,0.5964614268809405,25.0,4960.8,Greed
2024-12-19,0xbee1707d6b44d4d52bfe19e41f8a828645437aab,Extreme Greed,75,27888.195088,1577,1568.5721369689281,2473638.26,1470,107,-1125.438258,7910.753444,422.42768,0.932149651236525,,,,0.5625893837480739,,,Greed
2024-12-20,0x23e7a7f8d14b550961925fbfdaa92f5d195ba5bd,Greed,74,1245.51851,21,8166.33380952381,171493.01,21,0,0.72076,127.75,60.022546,1.0,13.0,0.0,1.0,20.229843457969167,13.0,13095.982307692308,Greed
2024-12-20,0x28736f43f1e871e6aa8b1148d38d4994275d72c4,Greed,74,7812.716373,121,275.6774380165289,33356.97,111,10,-103.682961,652.303134,11.156824,0.9173553719008265,15.0,27.0,0.35714285714285715,1.0111927718967029,42.0,436.9390476190476,Greed
2024-12-20,0x2c229d22b100a7beb69122eed721cee9b24011dd,Greed,74,305.55784,10,1450.397,14503.97,10,0,0.95372,89.3664,5.07638,1.0,1.0,0.0,1.0,1.5299671378644828,1.0,14198.4,Greed
2024-12-20,0x3998f134d6aaa2b6a5f723806d00fd2bbbbce891,Greed,74,22.80272,1,22.84,22.84,1,0,22.80272,22.80272,0.007674,1.0,,,,0.050026434047052606,,,Greed
2024-12-20,0x39cef799f8b69da1995852eea189df24eb5cae3c,Greed,74,1676.3027260000001,3,3613.853333333334,10841.560000000001,3,0,0.10827,1637.378136,1.2017229999999999,1.0,0.0,1.0,0.0,0.7285816437499069,1.0,509.19,Greed
2024-12-20,0x47add9a56df66b524d5e2c1993a43cde53b6ed85,Greed,74,6049.6938279999995,56,804.7089285714285,45063.7,54,2,-11.862512,708.138777,13.761507,0.9642857142857143,11.0,25.0,0.3055555555555556,1.461004626569729,36.0,570.5527777777778,Greed
2024-12-20,0x4acb90e786d897ecffb614dc822eb231b4ffb9f4,Greed,74,53635.529649,108,10973.495462962963,1185137.51,99,9,-6169.375076,5413.567874,414.798078,0.9166666666666666,129.0,0.0,1.0,2.157649150094434,129.0,8577.695658914728,Greed
2024-12-20,0x75f7eeb85dc639d5e99c78f95393aa9a5f1170d4,Greed,74,3509.273443,204,581.3232843137255,118589.95,197,7,-79.926516,1247.887313,20.170091,0.9656862745098039,0.0,15.0,0.0,0.4892330940687571,15.0,7310.527333333333,Greed
2024-12-20,0xa0feb3725a9335f49874d7cd8eaad6be45b27416,Greed,74,5930.482942,163,969.3247852760736,157999.94,163,0,0.161431,409.871943,17.502564,1.0,80.0,0.0,1.0,1.9418855971678777,80.0,1478.603,Greed
2024-12-20,0xa520ded057a32086c40e7dd6ed4eb8efb82c00e0,Greed,74,23353.625678,11,2454.8154545454545,27002.97,11,0,11.904533,13404.23882,4.1413210000000005,1.0,,,,3.047631984062302,,,Greed
2024-12-20,0xbd5fead7180a9c139fa51a103cb6a2ce86ddb5c3,Greed,74,11799.68,41,3773.4251219512194,154710.43,41,0,8.038532,1220.455652,15.471021,1.0,0.0,25.0,0.0,1.2315246020536703,25.0,1317.2047999999998,Greed
2024-12-20,0xbee1707d6b44d4d52bfe19e41f8a828645437aab,Greed,74,139628.47633,740,2689.827243243243,1990472.16,672,68,-298.904444,5962.753141,208.501625,0.9081081081081082,,,,1.660364824092784,,,Greed
2024-12-21,0x28736f43f1e871e6aa8b1148d38d4994275d72c4,Greed,73,7465.899936,55,318.0521818181818,17492.87,54,1,-0.951426,729.384876,5.734982,0.9818181818181818,3.0,28.0,0.0967741935483871,0.8281976940192839,31.0,84.62129032258065,Greed
2024-12-21,0x47add9a56df66b524d5e2c1993a43cde53b6ed85,Greed,73,7454.276452,95,527.0014736842105,50065.14,86,9,-96.246567,928.280868,13.642439,0.9052631578947369,0.0,100.0,0.0,0.8128041819383525,100.0,438.7731,Greed
2024-12-21,0x4f93fead39b70a1824f981a54d4e55b278e9f760,Greed,73,1367.500173,28,26144.540714285715,732047.14,28,0,0.044136,372.003968,219.614133,1.0,22.0,0.0,1.0,0.9507004386768003,22.0,12688.13318181818,Greed
2024-12-21,0x6d6a4b953f202f8df5bed40692e7fd865318264a,Greed,73,27649.187167,89,372.85966292134833,33184.51,89,0,1.390236,575.894206,11.614553,1.0,,,,0.9370701995677436,,,Greed
2024-12-21,0x75f7eeb85dc639d5e99c78f95393aa9a5f1170d4,Greed,73,24.404600000000002,4,1610.2875,6441.15,4,0,1.24828,9.9924,0.8192429999999999,1.0,4.0,0.0,1.0,3.323961585111248,4.0,1604.185,Greed
2024-12-21,0xa0feb3725a9335f49874d7cd8eaad6be45b27416,Greed,73,2600.050242,105,2506.136095238095,263144.29,105,0,0.006634,334.42626,43.354544,1.0,226.0,0.0,1.0,1.8635736910750882,226.0,1225.6771238938054,Greed
2024-12-21,0xbee1707d6b44d4d52bfe19e41f8a828645437aab,Greed,73,103460.844587,558,2404.071810035842,1341472.07,558,0,0.051419,2727.688235,217.155739,1.0,0.0,27.0,0.0,1.3585591570478222,27.0,12957.476296296296,Greed
2024-12-22,0x28736f43f1e871e6aa8b1148d38d4994275d72c4,Greed,73,1174.025529,42,133.05619047619047,5588.36,41,1,-0.132799,236.89507,1.955907,0.9761904761904762,5.0,14.0,0.2631578947368421,0.628548310970265,19.0,294.7310526315789,Greed
2024-12-22,0x47add9a56df66b524d5e2c1993a43cde53b6ed85,Greed,73,1063.854341,45,523.1042222222222,23539.69,30,15,-11.39022,341.373921,7.081732,0.6666666666666666,0.0,49.0,0.0,1.0526347413326924,49.0,350.7771428571429,Greed
2024-12-22,0x72743ae2822edd658c0c50608fd7c5c501b2afbd,Greed,73,327545.999992,104,14265.865288461539,1483649.99,104,0,4.440068,32004.8836,148.364951,1.0,,,,6.610403492472603,,,Greed
2024-12-22,0xa0feb3725a9335f49874d7cd8eaad6be45b27416,Greed,73,2718.982224,81,2675.131851851852,216685.68,81,0,0.171808,810.006072,27.546217,1.0,210.0,0.0,1.0,1.9346376001490588,210.0,1398.8731428571427,Greed
2024-12-22,0xbee1707d6b44d4d52bfe19e41f8a828645437aab,Greed,73,19694.301887,81,3504.8159259259264,283890.09,81,0,0.58869,1698.638076,14.194469999999999,1.0,,,,3.1313329827183733,,,Greed
2024-12-23,0x28736f43f1e871e6aa8b1148d38d4994275d72c4,Greed,70,122.889996,30,243.22,7296.6,29,1,-0.778884,29.963304,2.5538000000000003,0.9666666666666667,6.0,1.0,0.8571428571428571,0.6737239565774391,7.0,665.8485714285715,Greed
2024-12-23,0x2c229d22b100a7beb69122eed721cee9b24011dd,Greed,70,6.476289999999996,23,4811.191739130435,110657.41,12,11,-26.50785,39.873965,38.730078,0.5217391304347826,6.0,0.0,1.0,3.245516665797298,6.0,18441.838333333333,Greed
2024-12-23,0x420ab45e0bd8863569a5efbb9c05d91f40624641,Greed,70,12082.95,2,13593.75,27187.5,2,0,3477.795222,8605.154778,2.609998,1.0,,,,10.7172421948912,,,Greed
2024-12-23,0x47add9a56df66b524d5e2c1993a43cde53b6ed85,Greed,70,4704.4420789999995,230,502.91952173913046,115671.49,193,37,-241.007336,429.382516,28.906624,0.8391304347826087,18.0,170.0,0.09574468085106383,0.956798654088806,188.0,397.94388297872337,Greed
2024-12-23,0x75f7eeb85dc639d5e99c78f95393aa9a5f1170d4,Greed,70,657.693565,50,586.8596,29342.98,50,0,0.23283,121.081938,3.824571,1.0,0.0,1.0,0.0,0.6385580498280078,1.0,30000.66,Greed
2024-12-23,0x92f17e8d81a944691c10e753af1b1baae1a2cd0d,Greed,70,8639.369933,54,3610.9225925925925,194989.82,54,0,3.217,650.711718,68.246408,1.0,,,,2.333828077784493,,,Greed
2024-12-23,0xb1231a4a2dd02f2276fa3c5e2a2f3436e6bfed23,Greed,70,20549.813184,44,4068.9020454545457,179031.69,44,0,1.284496,11734.21483,62.661071,1.0,0.0,19.0,0.0,1.2272902294240335,19.0,2630.277894736842,Greed
2024-12-23,0xbee1707d6b44d4d52bfe19e41f8a828645437aab,Greed,70,-76194.26162399999,971,2752.784160659114,2672953.42,297,674,-22634.46345,4757.897801,652.409226,0.305870236869207,0.0,20.0,0.0,0.9945470146981482,20.0,21357.095,Greed
2024-12-24,0x28736f43f1e871e6aa8b1148d38d4994275d72c4,Greed,73,1555.956456,16,532.068125,8513.09,15,1,-3.148875,549.60024,1.9441350000000002,0.9375,1.0,26.0,0.037037037037037035,1.1730159800418043,27.0,149.46925925925927,Greed
2024-12-24,0x2c229d22b100a7beb69122eed721cee9b24011dd,Greed,73,343.63336100000004,6,2439.471666666667,14636.83,6,0,17.301312,121.10451,5.122886,1.0,5.0,0.0,1.0,2.6992540816858797,5.0,2858.704,Greed
2024-12-24,0x39cef799f8b69da1995852eea189df24eb5cae3c,Greed,73,14849.788861,16,10536.14125,168578.26,16,0,46.115883,4930.629033,16.857817,1.0,,,,5.816586470421738,,,Greed
2024-12-24,0x47add9a56df66b524d5e2c1993a43cde53b6ed85,Greed,73,1506.989241,62,293.0867741935484,18171.38,51,11,-1.672632,227.128184,5.097566,0.8225806451612904,3.0,46.0,0.061224489795918366,0.7505858318812714,49.0,481.90836734693875,Greed
2024-12-24,0x4f93fead39b70a1824f981a54d4e55b278e9f760,Greed,73,2081.2674110000003,21,33512.43523809524,703761.14,21,0,0.145236,580.801557,211.12832,1.0,3.0,8.0,0.2727272727272727,1.936372521966077,11.0,21141.127272727274,Greed
2024-12-24,0xaf40fdc468c30116bd3307bcbf4a451a7ebf1deb,Greed,73,3.43,1,963.83,963.83,1,0,3.43,3.43,0.33734,1.0,,,,0.9630595523581136,,,Greed
2024-12-24,0xbee1707d6b44d4d52bfe19e41f8a828645437aab,Greed,73,-5527.285214,49,4269.86306122449,209223.29,4,45,-945.01264,142.107811,49.697,0.08163265306122448,,,,1.7458964209593935,,,Greed
2024-12-25,0x28736f43f1e871e6aa8b1148d38d4994275d72c4,Greed,73,1530.919365,36,435.9211111111111,15693.16,30,6,-203.185178,650.161302,5.492574,0.8333333333333334,0.0,24.0,0.0,0.6843098914435979,24.0,75.10916666666667,Greed
2024-12-25,0x47add9a56df66b524d5e2c1993a43cde53b6ed85,Greed,73,271.246809,40,558.05075,22322.03,30,10,-105.754743,78.424952,7.500155,0.75,1.0,50.0,0.0196078431372549,1.0227422940575617,51.0,321.9792156862745,Greed
2024-12-25,0x7f4f299f74eec87806a830e3caa9afa5f2b9db8f,Greed,73,14.21524,3,1128.07,3384.21,3,0,1.204,8.37232,1.1844739999999998,1.0,1.0,0.0,1.0,2.615672777702611,1.0,3370.0,Greed
2024-12-25,0xbee1707d6b44d4d52bfe19e41f8a828645437aab,Greed,73,-1059.724367,3,23800.593333333334,71401.78,0,3,-942.04641,-5.858677,21.420533,0.0,,,,6.934776390695786,,,Greed
2024-12-26,0x28736f43f1e871e6aa8b1148d38d4994275d72c4,Extreme Greed,79,101.860928,31,152.4474193548387,4725.87,28,3,-1.129113,20.834242,1.654036,0.9032258064516129,6.0,6.0,0.5,0.6905805407592205,12.0,691.8775,Greed
2024-12-26,0x3f9a0aadc7f04a7c9d75dc1b5a6ddd6e36486cf6,Extreme Greed,79,29897.971695000004,10,3754.263,37542.63,10,0,8.266359,20665.89598,3.7542630000000003,1.0,,,,0.5297583349725806,,,Greed
2024-12-26,0x47add9a56df66b524d5e2c1993a43cde53b6ed85,Extreme Greed,79,9136.439892,62,1469.4824193548388,91107.91,56,6,-194.851098,1350.793102,15.94867,0.9032258064516129,0.0,78.0,0.0,1.2739740431412605,78.0,397.41602564102567,Greed
2024-12-26,0x4f93fead39b70a1824f981a54d4e55b278e9f760,Extreme Greed,79,7617.597338,8,42801.93875,342415.51,8,0,21.972237,1933.962563,102.724649,1.0,12.0,1.0,0.9230769230769231,0.3428900058541819,13.0,7692.200000000001,Greed
2024-12-26,0xb1231a4a2dd02f2276fa3c5e2a2f3436e6bfed23,Extreme Greed,79,10371.049075,61,1878.7534426229506,114603.95999999999,61,0,1.2363,1629.3284,40.111361,1.0,,,,1.1826728702069629,,,Greed
2024-12-26,0xbee1707d6b44d4d52bfe19e41f8a828645437aab,Extreme Greed,79,3103.720794,199,3658.0323618090456,727948.4400000001,195,4,-12.0,736.528668,205.178048,0.9798994974874372,0.0,14.0,0.0,1.7133445899188973,14.0,26331.363571428574,Greed
2024-12-27,0x28736f43f1e871e6aa8b1148d38d4994275d72c4,Greed,74,388.366016,26,275.2146153846154,7155.58,26,0,0.07744,145.102261,2.504428,1.0,12.0,21.0,0.36363636363636365,0.6737913829141663,33.0,237.1969696969697,Greed
2024-12-27,0x47add9a56df66b524d5e2c1993a43cde53b6ed85,Greed,74,1473.2450880000001,76,496.3342105263158,37721.4,70,6,-18.962432,755.167624,5.714368,0.9210526315789473,0.0,36.0,0.0,0.793576879168419,36.0,321.72333333333336,Greed
2024-12-27,0x4acb90e786d897ecffb614dc822eb231b4ffb9f4,Greed,74,357.346725,9,7210.434444444445,64893.91,9,0,9.01875,138.395725,22.712863,1.0,9.0,0.0,1.0,3.3915980661646907,9.0,7170.732222222223,Greed
2024-12-27,0x8170715b3b381dffb7062c0298972d4727a0a63b,Greed,74,453.853206,5,1999.8919999999998,9999.46,5,0,1.281382,236.176448,0.999946,1.0,0.0,24.0,0.0,0.9531637362218238,24.0,624.9812499999999,Greed
2024-12-28,0x28736f43f1e871e6aa8b1148d38d4994275d72c4,Greed,72,506.512551,30,189.66733333333332,5690.0199999999995,23,7,-13.603764,84.684063,1.991505,0.7666666666666667,4.0,13.0,0.23529411764705882,0.8985907895624031,17.0,154.10529411764705,Greed
2024-12-28,0x47add9a56df66b524d5e2c1993a43cde53b6ed85,Greed,72,74.156745,10,556.1769999999999,5561.7699999999995,10,0,0.25837,40.19664,1.868748,1.0,0.0,33.0,0.0,0.30057681908309797,33.0,204.48151515151514,Greed
2024-12-28,0x4f93fead39b70a1824f981a54d4e55b278e9f760,Greed,72,16.972942,3,33351.306666666664,100053.92,3,0,1.020901,8.707041,30.016171,1.0,0.0,3.0,0.0,0.75922678378469,3.0,3333.1566666666663,Greed
2024-12-28,0x8170715b3b381dffb7062c0298972d4727a0a63b,Greed,72,343.092145,1,4999.89,4999.89,1,0,343.092145,343.092145,0.499989,1.0,,,,9.534860215873985,,,Greed
2024-12-28,0xbaaaf6571ab7d571043ff1e313a9609a10637864,Greed,72,-0.06076,2,86.495,172.99,0,2,-0.048,-0.01276,0.058121000000000006,0.0,2.0,0.0,1.0,0.14530962599632127,2.0,86.52000000000001,Greed
2024-12-29,0x28736f43f1e871e6aa8b1148d38d4994275d72c4,Greed,73,115.51218300000001,17,131.1094117647059,2228.86,17,0,0.2583,40.7141,0.78009,1.0,1.0,15.0,0.0625,0.7080776751399096,16.0,159.676875,Greed
2024-12-29,0x47add9a56df66b524d5e2c1993a43cde53b6ed85,Greed,73,1609.679253,39,411.10153846153844,16032.96,39,0,0.050922,787.234028,3.7671479999999997,1.0,4.0,40.0,0.09090909090909091,0.6072372769332453,44.0,471.37227272727273,Greed
2024-12-29,0x4f93fead39b70a1824f981a54d4e55b278e9f760,Greed,73,390.062046,4,7401.6575,29606.63,4,0,7.4394,164.928246,8.881984,1.0,3.0,7.0,0.3,0.7185170093641121,10.0,4998.788,Greed
2024-12-29,0x8170715b3b381dffb7062c0298972d4727a0a63b,Greed,73,768.814445,4,1918.2925,7673.17,4,0,64.723428,422.026409,0.767315,1.0,,,,2.073210267363362,,,Greed
2024-12-30,0x28736f43f1e871e6aa8b1148d38d4994275d72c4,Greed,65,255.808312,43,411.03767441860464,17674.62,42,1,-1.119,47.261698,6.1860859999999995,0.9767441860465116,13.0,9.0,0.5909090909090909,0.9440361405164857,22.0,761.5359090909092,Greed
2024-12-30,0x2c229d22b100a7beb69122eed721cee9b24011dd,Greed,65,0.19908,1,34.31,34.31,1,0,0.19908,0.19908,0.012008,1.0,1.0,0.0,1.0,0.035689322414062905,1.0,34.11,Greed
2024-12-30,0x47add9a56df66b524d5e2c1993a43cde53b6ed85,Greed,65,228.264155,30,572.8023333333333,17184.07,29,1,-1.61505,30.954078,4.981865,0.9666666666666667,5.0,20.0,0.2,1.442408219671934,25.0,399.7856,Greed
2024-12-30,0x4acb90e786d897ecffb614dc822eb231b4ffb9f4,Greed,65,2227.18659,25,5012.3388,125308.47,25,0,5.9532,443.576,43.857946999999996,1.0,13.0,0.0,1.0,3.004476205152832,13.0,9467.79,Greed
2024-12-30,0x4f93fead39b70a1824f981a54d4e55b278e9f760,Greed,65,4235.298688,9,31578.96777777778,284210.71,9,0,11.2576,3337.404704,85.26320799999999,1.0,13.0,0.0,1.0,1.2317978785682788,13.0,21536.85076923077,Greed
2024-12-30,0x7f4f299f74eec87806a830e3caa9afa5f2b9db8f,Greed,65,838.9844760000001,7,4566.24,31963.68,7,0,22.200489,257.398503,3.1963660000000003,1.0,,,,8.83684548775538,,,Greed
2024-12-30,0x8170715b3b381dffb7062c0298972d4727a0a63b,Greed,65,1211.511836,6,946.8850000000001,5681.31,6,0,14.861796,304.040004,0.568128,1.0,,,,2.149023608833289,,,Greed
2024-12-31,0x28736f43f1e871e6aa8b1148d38d4994275d72c4,Greed,64,496.221792,33,1723.101818181818,56862.36,32,1,-28.111083,185.619692,15.134218,0.9696969696969697,20.0,27.0,0.425531914893617,0.8725642235857326,47.0,1248.7648936170212,Greed
2024-12-31,0x2c229d22b100a7beb69122eed721cee9b24011dd,Greed,64,2243.319777,48,2130.1133333333332,102245.44,48,0,1.1304,112.06624,35.78588,1.0,1.0,0.0,1.0,2.412164206353346,1.0,100002.12,Greed
2024-12-31,0x47add9a56df66b524d5e2c1993a43cde53b6ed85,Greed,64,97.688169,14,701.1642857142857,9816.3,7,7,-26.216,59.09,2.9388389999999998,0.5,10.0,59.0,0.14492753623188406,0.7728474433695848,69.0,412.1301449275362,Greed
2024-12-31,0x4f93fead39b70a1824f981a54d4e55b278e9f760,Greed,64,2301.21954,2,106191.785,212383.57,2,0,509.85512,1791.36442,63.715072000000006,1.0,45.0,0.0,1.0,0.13172940785079318,45.0,6218.582666666667,Greed
2024-12-31,0x8170715b3b381dffb7062c0298972d4727a0a63b,Greed,64,306.563532,3,342.82,1028.46,3,0,16.144524,163.72554,0.10284599999999999,1.0,,,,0.8105381593500895,,,Greed
2025-01-01,0x28736f43f1e871e6aa8b1148d38d4994275d72c4,Greed,66,109.82694000000001,21,179.06619047619046,3760.39,21,0,0.58536,23.225232,1.31613,1.0,2.0,13.0,0.13333333333333333,0.6739262355876205,15.0,412.09133333333335,Greed
2025-01-01,0x39cef799f8b69da1995852eea189df24eb5cae3c,Greed,66,-9655.676981,6,15789.508333333333,94737.05,5,1,-9691.525303,14.508488,9.473702,0.8333333333333334,,,,15.250391049801124,,,Greed
2025-01-01,0x47add9a56df66b524d5e2c1993a43cde53b6ed85,Greed,66,17.784696,3,198.89333333333335,596.6800000000001,3,0,4.742265,7.5597,0.200485,1.0,2.0,7.0,0.2222222222222222,1.5008261731658954,9.0,725.4411111111111,Greed
2025-01-02,0x28736f43f1e871e6aa8b1148d38d4994275d72c4,Greed,70,416.546688,47,327.77872340425535,15405.6,46,1,-4.358652,38.3525,5.391935999999999,0.9787234042553191,0.0,52.0,0.0,0.6729148405367136,52.0,124.05519230769231,Greed
2025-01-02,0x47add9a56df66b524d5e2c1993a43cde53b6ed85,Greed,70,677.276764,45,658.4680000000001,29631.06,43,2,-26.97532,134.821322,8.036176,0.9555555555555556,0.0,41.0,0.0,0.9122754311121792,41.0,353.33414634146345,Greed
2025-01-02,0x4f93fead39b70a1824f981a54d4e55b278e9f760,Greed,70,2399.9471460000004,8,26523.691250000003,212189.53000000003,8,0,1.684785,1192.589928,63.656855,1.0,11.0,0.0,1.0,1.464850408890104,11.0,14534.263636363636,Greed
2025-01-02,0x75f7eeb85dc639d5e99c78f95393aa9a5f1170d4,Greed,70,3429.9583199999997,50,2076.611,103830.55,50,0,0.5637,1408.37316,15.509851000000001,1.0,2.0,1.0,0.6666666666666666,0.6186745670371622,3.0,33762.37666666667,Greed
2025-01-02,0x7f4f299f74eec87806a830e3caa9afa5f2b9db8f,Greed,70,1008.5189540000001,5,6989.664,34948.32,5,0,15.265837,769.717109,3.49483,1.0,,,,6.620027736436207,,,Greed
2025-01-02,0x8170715b3b381dffb7062c0298972d4727a0a63b,Greed,70,739.18423,3,1004.1633333333334,3012.4900000000002,3,0,0.312688,393.579598,1.054367,1.0,,,,2.683569167397689,,,Greed
2025-01-02,0x8477e447846c758f5a675856001ea72298fd9cb5,Greed,70,45.074445,9,295.9822222222222,2663.84,9,0,0.139258,10.834315,0.876847,1.0,2.0,64.0,0.030303030303030304,0.49951994239308717,66.0,338.29742424242426,Greed
2025-01-03,0x28736f43f1e871e6aa8b1148d38d4994275d72c4,Greed,74,236.10317799999999,38,186.73473684210526,7095.92,35,3,-14.35003,55.017824,2.483549,0.9210526315789473,8.0,18.0,0.3076923076923077,0.6748702043018003,26.0,234.425,Greed
2025-01-03,0x47add9a56df66b524d5e2c1993a43cde53b6ed85,Greed,74,846.655814,46,343.655,15808.13,24,22,-9.326694,273.921822,4.771601,0.5217391304347826,0.0,49.0,0.0,0.5933876104067776,49.0,260.0589795918367,Greed
2025-01-03,0x4f93fead39b70a1824f981a54d4e55b278e9f760,Greed,74,3084.287743,29,9755.87896551724,282920.49,29,0,0.173961,914.371164,93.997258,1.0,19.0,0.0,1.0,0.41447091864234564,19.0,9473.787368421052,Greed
2025-01-03,0x7f4f299f74eec87806a830e3caa9afa5f2b9db8f,Greed,74,937.789615,17,1612.6635294117646,27415.28,17,0,0.38768,204.942939,2.741523,1.0,,,,2.0412072114734134,,,Greed
2025-01-03,0x8477e447846c758f5a675856001ea72298fd9cb5,Greed,74,909.1721379999999,32,439.485,14063.52,32,0,0.046648,347.745504,4.325247,1.0,16.0,129.0,0.1103448275862069,0.4435932311877426,145.0,210.33813793103448,Greed
2025-01-04,0x28736f43f1e871e6aa8b1148d38d4994275d72c4,Greed,73,232.66549799999999,48,165.27104166666666,7933.01,40,8,-2.634044,42.608544,2.776526,0.8333333333333334,5.0,27.0,0.15625,0.43537185624705005,32.0,148.3628125,Greed
2025-01-04,0x47add9a56df66b524d5e2c1993a43cde53b6ed85,Greed,73,73.451675,17,520.25,8844.25,15,2,-81.692487,48.545448,2.7917009999999998,0.8823529411764706,0.0,35.0,0.0,1.5019227302769933,35.0,721.1985714285714,Greed
2025-01-04,0x8477e447846c758f5a675856001ea72298fd9cb5,Greed,73,30.818079,2,328.91,657.82,2,0,8.145,22.673079,0.230237,1.0,0.0,49.0,0.0,0.2220066407968956,49.0,176.9761224489796,Greed
2025-01-04,0xa520ded057a32086c40e7dd6ed4eb8efb82c00e0,Greed,73,556.803152,5,213.09399999999997,1065.4699999999998,5,0,34.770377,303.119491,0.356291,1.0,,,,0.4441275015847143,,,Greed
2025-01-04,0xb1231a4a2dd02f2276fa3c5e2a2f3436e6bfed23,Greed,73,1659.7995640000001,13,1707.7030769230769,22200.14,13,0,3.56117,1406.836111,7.770043,1.0,,,,0.16893951548211136,,,Greed
2025-01-05,0x28736f43f1e871e6aa8b1148d38d4994275d72c4,Greed,72,87.752181,47,116.41021276595744,5471.28,44,3,-4.445354,6.9333,1.914931,0.9361702127659575,0.0,35.0,0.0,0.33686197828871955,35.0,80.73742857142857,Greed
2025-01-05,0x47add9a56df66b524d5e2c1993a43cde53b6ed85,Greed,72,8.594753,5,734.9159999999999,3674.58,4,1,-16.868948,17.799054,0.634658,0.8,0.0,33.0,0.0,0.9317130325061587,33.0,395.27818181818185,Greed
2025-01-05,0x4f93fead39b70a1824f981a54d4e55b278e9f760,Greed,72,890.33157,4,47323.83500000001,189295.34000000003,4,0,35.36016,528.237435,61.220799,1.0,15.0,0.0,1.0,1.2894157939121669,15.0,11988.238000000001,Greed
2025-01-05,0x7f4f299f74eec87806a830e3caa9afa5f2b9db8f,Greed,72,1093.05677,7,1828.1614285714284,12797.13,7,0,1.487783,453.504675,1.279708,1.0,,,,2.154393857394128,,,Greed
2025-01-05,0x8477e447846c758f5a675856001ea72298fd9cb5,Greed,72,151.429584,9,262.0988888888889,2358.89,9,0,0.531462,41.875938,0.547861,1.0,0.0,42.0,0.0,0.2220066407968956,42.0,198.17619047619047,Greed
2025-01-05,0xb1231a4a2dd02f2276fa3c5e2a2f3436e6bfed23,Greed,72,956.5545050000001,32,342.58968749999997,10962.869999999999,32,0,2.560177,366.781154,3.8369910000000003,1.0,,,,0.16643670784533932,,,Greed
2025-01-06,0x28736f43f1e871e6aa8b1148d38d4994275d72c4,Extreme Greed,76,114.68421000000001,21,111.64285714285714,2344.5,21,0,0.04419,38.509958,0.703287,1.0,0.0,59.0,0.0,0.33703054413053735,59.0,71.55135593220338,Greed
2025-01-06,0x47add9a56df66b524d5e2c1993a43cde53b6ed85,Extreme Greed,76,559.643925,29,652.2586206896551,18915.5,17,12,-42.68892,144.514965,5.875644,0.5862068965517241,4.0,48.0,0.07692307692307693,0.6435888962326504,52.0,239.22788461538462,Greed
2025-01-06,0x4f93fead39b70a1824f981a54d4e55b278e9f760,Extreme Greed,76,3575.442423,14,12398.31,173576.34,14,0,0.226,1620.3,60.751714,1.0,18.0,0.0,1.0,0.857601539108256,18.0,9443.046111111113,Greed
2025-01-06,0x7f4f299f74eec87806a830e3caa9afa5f2b9db8f,Extreme Greed,76,1260.832586,1,12912.0,12912.0,1,0,1260.832586,1260.832586,1.2912,1.0,,,,21.83736977404952,,,Greed
2025-01-06,0x8477e447846c758f5a675856001ea72298fd9cb5,Extreme Greed,76,272.131501,28,286.32392857142855,8017.07,8,20,-10.725,227.271289,1.346074,0.2857142857142857,0.0,238.0,0.0,0.44366323958875065,238.0,242.1935294117647,Greed
2025-01-06,0xb1231a4a2dd02f2276fa3c5e2a2f3436e6bfed23,Extreme Greed,76,281.45074800000003,28,348.80607142857144,9766.57,28,0,0.70106,115.508263,3.418293,1.0,,,,0.15942563773463825,,,Greed
2025-01-07,0x28736f43f1e871e6aa8b1148d38d4994275d72c4,Extreme Greed,78,267.846227,76,110.45,8394.2,72,4,-2.13003,22.072384,2.937941,0.9473684210526315,0.0,14.0,0.0,0.5160137549726923,14.0,95.5457142857143,Greed
2025-01-07,0x47add9a56df66b524d5e2c1993a43cde53b6ed85,Extreme Greed,78,269.987445,33,1355.5824242424242,44734.22,30,3,-127.698798,80.164539,14.670761,0.9090909090909091,1.0,4.0,0.2,1.8677672294658414,5.0,549.412,Greed
2025-01-07,0x75f7eeb85dc639d5e99c78f95393aa9a5f1170d4,Extreme Greed,78,11206.706221,221,1411.0183710407239,311835.06,221,0,0.002509,815.7288,43.674489,1.0,1.0,10.0,0.09090909090909091,0.9958145268725269,11.0,29214.665454545455,Greed
2025-01-07,0x8477e447846c758f5a675856001ea72298fd9cb5,Extreme Greed,78,4334.417218,169,675.2860355029586,114123.34,161,8,-42.721146,205.09964,35.61333,0.9526627218934911,20.0,33.0,0.37735849056603776,0.6351662199463937,53.0,437.64754716981133,Greed
2025-01-08,0x28736f43f1e871e6aa8b1148d38d4994275d72c4,Greed,70,651.469355,93,233.4922580645161,21714.78,85,8,-0.925,81.75,7.600109,0.9139784946236559,35.0,5.0,0.875,0.6750050569752545,40.0,1209.7265000000002,Greed
2025-01-08,0x47add9a56df66b524d5e2c1993a43cde53b6ed85,Greed,70,1377.989592,84,437.9079761904762,36784.27,59,25,-189.585391,329.807191,9.299835999999999,0.7023809523809523,35.0,34.0,0.5072463768115942,1.0958060445833082,69.0,617.6115942028985,Greed
2025-01-08,0x72743ae2822edd658c0c50608fd7c5c501b2afbd,Greed,70,122050.866984,48,31443.71166666667,1509298.1600000001,48,0,7.86538,74530.52371,184.19824599999998,1.0,,,,1.0018381434750903,,,Greed
2025-01-08,0x75f7eeb85dc639d5e99c78f95393aa9a5f1170d4,Greed,70,3710.36178,45,2484.2846666666665,111792.81,45,0,0.51324,529.72517,13.949576,1.0,1.0,3.0,0.25,2.662895432764003,4.0,28717.8375,Greed
2025-01-08,0x8477e447846c758f5a675856001ea72298fd9cb5,Greed,70,1232.123773,128,563.762890625,72161.65,125,3,-2.754196,96.996537,24.840364,0.9765625,173.0,84.0,0.6731517509727627,0.4439232707924951,257.0,308.7394941634241,Greed
2025-01-08,0xbd5fead7180a9c139fa51a103cb6a2ce86ddb5c3,Greed,70,1023.27508,21,907.4857142857143,19057.2,21,0,1.270458,179.598,2.87638,1.0,0.0,1.0,0.0,0.6516776730159941,1.0,7357.0,Greed
2025-01-09,0x28736f43f1e871e6aa8b1148d38d4994275d72c4,Greed,69,571.688942,49,929.4867346938776,45544.85,49,0,0.137992,73.024,15.940675,1.0,43.0,2.0,0.9555555555555556,1.1430112601982334,45.0,631.554888888889,Greed
2025-01-09,0x47add9a56df66b524d5e2c1993a43cde53b6ed85,Greed,69,279.587921,26,552.9599999999999,14376.96,18,8,-119.443214,199.451415,3.510833,0.6923076923076923,19.0,35.0,0.35185185185185186,1.219732019467644,54.0,425.6533333333333,Greed
2025-01-09,0x4acb90e786d897ecffb614dc822eb231b4ffb9f4,Greed,69,35352.95374,56,9349.163214285714,523553.14,56,0,12.51558,9327.49344,183.243568,1.0,40.0,0.0,1.0,3.5132476319835426,40.0,5523.755999999999,Greed
2025-01-09,0x72c6a4624e1dffa724e6d00d64ceae698af892a0,Greed,69,10647.977,1,38563.98,38563.98,1,0,10647.977,10647.977,3.702142,1.0,,,,73.53854368284057,,,Greed
2025-01-09,0x8477e447846c758f5a675856001ea72298fd9cb5,Greed,69,113.940099,36,1170.6222222222223,42142.4,20,16,-24.94332,66.899425,10.652934,0.5555555555555556,12.0,173.0,0.06486486486486487,0.443843261191343,185.0,305.6597837837838,Greed
2025-01-10,0x28736f43f1e871e6aa8b1148d38d4994275d72c4,Neutral,50,401.706348,40,522.5060000000001,20900.24,37,3,-4.625,72.555,6.006954,0.925,18.0,23.0,0.43902439024390244,0.7823477850448386,41.0,557.5075609756097,Neutral
2025-01-10,0x2c229d22b100a7beb69122eed721cee9b24011dd,Neutral,50,21980.47249,125,1333.36016,166670.02,125,0,1.8582,2503.49092,18.592615,1.0,11.0,0.0,1.0,0.5903917375202128,11.0,13153.611818181816,Neutral
2025-01-10,0x47add9a56df66b524d5e2c1993a43cde53b6ed85,Neutral,50,-271.259943,43,689.2088372093023,29635.98,26,17,-402.637125,163.272676,7.318449,0.6046511627906976,4.0,43.0,0.0851063829787234,1.091149432193715,47.0,462.5612765957447,Neutral
2025-01-10,0x4acb90e786d897ecffb614dc822eb231b4ffb9f4,Neutral,50,2812.7685,27,4195.841481481481,113287.72,27,0,2.4423,514.93944,39.650688,1.0,,,,0.7367711831301897,,,Neutral
2025-01-10,0x4f93fead39b70a1824f981a54d4e55b278e9f760,Neutral,50,-36229.641811,117,28338.239914529913,3315574.07,98,19,-18993.46842,1323.687728,1083.677749,0.8376068376068376,102.0,0.0,1.0,1.677729866901178,102.0,25289.31950980392,Neutral
2025-01-10,0x8477e447846c758f5a675856001ea72298fd9cb5,Neutral,50,1108.449264,132,519.4727272727272,68570.4,115,17,-34.375612,176.24495,23.999568,0.8712121212121212,90.0,28.0,0.7627118644067796,0.44200304036484384,118.0,399.8305084745763,Neutral
2025-01-11,0x28736f43f1e871e6aa8b1148d38d4994275d72c4,Greed,69,157.228232,18,523.8127777777777,9428.63,16,2,-0.96866,62.7375,3.300017,0.8888888888888888,14.0,5.0,0.7368421052631579,2.0347245634144695,19.0,446.8194736842105,Greed
2025-01-11,0x2c229d22b100a7beb69122eed721cee9b24011dd,Greed,69,-2.454844,3,2082.2433333333333,6246.7300000000005,0,3,-1.948118,-0.115893,2.186353,0.0,4.0,0.0,1.0,2.0104532888216577,4.0,1562.3,Greed
2025-01-11,0x47add9a56df66b524d5e2c1993a43cde53b6ed85,Greed,69,52.86400600000002,19,560.2484210526316,10644.72,6,13,-133.045929,229.993244,3.036654,0.3157894736842105,2.0,16.0,0.1111111111111111,0.898876404494382,18.0,305.0433333333333,Greed
2025-01-11,0x4f93fead39b70a1824f981a54d4e55b278e9f760,Greed,69,1559.841529,27,22842.583333333332,616749.75,27,0,0.1462,372.89,185.024909,1.0,49.0,0.0,1.0,1.6140018104121914,49.0,19150.13224489796,Greed
2025-01-11,0x8477e447846c758f5a675856001ea72298fd9cb5,Greed,69,417.647169,18,894.825,16106.85,17,1,-25.067309,200.974851,5.637386,0.9444444444444444,34.0,30.0,0.53125,0.4440132815937912,64.0,306.0903125,Greed
2025-01-11,0xbee1707d6b44d4d52bfe19e41f8a828645437aab,Greed,69,65.42769200000001,2,1299.44,2598.88,2,0,32.402819,33.024873,0.259887,1.0,,,,1.8018287338186583,,,Greed
2025-01-12,0x28736f43f1e871e6aa8b1148d38d4994275d72c4,Greed,62,303.988401,39,399.03282051282054,15562.28,39,0,0.029435,28.125,5.446772,1.0,19.0,3.0,0.8636363636363636,0.914638257703459,22.0,533.1159090909091,Greed
2025-01-12,0x3f9a0aadc7f04a7c9d75dc1b5a6ddd6e36486cf6,Greed,62,3699.757273,3,7958.366666666666,23875.1,3,0,3.367017,3687.14771,8.356281999999998,1.0,,,,0.057218525253203735,,,Greed
2025-01-12,0x47add9a56df66b524d5e2c1993a43cde53b6ed85,Greed,62,103.67729899999999,8,382.765,3062.12,6,2,-18.411224,55.558944,1.028865,0.75,4.0,32.0,0.1111111111111111,0.4847683710869435,36.0,259.62,Greed
2025-01-12,0x4acb90e786d897ecffb614dc822eb231b4ffb9f4,Greed,62,927.412681,390,830.1821794871795,323771.05,390,0,0.032955,28.76042,32.376978,1.0,,,,0.29435439073077896,,,Greed
2025-01-12,0x4f93fead39b70a1824f981a54d4e55b278e9f760,Greed,62,736.621517,34,27291.485294117647,927910.5,34,0,0.023036,160.41078,278.373134,1.0,30.0,11.0,0.7317073170731707,1.8560722308043442,41.0,22619.06268292683,Greed
2025-01-13,0x28736f43f1e871e6aa8b1148d38d4994275d72c4,Greed,61,53.846609,19,178.83473684210526,3397.86,19,0,0.0266,8.88,0.932461,1.0,36.0,1.0,0.972972972972973,1.9869867170116646,37.0,774.1894594594594,Greed
2025-01-13,0x47add9a56df66b524d5e2c1993a43cde53b6ed85,Greed,61,218.429393,15,290.29600000000005,4354.4400000000005,8,7,-22.085784,65.151968,0.83922,0.5333333333333333,4.0,32.0,0.1111111111111111,0.6741573033707865,36.0,488.5527777777778,Greed
2025-01-13,0x4f93fead39b70a1824f981a54d4e55b278e9f760,Greed,61,1756.982034,54,22975.23814814815,1240662.86,54,0,0.070362,297.796436,372.198835,1.0,43.0,0.0,1.0,0.6785061262594873,43.0,25742.18395348837,Greed
2025-01-13,0x75f7eeb85dc639d5e99c78f95393aa9a5f1170d4,Greed,61,3944.7294389999997,47,2351.7612765957447,110532.78,47,0,1.19424,381.62832,34.233094,1.0,3.0,0.0,1.0,2.1089018352454616,3.0,35529.47,Greed
2025-01-13,0x7f4f299f74eec87806a830e3caa9afa5f2b9db8f,Greed,61,1621.278931,4,7545.6675,30182.67,4,0,74.642992,1044.599658,3.018264,1.0,,,,7.903362197266946,,,Greed
2025-01-13,0x8477e447846c758f5a675856001ea72298fd9cb5,Greed,61,2060.162946,27,1132.9496296296295,30589.64,26,1,-19.339648,342.070762,10.706365,0.9629629629629629,31.0,0.0,1.0,1.2237768532223867,31.0,562.1232258064516,Greed
2025-01-14,0x28736f43f1e871e6aa8b1148d38d4994275d72c4,Greed,63,894.564828,35,1165.2274285714286,40782.96,34,1,-0.56252,104.310759,11.297494,0.9714285714285714,0.0,7.0,0.0,3.44275504011867,7.0,147.90142857142857,Greed
2025-01-14,0x47add9a56df66b524d5e2c1993a43cde53b6ed85,Greed,63,992.803005,27,517.7462962962962,13979.15,25,2,-5.690844,220.52961,4.696977,0.9259259259259259,8.0,44.0,0.15384615384615385,1.4507600793126239,52.0,467.0773076923077,Greed
2025-01-14,0x4f93fead39b70a1824f981a54d4e55b278e9f760,Greed,63,1878.804638,17,18527.15411764706,314961.62,17,0,0.321948,593.2,94.488475,1.0,25.0,0.0,1.0,0.8595009245481062,25.0,12671.3276,Greed
2025-01-14,0x75f7eeb85dc639d5e99c78f95393aa9a5f1170d4,Greed,63,104.68064,4,5270.8125,21083.25,4,0,2.335,81.825,2.94653,1.0,0.0,5.0,0.0,3.6571292227546577,5.0,4237.588000000001,Greed
2025-01-14,0x8477e447846c758f5a675856001ea72298fd9cb5,Greed,63,82.032118,4,563.26,2253.04,3,1,-1.15536,57.128288,0.788565,0.75,0.0,9.0,0.0,1.1084130095611473,9.0,566.4666666666667,Greed
2025-01-14,0xa520ded057a32086c40e7dd6ed4eb8efb82c00e0,Greed,63,7013.428624,12,829.285,9951.42,12,0,5.955705,765.512593,3.482992,1.0,,,,4.0740061577469895,,,Greed
2025-01-14,0xbee1707d6b44d4d52bfe19e41f8a828645437aab,Greed,63,5103.198502,42,1453.425,61043.85,42,0,9.673961,312.130011,12.602086,1.0,,,,1.3726022088742493,,,Greed
2025-01-15,0x28736f43f1e871e6aa8b1148d38d4994275d72c4,Greed,70,55.137803,8,168.72125,1349.77,8,0,1.451646,21.50928,0.472421,1.0,2.0,8.0,0.2,1.0317578045984763,10.0,264.826,Greed
2025-01-15,0x2c229d22b100a7beb69122eed721cee9b24011dd,Greed,70,-18.998214,9,1294.6433333333332,11651.789999999999,3,6,-11.102798,1.34816,4.078120999999999,0.3333333333333333,3.0,0.0,1.0,1.032731730217516,3.0,3890.263333333333,Greed
2025-01-15,0x47add9a56df66b524d5e2c1993a43cde53b6ed85,Greed,70,267.888061,33,711.299393939394,23472.88,25,8,-46.42939,115.86688,6.195837,0.7575757575757576,4.0,33.0,0.10810810810810811,1.952532596286727,37.0,615.1505405405405,Greed
2025-01-15,0x4f93fead39b70a1824f981a54d4e55b278e9f760,Greed,70,7470.003118,42,19954.881904761907,838105.04,42,0,0.03713,1470.657176,251.431492,1.0,26.0,5.0,0.8387096774193549,1.9347697140219262,31.0,23345.71870967742,Greed
2025-01-15,0x7f4f299f74eec87806a830e3caa9afa5f2b9db8f,Greed,70,1261.448002,1,11647.74,11647.74,1,0,1261.448002,1261.448002,1.164773,1.0,,,,19.699194966851575,,,Greed
2025-01-15,0x8477e447846c758f5a675856001ea72298fd9cb5,Greed,70,240.93138,30,531.626,15948.78,28,2,-3.02464,57.94852,4.332091,0.9333333333333333,0.0,34.0,0.0,0.5969216305956715,34.0,389.91205882352943,Greed
2025-01-15,0xb1231a4a2dd02f2276fa3c5e2a2f3436e6bfed23,Greed,70,5383.278555,11,491.1363636363636,5402.5,11,0,254.220506,715.174945,1.89087,1.0,,,,0.7872132199582866,,,Greed
2025-01-15,0xbee1707d6b44d4d52bfe19e41f8a828645437aab,Greed,70,66.63180299999999,3,1256.7466666666667,3770.24,3,0,6.01202,33.327791,1.3195839999999999,1.0,,,,1.4386469953220584,,,Greed
2025-01-16,0x28736f43f1e871e6aa8b1148d38d4994275d72c4,Extreme Greed,75,238.995461,28,129.35535714285714,3621.95,28,0,0.102828,67.35908,1.267662,1.0,2.0,53.0,0.03636363636363636,0.6054210774728609,55.0,145.61763636363636,Greed
2025-01-16,0x47add9a56df66b524d5e2c1993a43cde53b6ed85,Extreme Greed,75,319.22369499999996,30,506.65333333333336,15199.6,23,7,-68.0262,61.348404,4.627223,0.7666666666666667,0.0,58.0,0.0,1.00440124977468,58.0,447.0137931034483,Greed
2025-01-16,0x4acb90e786d897ecffb614dc822eb231b4ffb9f4,Extreme Greed,75,13963.52,4,42850.549999999996,171402.19999999998,4,0,203.8,10512.44,17.14022,1.0,,,,14.285280130164747,,,Greed
2025-01-16,0x4f93fead39b70a1824f981a54d4e55b278e9f760,Extreme Greed,75,5170.4237570000005,57,25078.7698245614,1429489.88,55,2,-83.997978,771.406415,428.84693,0.9649122807017544,43.0,0.0,1.0,1.8870413686922483,43.0,30152.95418604651,Greed
2025-01-16,0x8477e447846c758f5a675856001ea72298fd9cb5,Extreme Greed,75,218.26223099999999,11,640.6154545454546,7046.7699999999995,6,5,-22.855098,85.80546,2.466365,0.5454545454545454,0.0,23.0,0.0,1.0151918230187622,23.0,390.6408695652174,Greed
2025-01-16,0xb1231a4a2dd02f2276fa3c5e2a2f3436e6bfed23,Extreme Greed,75,897.2841840000001,11,1543.2645454545454,16975.91,11,0,0.584093,814.98769,5.94156,1.0,,,,0.13633884164928609,,,Greed
2025-01-17,0x23e7a7f8d14b550961925fbfdaa92f5d195ba5bd,Extreme Greed,75,4493.232479,17,2440.6282352941175,41490.68,17,0,2.556675,2426.024693,14.521732,1.0,,,,0.17739269470522778,,,Greed
2025-01-17,0x28736f43f1e871e6aa8b1148d38d4994275d72c4,Extreme Greed,75,168.92152,36,105.07583333333334,3782.73,35,1,-0.009617,37.040448,1.182608,0.9722222222222222,4.0,24.0,0.14285714285714285,0.4864473063178477,28.0,151.50321428571428,Greed
2025-01-17,0x2c229d22b100a7beb69122eed721cee9b24011dd,Extreme Greed,75,913.985947,38,4899.831052631579,186193.58,38,0,0.034379,141.521152,65.167748,1.0,19.0,0.0,1.0,2.94823431224245,19.0,9751.57842105263,Greed
2025-01-17,0x47add9a56df66b524d5e2c1993a43cde53b6ed85,Extreme Greed,75,498.16985999999997,25,481.87880000000007,12046.970000000001,25,0,0.146333,51.548238,2.667784,1.0,0.0,25.0,0.0,1.2144294898756232,25.0,635.5772000000001,Greed
2025-01-17,0x4f93fead39b70a1824f981a54d4e55b278e9f760,Extreme Greed,75,811.1445319999999,7,42625.56428571429,298378.95,7,0,0.398176,303.601662,89.513675,1.0,14.0,0.0,1.0,2.0825027014341457,14.0,24453.395714285714,Greed
2025-01-17,0x8477e447846c758f5a675856001ea72298fd9cb5,Extreme Greed,75,43.69239,1,510.46,510.46,1,0,43.69239,43.69239,0.178661,1.0,0.0,12.0,0.0,0.8635036204344522,12.0,416.22333333333336,Greed
2025-01-17,0xbee1707d6b44d4d52bfe19e41f8a828645437aab,Extreme Greed,75,77.26888,3,1159.42,3478.26,3,0,6.876612,59.763811,1.217389,1.0,,,,3.1202517046345766,,,Greed
2025-01-18,0x23e7a7f8d14b550961925fbfdaa92f5d195ba5bd,Extreme Greed,77,1047.030992,28,1519.0717857142856,42534.009999999995,28,0,0.479335,357.395512,14.886891,1.0,,,,0.15118351825243348,,,Greed
2025-01-18,0x28736f43f1e871e6aa8b1148d38d4994275d72c4,Extreme Greed,77,594.135892,107,209.49803738317758,22416.29,105,2,-17.133875,32.265442,6.248608,0.9813084112149533,49.0,89.0,0.35507246376811596,0.42997774930888005,138.0,188.35210144927535,Greed
2025-01-18,0x2c229d22b100a7beb69122eed721cee9b24011dd,Extreme Greed,77,-33.4413,1,133.39,133.39,0,1,-33.4413,-33.4413,0.046684,0.0,0.0,1.0,0.0,0.12170987428929111,1.0,99.94,Greed
2025-01-18,0x47add9a56df66b524d5e2c1993a43cde53b6ed85,Extreme Greed,77,307.105046,21,490.8090476190476,10306.99,17,4,-64.936104,92.254614,3.4631309999999997,0.8095238095238095,1.0,12.0,0.07692307692307693,1.5577419936309558,13.0,734.2069230769231,Greed
2025-01-18,0x4f93fead39b70a1824f981a54d4e55b278e9f760,Extreme Greed,77,4078.848863,32,30149.046875,964769.5,32,0,0.053383,900.643312,289.430835,1.0,25.0,1.0,0.9615384615384616,1.1753965756904452,26.0,35241.22692307692,Greed
2025-01-18,0x75f7eeb85dc639d5e99c78f95393aa9a5f1170d4,Extreme Greed,77,-3249.381438,23,5615.232173913043,129150.34,7,16,-1557.003044,338.6799,14.191586000000001,0.30434782608695654,0.0,10.0,0.0,3.6176803928976202,10.0,12590.096,Greed
2025-01-18,0x8477e447846c758f5a675856001ea72298fd9cb5,Extreme Greed,77,1055.8044439999999,22,616.6936363636364,13567.26,20,2,-36.3701,366.936401,4.748535,0.9090909090909091,0.0,18.0,0.0,0.6673500820098411,18.0,504.02833333333336,Greed
2025-01-18,0xb1231a4a2dd02f2276fa3c5e2a2f3436e6bfed23,Extreme Greed,77,7393.785411,39,2372.173076923077,92514.75,39,0,1.586487,894.154591,32.380143000000004,1.0,0.0,62.0,0.0,0.9759505855928124,62.0,1611.4287096774194,Greed
2025-01-18,0xbd5fead7180a9c139fa51a103cb6a2ce86ddb5c3,Extreme Greed,77,-10750.654828,7,7392.948571428571,51750.64,0,7,-7540.212,-2.057502,18.112723000000003,0.0,0.0,5.0,0.0,3.9434906668702516,5.0,8199.998,Greed
2025-01-19,0x083384f897ee0f19899168e3b1bec365f52a9012,Extreme Greed,77,71393.964098,112,14162.418392857144,1586190.86,23,89,-42.86425,15993.72491,383.421538,0.20535714285714285,0.0,353.0,0.0,0.8138499881319724,353.0,10537.968158640226,Greed
2025-01-19,0x23e7a7f8d14b550961925fbfdaa92f5d195ba5bd,Extreme Greed,77,4842.054317,80,1730.839,138467.12,80,0,0.361697,479.50637,48.463453,1.0,,,,0.8760952000259283,,,Greed
2025-01-19,0x28736f43f1e871e6aa8b1148d38d4994275d72c4,Extreme Greed,77,102.504343,90,199.16744444444444,17925.07,79,11,-100.03785,47.292764,5.708666,0.8777777777777778,9.0,66.0,0.12,0.621299979772099,75.0,116.42573333333334,Greed
2025-01-19,0x2c229d22b100a7beb69122eed721cee9b24011dd,Extreme Greed,77,11437.823511999999,46,6183.433478260869,284437.94,46,0,0.22222,4465.034496,44.903695,1.0,28.0,0.0,1.0,2.3790151791768817,28.0,9750.006071428574,Greed
2025-01-19,0x39cef799f8b69da1995852eea189df24eb5cae3c,Extreme Greed,77,-1584.55781,3,15271.743333333334,45815.23,0,3,-695.366235,-226.525719,4.58152,0.0,,,,28.542970786717717,,,Greed
2025-01-19,0x47add9a56df66b524d5e2c1993a43cde53b6ed85,Extreme Greed,77,541.742729,10,524.706,5247.06,10,0,0.603117,324.987507,1.763001,1.0,3.0,12.0,0.2,2.252718860782311,15.0,1139.2366666666667,Greed
2025-01-19,0x4acb90e786d897ecffb614dc822eb231b4ffb9f4,Extreme Greed,77,1519.769822,20,2975.564,59511.28,20,0,1.250442,319.960634,20.82893,1.0,10.0,0.0,1.0,1.9467801068698458,10.0,5799.15,Greed
2025-01-19,0x4f93fead39b70a1824f981a54d4e55b278e9f760,Extreme Greed,77,3253.260003,32,32479.6428125,1039348.57,32,0,0.0184,408.952397,311.804551,1.0,40.0,16.0,0.7142857142857143,1.5885896321665376,56.0,21009.392499999998,Greed
2025-01-19,0xb1231a4a2dd02f2276fa3c5e2a2f3436e6bfed23,Extreme Greed,77,3867.854339,3,6311.63,18934.89,3,0,20.625255,3445.294171,6.62721,1.0,,,,3.1594898122894275,,,Greed
2025-01-19,0xbd5fead7180a9c139fa51a103cb6a2ce86ddb5c3,Extreme Greed,77,-7963.5855,12,3467.3658333333333,41608.39,0,12,-2542.38099,-39.205831,14.562932,0.0,0.0,18.0,0.0,0.9085105164713516,18.0,1869.1555555555558,Greed
2025-01-19,0xbee1707d6b44d4d52bfe19e41f8a828645437aab,Extreme Greed,77,512.9694489999999,26,917.2230769230769,23847.8,24,2,-21.892543,102.507768,4.566276,0.9230769230769231,,,,2.051429678633709,,,Greed
2025-01-20,0x083384f897ee0f19899168e3b1bec365f52a9012,Extreme Greed,76,40218.599998,28,8357.142857142857,234000.0,28,0,40.2186,11322.34027,11.7,1.0,0.0,23.0,0.0,0.867849513410871,23.0,10670.869130434783,Greed
2025-01-20,0x28736f43f1e871e6aa8b1148d38d4994275d72c4,Extreme Greed,76,608.885905,72,223.7836111111111,16112.42,69,3,-32.113836,45.528118,4.70216,0.9583333333333334,24.0,23.0,0.5106382978723404,0.503472456341447,47.0,139.90659574468086,Greed
2025-01-20,0x2c229d22b100a7beb69122eed721cee9b24011dd,Extreme Greed,76,1535.55008,30,11508.702333333333,345261.07,11,19,-996.7456,1378.321452,116.040593,0.36666666666666664,52.0,0.0,1.0,2.2172656616764908,52.0,6610.106923076923,Greed
2025-01-20,0x39cef799f8b69da1995852eea189df24eb5cae3c,Extreme Greed,76,-401.2638,3,9899.233333333332,29697.699999999997,0,3,-139.1,-123.1638,10.394193000000001,0.0,1.0,0.0,1.0,15.35648844727159,1.0,30098.96,Greed
2025-01-20,0x47add9a56df66b524d5e2c1993a43cde53b6ed85,Extreme Greed,76,2262.94445,44,1312.4961363636364,57749.83,37,7,-121.541,306.336977,15.503948,0.8409090909090909,2.0,14.0,0.125,1.7207534699272968,16.0,970.615,Greed
2025-01-20,0x4acb90e786d897ecffb614dc822eb231b4ffb9f4,Extreme Greed,76,-2427.873799,36,1517.0547222222222,54613.97,0,36,-1053.254763,-1.343013,19.114865,0.0,7.0,0.0,1.0,0.2896309012260286,7.0,8148.835714285714,Greed
2025-01-20,0x4f93fead39b70a1824f981a54d4e55b278e9f760,Extreme Greed,76,7466.841136,69,42936.951159420285,2962649.63,69,0,0.02899,1462.715344,803.628878,1.0,120.0,5.0,0.96,1.3630121442037153,125.0,22683.835280000003,Greed
2025-01-20,0x75f7eeb85dc639d5e99c78f95393aa9a5f1170d4,Extreme Greed,76,16210.341667,395,861.7010886075949,340371.93,395,0,0.0914,1299.345,71.485384,1.0,7.0,7.0,0.5,0.5703577038554074,14.0,24504.964285714286,Greed
2025-01-20,0x8477e447846c758f5a675856001ea72298fd9cb5,Extreme Greed,76,1876.265511,20,831.3770000000001,16627.54,19,1,-67.47594,465.333926,5.819633,0.95,6.0,18.0,0.25,1.060797295675481,24.0,543.3770833333333,Greed
2025-01-20,0xbd5fead7180a9c139fa51a103cb6a2ce86ddb5c3,Extreme Greed,76,24895.400898,26,3662.228846153846,95217.95,26,0,60.107338,11123.94587,33.326273,1.0,0.0,7.0,0.0,1.3899683169828605,7.0,6842.858571428572,Greed
2025-01-20,0xbee1707d6b44d4d52bfe19e41f8a828645437aab,Extreme Greed,76,-4968.452873,85,778.4235294117647,66166.0,33,52,-749.495962,96.936284,19.583339,0.38823529411764707,54.0,0.0,1.0,0.9879037838735573,54.0,578.2574074074074,Greed
2025-01-21,0x28736f43f1e871e6aa8b1148d38d4994275d72c4,Extreme Greed,76,428.3738,53,237.62698113207546,12594.23,46,7,-6.33954,81.392103,4.245537,0.8679245283018868,8.0,20.0,0.2857142857142857,0.6727799878632594,28.0,331.4746428571429,Greed
2025-01-21,0x2c229d22b100a7beb69122eed721cee9b24011dd,Extreme Greed,76,59.672564,6,161.4,968.4,6,0,4.017328,18.389904,0.338939,1.0,9.0,0.0,1.0,0.01638933806269887,9.0,100.97,Greed
2025-01-21,0x47add9a56df66b524d5e2c1993a43cde53b6ed85,Extreme Greed,76,287.821918,6,357.1233333333333,2142.74,6,0,10.082072,158.403762,0.719959,1.0,4.0,3.0,0.5714285714285714,1.8194436099260949,7.0,892.7471428571428,Greed
2025-01-21,0x4f93fead39b70a1824f981a54d4e55b278e9f760,Extreme Greed,76,2953.3108039999997,40,14638.7605,585550.42,40,0,0.01741,614.602633,146.387587,1.0,28.0,24.0,0.5384615384615384,0.48195325938667777,52.0,13843.160000000002,Greed
2025-01-21,0x8477e447846c758f5a675856001ea72298fd9cb5,Extreme Greed,76,201.672306,37,223.32837837837837,8263.15,35,2,-0.412174,19.943275,2.892076,0.9459459459459459,0.0,169.0,0.0,0.07698923870864505,169.0,303.0086982248521,Greed
2025-01-21,0xa520ded057a32086c40e7dd6ed4eb8efb82c00e0,Extreme Greed,76,2806.434723,8,597.6225000000001,4780.9800000000005,8,0,4.442993,585.230441,1.670433,1.0,,,,2.558906094358417,,,Greed
2025-01-21,0xb1231a4a2dd02f2276fa3c5e2a2f3436e6bfed23,Extreme Greed,76,2997.363771,22,1506.5404545454546,33143.89,22,0,1.317126,1964.607581,11.600347,1.0,0.0,29.0,0.0,0.44275629712818876,29.0,1722.5231034482758,Greed
2025-01-21,0xbee1707d6b44d4d52bfe19e41f8a828645437aab,Extreme Greed,76,1343.189535,42,759.9619047619047,31918.4,42,0,0.106498,175.700267,8.405399,1.0,,,,1.1502200570210648,,,Greed
2025-01-22,0x28736f43f1e871e6aa8b1148d38d4994275d72c4,Extreme Greed,84,589.467131,54,135.8251851851852,7334.56,51,3,-1.333059,194.314959,2.5359160000000003,0.9444444444444444,10.0,41.0,0.19607843137254902,0.6155013148135662,51.0,98.50039215686276,Greed
2025-01-22,0x2c229d22b100a7beb69122eed721cee9b24011dd,Extreme Greed,84,12769.669401000001,100,1248.2694000000001,124826.94,65,35,-54.72285,2651.58476,24.049779,0.65,129.0,0.0,1.0,0.045088936414375884,129.0,950.4597674418604,Greed
2025-01-22,0x47add9a56df66b524d5e2c1993a43cde53b6ed85,Extreme Greed,84,2867.6138889999997,37,806.0651351351352,29824.41,35,2,-8.309524,442.57374,8.46101,0.9459459459459459,9.0,47.0,0.16071428571428573,1.488433575677462,56.0,447.2685714285714,Greed
2025-01-22,0x4f93fead39b70a1824f981a54d4e55b278e9f760,Extreme Greed,84,2971.896355,25,23401.964,585049.1,25,0,0.107113,625.210817,146.262261,1.0,21.0,15.0,0.5833333333333334,1.2894157939121669,36.0,13327.610277777778,Greed
2025-01-22,0x75f7eeb85dc639d5e99c78f95393aa9a5f1170d4,Extreme Greed,84,548.62199,34,1192.6079411764706,40548.67,34,0,0.21663,65.03542,8.633434,1.0,1.0,0.0,1.0,1.4519117968703399,1.0,40000.04,Greed
2025-01-22,0x8170715b3b381dffb7062c0298972d4727a0a63b,Extreme Greed,84,-179.521683,6,1873.8216666666667,11242.93,0,6,-37.943327,-16.50806,1.9912670000000001,0.0,,,,2.5117376711545063,,,Greed
2025-01-22,0x8477e447846c758f5a675856001ea72298fd9cb5,Extreme Greed,84,261.367634,29,595.9741379310345,17283.25,13,16,-13.692812,153.738728,6.04912,0.4482758620689655,0.0,118.0,0.0,1.0003800456054726,118.0,589.4411864406779,Greed
2025-01-22,0xa0feb3725a9335f49874d7cd8eaad6be45b27416,Extreme Greed,84,140.995116,2,1303.765,2607.53,2,0,0.008487,140.986629,0.260779,1.0,18.0,0.0,1.0,0.33257872181852055,18.0,224.7761111111111,Greed
2025-01-22,0xbee1707d6b44d4d52bfe19e41f8a828645437aab,Extreme Greed,84,554.298224,9,624.5511111111111,5620.96,9,0,1.978937,263.57616,1.9673310000000002,1.0,,,,1.5201557468559987,,,Greed
2025-01-23,0x28736f43f1e871e6aa8b1148d38d4994275d72c4,Extreme Greed,75,229.609892,61,99.5939344262295,6075.23,57,4,-19.381746,35.456596,2.126314,0.9344262295081968,31.0,18.0,0.6326530612244898,0.3694288989279212,49.0,139.0312244897959,Greed
2025-01-23,0x2c229d22b100a7beb69122eed721cee9b24011dd,Extreme Greed,75,3776.64959,67,2022.527462686567,135509.34,60,7,-743.38602,641.892,15.968505,0.8955223880597015,37.0,0.0,1.0,0.526576600073027,37.0,3275.1854054054056,Greed
2025-01-23,0x3998f134d6aaa2b6a5f723806d00fd2bbbbce891,Extreme Greed,75,-5978.38652,3,6.186666666666667,18.560000000000002,2,1,-5981.36399,2.727753,0.006232,0.6666666666666666,,,,0.0060357740770111915,,,Greed
2025-01-23,0x47add9a56df66b524d5e2c1993a43cde53b6ed85,Extreme Greed,75,420.491149,14,554.4314285714286,7762.04,12,2,-21.169754,207.80048,2.428032,0.8571428571428571,7.0,2.0,0.7777777777777778,1.0113110617076249,9.0,335.36333333333334,Greed
2025-01-23,0x4f93fead39b70a1824f981a54d4e55b278e9f760,Extreme Greed,75,6749.1349199999995,22,34362.85999999999,755982.9199999999,22,0,0.125606,969.353268,188.995719,1.0,52.0,8.0,0.8666666666666667,1.2500186972769027,60.0,12000.076666666666,Greed
2025-01-23,0x8477e447846c758f5a675856001ea72298fd9cb5,Extreme Greed,75,7502.879409,146,908.9035616438357,132699.92,128,18,-57.663273,1272.658444,42.944946,0.8767123287671232,13.0,115.0,0.1015625,0.443853262391487,128.0,344.379296875,Greed
2025-01-23,0x92f17e8d81a944691c10e753af1b1baae1a2cd0d,Extreme Greed,75,63464.28729,432,2935.1788425925924,1267997.26,432,0,0.547768,3051.64902,443.798864,1.0,0.0,55.0,0.0,1.3330992925450604,55.0,3646.8376363636366,Greed
2025-01-23,0xb1231a4a2dd02f2276fa3c5e2a2f3436e6bfed23,Extreme Greed,75,25224.994585,90,2493.861,224447.49,90,0,1.147275,5027.4756,78.556575,1.0,,,,0.9546526552222044,,,Greed
2025-01-23,0xbee1707d6b44d4d52bfe19e41f8a828645437aab,Extreme Greed,75,-133.631755,11,611.2536363636364,6723.79,1,10,-129.680447,39.277392,1.219055,0.09090909090909091,,,,1.017060185825929,,,Greed
2025-01-24,0x23e7a7f8d14b550961925fbfdaa92f5d195ba5bd,Extreme Greed,75,1693.493165,198,1491.5698989898992,295330.84,198,0,0.017833,82.808232,103.365748,1.0,,,,3.0245346412713503,,,Greed
2025-01-24,0x28736f43f1e871e6aa8b1148d38d4994275d72c4,Extreme Greed,75,347.22838,62,134.04887096774195,8311.03,60,2,-0.023611,58.911173,2.595681,0.967741935483871,34.0,8.0,0.8095238095238095,0.6722405771694424,42.0,185.60714285714286,Greed
2025-01-24,0x2c229d22b100a7beb69122eed721cee9b24011dd,Extreme Greed,75,363.482456,26,1559.8584615384616,40556.32,19,7,-4.77777,77.257096,11.001416,0.7307692307692307,12.0,0.0,1.0,1.2934380053205363,12.0,3349.4083333333333,Greed
2025-01-24,0x47add9a56df66b524d5e2c1993a43cde53b6ed85,Extreme Greed,75,553.5255989999999,20,650.5675,13011.35,18,2,-47.369406,70.280722,3.171876,0.9,16.0,4.0,0.8,1.573394219792105,20.0,517.1105,Greed
2025-01-24,0x4f93fead39b70a1824f981a54d4e55b278e9f760,Extreme Greed,75,1707.06994,16,16928.800625,270860.81,16,0,0.286944,324.111532,67.715195,1.0,12.0,14.0,0.46153846153846156,1.2893493863424774,26.0,13271.575769230769,Greed
2025-01-24,0x75f7eeb85dc639d5e99c78f95393aa9a5f1170d4,Extreme Greed,75,3540.716915,129,690.4202325581396,89064.21,129,0,0.21996,2241.93433,12.783562,1.0,4.0,4.0,0.5,0.31183266060883225,8.0,10831.81625,Greed
2025-01-24,0x8477e447846c758f5a675856001ea72298fd9cb5,Extreme Greed,75,288.144978,2,687.95,1375.9,2,0,10.86273,277.282248,0.48156299999999996,1.0,0.0,59.0,0.0,0.6649997999759971,59.0,338.4769491525424,Greed
2025-01-24,0xbee1707d6b44d4d52bfe19e41f8a828645437aab,Extreme Greed,75,2109.118305,46,772.4426086956522,35532.36,46,0,0.199085,251.279445,9.358926,1.0,,,,1.0656388112307509,,,Greed
2025-01-25,0x23e7a7f8d14b550961925fbfdaa92f5d195ba5bd,Extreme Greed,75,4221.156399,4,16716.385,66865.54,4,0,14.497603,4037.871978,23.402939,1.0,,,,1.2922658081522855,,,Greed
2025-01-25,0x28736f43f1e871e6aa8b1148d38d4994275d72c4,Extreme Greed,75,124.70498799999999,51,259.36745098039216,13227.74,47,4,-9.886935,27.819594,4.629684,0.9215686274509803,38.0,1.0,0.9743589743589743,1.1920639201672172,39.0,301.6582051282051,Greed
2025-01-25,0x2c229d22b100a7beb69122eed721cee9b24011dd,Extreme Greed,75,2167.17715,33,4479.516060606061,147824.03,33,0,0.43155,882.94995,22.378592,1.0,20.0,0.0,1.0,1.463700380783475,20.0,7282.842,Greed
2025-01-25,0x47add9a56df66b524d5e2c1993a43cde53b6ed85,Extreme Greed,75,416.148576,21,815.6957142857143,17129.61,20,1,-183.878523,115.242114,4.255598,0.9523809523809523,5.0,10.0,0.3333333333333333,0.8833743916361232,15.0,316.616,Greed
2025-01-25,0x4f93fead39b70a1824f981a54d4e55b278e9f760,Extreme Greed,75,446.44485399999996,4,22400.3525,89601.41,4,0,43.020319,228.66275,22.400349000000002,1.0,14.0,0.0,1.0,1.9362874171194848,14.0,22510.32785714286,Greed
2025-01-25,0x8170715b3b381dffb7062c0298972d4727a0a63b,Extreme Greed,75,-18956.391598000002,29,4484.771379310345,130058.37,5,24,-8733.392528,481.280547,42.396872,0.1724137931034483,,,,1.0054540600328006,,,Greed
2025-01-25,0x8477e447846c758f5a675856001ea72298fd9cb5,Extreme Greed,75,1125.196124,25,959.1103999999999,23977.76,25,0,2.245132,204.365545,8.392199,1.0,0.0,86.0,0.0,0.9986398367804137,86.0,364.1968604651163,Greed
2025-01-25,0xbee1707d6b44d4d52bfe19e41f8a828645437aab,Extreme Greed,75,107.54725099999999,3,837.88,2513.64,3,0,12.654974,57.558103,0.251361,1.0,,,,0.8874433710705751,,,Greed
2025-01-26,0x28736f43f1e871e6aa8b1148d38d4994275d72c4,Greed,73,273.211119,50,293.7732,14688.66,48,2,-5.69556,46.9546,4.4994060000000005,0.96,51.0,2.0,0.9622641509433962,1.643887802575686,53.0,389.2190566037736,Greed
2025-01-26,0x47add9a56df66b524d5e2c1993a43cde53b6ed85,Greed,73,535.938645,16,565.956875,9055.31,16,0,3.790745,127.06912,2.9225719999999997,1.0,,,,1.3523403232590279,,,Greed
2025-01-26,0x72c6a4624e1dffa724e6d00d64ceae698af892a0,Greed,73,262.95,16,1412.640625,22602.25,16,0,0.768,76.2,2.169804,1.0,0.0,39.0,0.0,1.0013825192360866,39.0,1778.3984615384618,Greed
2025-01-26,0x8381e6d82f1affd39a336e143e081ef7620a3b7f,Greed,73,38016.619029,81,6413.736049382716,519512.62,81,0,8.538733,5848.435718,181.829367,1.0,0.0,41.0,0.0,3.9434969416418006,41.0,9938.703902439023,Greed
2025-01-26,0x8477e447846c758f5a675856001ea72298fd9cb5,Greed,73,444.464792,29,1122.6479310344828,32556.79,21,8,-31.26249,67.125775,11.394856,0.7241379310344828,0.0,67.0,0.0,2.13433612033444,67.0,682.6564179104478,Greed
2025-01-26,0xbee1707d6b44d4d52bfe19e41f8a828645437aab,Greed,73,1012.208613,13,1132.059230769231,14716.77,13,0,10.794552,126.071776,1.471673,1.0,,,,1.9283269207702458,,,Greed
2025-01-27,0x28736f43f1e871e6aa8b1148d38d4994275d72c4,Greed,71,838.930696,121,1163.4852892561983,140781.72,114,7,-274.455882,92.525,49.133489,0.9421487603305785,124.0,0.0,1.0,3.3691929067493764,124.0,1468.1318548387096,Greed
2025-01-27,0x47add9a56df66b524d5e2c1993a43cde53b6ed85,Greed,71,1295.825632,42,597.6933333333333,25103.12,34,8,-32.139067,215.929139,8.254627,0.8095238095238095,21.0,1.0,0.9545454545454546,1.4956438142161868,22.0,599.3872727272727,Greed
2025-01-27,0x75f7eeb85dc639d5e99c78f95393aa9a5f1170d4,Greed,71,2582.715893,122,1032.09631147541,125915.75,122,0,0.109,389.023082,24.91518,1.0,1.0,5.0,0.16666666666666666,0.5597598075278867,6.0,21294.931666666667,Greed
2025-01-27,0x8477e447846c758f5a675856001ea72298fd9cb5,Greed,71,4321.583225,18,2134.750555555556,38425.51,18,0,4.175208,2766.443472,13.44891,1.0,8.0,5.0,0.6153846153846154,1.0314237708525023,13.0,375.2346153846154,Greed
2025-01-27,0xa520ded057a32086c40e7dd6ed4eb8efb82c00e0,Greed,71,12084.434144,56,989.8810714285713,55433.34,56,0,2.603921,3015.977745,14.877165,1.0,,,,1.5096667572217695,,,Greed
2025-01-27,0xbd5fead7180a9c139fa51a103cb6a2ce86ddb5c3,Greed,71,20428.824,23,2342.7495652173916,53883.240000000005,23,0,10.904936,6145.218408,5.388315,1.0,,,,0.8469099515211664,,,Greed
2025-01-27,0xbee1707d6b44d4d52bfe19e41f8a828645437aab,Greed,71,-220.548198,18,674.935,12148.83,1,17,-66.547635,11.063594,3.437684,0.05555555555555555,,,,1.0693110416032332,,,Greed
2025-01-28,0x23e7a7f8d14b550961925fbfdaa92f5d195ba5bd,Greed,72,6899.2458320000005,56,1317.0667857142857,73755.74,56,0,1.145525,536.598175,25.814472,1.0,,,,1.3074014455019825,,,Greed
2025-01-28,0x28736f43f1e871e6aa8b1148d38d4994275d72c4,Greed,72,1019.55769,82,735.4536585365854,60307.200000000004,75,7,-29.422864,109.80144,20.85378,0.9146341463414634,63.0,2.0,0.9692307692307692,1.6766232890567054,65.0,510.8987692307692,Greed
2025-01-28,0x47add9a56df66b524d5e2c1993a43cde53b6ed85,Greed,72,475.702642,35,538.4174285714286,18844.61,27,8,-8.749192,223.767192,5.263997,0.7714285714285715,4.0,1.0,0.8,1.1566724749143784,5.0,749.8100000000001,Greed
2025-01-28,0x72c6a4624e1dffa724e6d00d64ceae698af892a0,Greed,72,1474.79,38,1205.526052631579,45809.99,38,0,10.557536,401.235,4.397736,1.0,0.0,32.0,0.0,1.3741287745158801,32.0,2112.7671875,Greed
2025-01-28,0x75f7eeb85dc639d5e99c78f95393aa9a5f1170d4,Greed,72,1150.332823,34,1798.9694117647061,61164.96000000001,34,0,0.28303,341.0,7.051038,1.0,3.0,0.0,1.0,0.48177678802219,3.0,20005.803333333333,Greed
2025-01-28,0xbee1707d6b44d4d52bfe19e41f8a828645437aab,Greed,72,6959.984986,83,1197.242048192771,99371.09,83,0,0.269163,430.046949,29.418403,1.0,0.0,24.0,0.0,1.1367490611823106,24.0,1145.605,Greed
2025-01-29,0x28736f43f1e871e6aa8b1148d38d4994275d72c4,Greed,72,152.618804,21,344.6671428571429,7238.01,21,0,0.004541,37.75072,2.283832,1.0,19.0,2.0,0.9047619047619048,1.0585597734475085,21.0,337.1090476190476,Greed
2025-01-29,0x47add9a56df66b524d5e2c1993a43cde53b6ed85,Greed,72,41.935052,3,250.01666666666665,750.05,3,0,4.955732,25.130844,0.252015,1.0,8.0,1.0,0.8888888888888888,1.4243826233251218,9.0,444.13444444444445,Greed
2025-01-29,0x75f7eeb85dc639d5e99c78f95393aa9a5f1170d4,Greed,72,45.381082,28,856.3642857142858,23978.2,28,0,0.025398,10.931592,5.0568930000000005,1.0,8.0,0.0,1.0,0.9941542560594914,8.0,2991.6025,Greed
2025-01-29,0x92f17e8d81a944691c10e753af1b1baae1a2cd0d,Greed,72,21987.812579,286,2780.2396853146856,795148.55,272,14,-17.95759,1574.556825,278.30186,0.951048951048951,0.0,350.0,0.0,0.924015251164279,350.0,2461.553628571429,Greed
2025-01-29,0xbee1707d6b44d4d52bfe19e41f8a828645437aab,Greed,72,1193.2639530000001,55,752.46,41385.3,55,0,0.630261,126.31658,14.484842,1.0,,,,0.8121626484346888,,,Greed
2025-01-30,0x23e7a7f8d14b550961925fbfdaa92f5d195ba5bd,Greed,70,7372.485101,55,1474.6896363636365,81107.93000000001,55,0,0.399212,742.53749,28.387735,1.0,,,,1.8137916878234284,,,Greed
2025-01-30,0x28736f43f1e871e6aa8b1148d38d4994275d72c4,Greed,70,1234.2072,62,418.6272580645161,25954.89,55,7,-6.44786,237.05144,8.897467,0.8870967741935484,17.0,4.0,0.8095238095238095,1.6429438338615063,21.0,341.74380952380955,Greed
2025-01-30,0x2c229d22b100a7beb69122eed721cee9b24011dd,Greed,70,159.201612,6,5749.658333333333,34497.95,6,0,2.35144,84.368448,9.421275000000001,1.0,9.0,0.0,1.0,2.5239997913515206,9.0,3815.4188888888884,Greed
2025-01-30,0x47add9a56df66b524d5e2c1993a43cde53b6ed85,Greed,70,783.829317,20,721.7059999999999,14434.119999999999,19,1,-141.237765,166.109993,2.811706,0.95,1.0,22.0,0.043478260869565216,1.5047467403713273,23.0,554.3226086956522,Greed
2025-01-30,0x4f93fead39b70a1824f981a54d4e55b278e9f760,Greed,70,3278.847724,38,30551.516315789475,1160957.62,35,3,-249.010476,478.232183,348.287265,0.9210526315789473,36.0,1.0,0.972972972972973,1.7898181077324202,37.0,11758.61108108108,Greed
2025-01-30,0x6d6a4b953f202f8df5bed40692e7fd865318264a,Greed,70,1643.602279,8,1242.675,9941.4,8,0,30.500415,660.696207,3.3403080000000003,1.0,,,,2.8757403093159684,,,Greed
2025-01-30,0x75f7eeb85dc639d5e99c78f95393aa9a5f1170d4,Greed,70,5049.257348,110,1331.0732727272728,146418.06,110,0,0.15385,1887.24048,23.413762,1.0,4.0,20.0,0.16666666666666666,1.2640427097210347,24.0,6011.8825,Greed
2025-01-30,0xb1231a4a2dd02f2276fa3c5e2a2f3436e6bfed23,Greed,70,2503.8204370000003,3,4992.636666666666,14977.91,3,0,3.860001,2490.822458,5.2422699999999995,1.0,0.0,333.0,0.0,1.6041151933258462,333.0,1584.211231231231,Greed
2025-01-30,0xbee1707d6b44d4d52bfe19e41f8a828645437aab,Greed,70,1072.220367,121,1336.9472727272728,161770.62,79,42,-172.136178,169.831761,53.833206,0.6528925619834711,0.0,117.0,0.0,1.0998145431394801,117.0,1306.8258974358976,Greed
2025-01-31,0x28736f43f1e871e6aa8b1148d38d4994275d72c4,Extreme Greed,76,755.916254,40,394.004,15760.16,38,2,-0.24924,134.5025,5.516037,0.95,8.0,1.0,0.8888888888888888,1.7194390128784303,9.0,286.52555555555557,Greed
2025-01-31,0x2c229d22b100a7beb69122eed721cee9b24011dd,Extreme Greed,76,14418.18988,115,3079.992695652174,354199.16000000003,113,2,-4.325886,1452.5498,91.674622,0.9826086956521739,17.0,0.0,1.0,1.2367795107193156,17.0,19987.157058823534,Greed
2025-01-31,0x47add9a56df66b524d5e2c1993a43cde53b6ed85,Extreme Greed,76,488.582241,23,301.8713043478261,6943.04,23,0,0.527961,62.278378,1.972901,1.0,0.0,33.0,0.0,1.0506819683951212,33.0,502.91515151515154,Greed
2025-01-31,0x4f93fead39b70a1824f981a54d4e55b278e9f760,Extreme Greed,76,975.654751,21,21446.19142857143,450370.02,21,0,1.21114,331.429518,135.110996,1.0,32.0,6.0,0.8421052631578947,0.9024208460453326,38.0,9474.361842105263,Greed
2025-01-31,0x75f7eeb85dc639d5e99c78f95393aa9a5f1170d4,Extreme Greed,76,6216.099195999999,152,1313.546052631579,199659.0,120,32,-37.652,2921.81436,27.151218,0.7894736842105263,2.0,18.0,0.1,1.0471934464040722,20.0,9762.577500000001,Greed
2025-01-31,0x8477e447846c758f5a675856001ea72298fd9cb5,Extreme Greed,76,151.311363,16,515.74375,8251.9,16,0,0.168438,105.9068,2.8881569999999996,1.0,0.0,50.0,0.0,1.108683041965036,50.0,530.8063999999999,Greed
2025-01-31,0xa0feb3725a9335f49874d7cd8eaad6be45b27416,Extreme Greed,76,9719.053192,65,2959.078615384615,192340.11,65,0,0.66565,260.728775,19.233983,1.0,,,,7.899962735233835,,,Greed
2025-01-31,0xbee1707d6b44d4d52bfe19e41f8a828645437aab,Extreme Greed,76,3143.489896,154,1249.897987012987,192484.29,154,0,0.017065,133.401181,60.784283,1.0,0.0,41.0,0.0,1.38398796837084,41.0,2786.029512195122,Greed
2025-02-01,0x23e7a7f8d14b550961925fbfdaa92f5d195ba5bd,Greed,68,1162.002541,25,3291.0047999999997,82275.12,25,0,0.410925,256.111053,28.796279000000002,1.0,,,,1.7726737465293907,,,Greed
2025-02-01,0x28736f43f1e871e6aa8b1148d38d4994275d72c4,Greed,68,3.536668000000001,29,689.53,19996.37,21,8,-17.930871,3.79431,6.998707,0.7241379310344828,19.0,1.0,0.95,3.443328163980851,20.0,1656.884,Greed
2025-02-01,0x2c229d22b100a7beb69122eed721cee9b24011dd,Greed,68,88.50699399999999,16,3684.32875,58949.26,12,4,-6.529653,49.6697,15.922542,0.75,5.0,0.0,1.0,2.7350059986437847,5.0,11772.152,Greed
2025-02-01,0x47add9a56df66b524d5e2c1993a43cde53b6ed85,Greed,68,526.448209,25,397.08,9927.0,23,2,-102.485175,179.382684,2.555465,0.92,3.0,4.0,0.42857142857142855,1.2403112419635882,7.0,858.8971428571429,Greed
2025-02-01,0x75f7eeb85dc639d5e99c78f95393aa9a5f1170d4,Greed,68,9609.447365,115,2606.0021739130434,299690.25,114,1,-1.431,558.620464,54.390323,0.991304347826087,17.0,16.0,0.5151515151515151,2.9860915037878035,33.0,8975.968787878786,Greed
2025-02-01,0x8477e447846c758f5a675856001ea72298fd9cb5,Greed,68,1579.909758,34,785.2523529411765,26698.579999999998,29,5,-54.973416,243.157426,9.344489,0.8529411764705882,0.0,26.0,0.0,0.9772172660719287,26.0,392.7176923076923,Greed
2025-02-01,0xa0feb3725a9335f49874d7cd8eaad6be45b27416,Greed,68,923.487443,18,1390.1038888888888,25021.87,18,0,0.309666,334.232482,2.633701,1.0,,,,1.4405533817775291,,,Greed
2025-02-01,0xb1231a4a2dd02f2276fa3c5e2a2f3436e6bfed23,Greed,68,15452.344326,3,3462.0166666666664,10386.05,3,0,1075.72908,10293.2433,3.635118,1.0,,,,0.3365794962297449,,,Greed
2025-02-01,0xbee1707d6b44d4d52bfe19e41f8a828645437aab,Greed,68,2954.521713,133,875.9681203007518,116503.76,133,0,0.067385,229.618,35.650213,1.0,0.0,9.0,0.0,0.922228065804892,9.0,1267.9955555555555,Greed
2025-02-02,0x083384f897ee0f19899168e3b1bec365f52a9012,Greed,60,76710.0,9,103020.0,927180.0,9,0,88.65119,34903.8171,46.358996,1.0,0.0,1.0,0.0,15.947483978162829,1.0,931290.0,Greed
2025-02-02,0x23e7a7f8d14b550961925fbfdaa92f5d195ba5bd,Greed,60,6352.452613,246,2767.856422764228,680892.68,233,13,-360.22304,805.88475,238.31233,0.9471544715447154,58.0,0.0,1.0,1.410844505904087,58.0,5876.337931034483,Greed
2025-02-02,0x28736f43f1e871e6aa8b1148d38d4994275d72c4,Greed,60,-1416.906536,16,783.2693750000001,12532.310000000001,5,11,-815.648519,7.7658,4.386303,0.3125,69.0,0.0,1.0,3.240037758748567,69.0,1555.0211594202897,Greed
2025-02-02,0x47add9a56df66b524d5e2c1993a43cde53b6ed85,Greed,60,-809.836759,37,448.17243243243246,16582.38,26,11,-558.45657,148.102689,5.03169,0.7027027027027027,35.0,10.0,0.7777777777777778,1.4604638586793246,45.0,413.93933333333337,Greed
2025-02-02,0x8477e447846c758f5a675856001ea72298fd9cb5,Greed,60,1023.934713,16,622.88375,9966.14,15,1,-1.294722,176.290986,3.4881409999999997,0.9375,42.0,2.0,0.9545454545454546,1.085170220426451,44.0,1231.7820454545456,Greed
2025-02-02,0x92f17e8d81a944691c10e753af1b1baae1a2cd0d,Greed,60,12245.905048999999,75,2752.5984,206444.88,75,0,4.147,1164.83854,72.255682,1.0,94.0,0.0,1.0,1.3330992925450604,94.0,2065.947978723404,Greed
2025-02-02,0xb1231a4a2dd02f2276fa3c5e2a2f3436e6bfed23,Greed,60,69051.70619,71,7708.467183098591,547301.1699999999,71,0,1.40972,14327.62569,91.555535,1.0,,,,1.4365714744103963,,,Greed
2025-02-02,0xbee1707d6b44d4d52bfe19e41f8a828645437aab,Greed,60,-329.680689,58,1566.5567241379308,90860.29,38,20,-320.114175,189.79806,26.39106,0.6551724137931034,37.0,0.0,1.0,2.132163386571447,37.0,1459.2354054054053,Greed
2025-02-03,0x083384f897ee0f19899168e3b1bec365f52a9012,Fear,44,99841.826281,370,25161.70783783784,9309831.9,255,115,-19841.24014,25652.2897,791.267844,0.6891891891891891,275.0,193.0,0.5876068376068376,0.7482123783527178,468.0,21905.111303418802,Fear
2025-02-03,0x28736f43f1e871e6aa8b1148d38d4994275d72c4,Fear,44,439.634046,46,1594.4919565217392,73346.63,45,1,-8.0,114.320388,13.2868,0.9782608695652174,18.0,0.0,1.0,3.7350144966623966,18.0,978.3666666666668,Fear
2025-02-03,0x47add9a56df66b524d5e2c1993a43cde53b6ed85,Fear,44,2410.452542,83,775.8714457831326,64397.33,72,11,-109.979562,259.578444,16.538072,0.8674698795180723,63.0,23.0,0.7325581395348837,0.9914829057261312,86.0,540.7330232558139,Fear
2025-02-03,0x75f7eeb85dc639d5e99c78f95393aa9a5f1170d4,Fear,44,14982.681725,330,1572.4530909090909,518909.52,263,67,-437.42811,2341.90891,115.114224,0.796969696969697,13.0,8.0,0.6190476190476191,1.115025947945042,21.0,24445.694285714286,Fear
2025-02-03,0x8170715b3b381dffb7062c0298972d4727a0a63b,Fear,44,13770.715332,96,252.55875,24245.64,96,0,6.542976,1419.893948,2.327537,1.0,0.0,23.0,0.0,0.2382241885655441,23.0,782.5817391304348,Fear
2025-02-03,0x8477e447846c758f5a675856001ea72298fd9cb5,Fear,44,1474.607584,67,2093.3508955223883,140254.51,67,0,0.06532,120.641808,49.089051,1.0,71.0,0.0,1.0,2.34007080849702,71.0,1222.5785915492959,Fear
2025-02-03,0xa0feb3725a9335f49874d7cd8eaad6be45b27416,Fear,44,2161.6751200000003,6,11895.154999999999,71370.93,6,0,0.007232,2148.534516,7.1371519999999995,1.0,9.0,0.0,1.0,1.6272964412148312,9.0,6366.333333333333,Fear
2025-02-03,0xa520ded057a32086c40e7dd6ed4eb8efb82c00e0,Fear,44,20.596691,1,999.91,999.91,1,0,20.596691,20.596691,0.349967,1.0,,,,4.527347641039572,,,Fear
2025-02-03,0xb1231a4a2dd02f2276fa3c5e2a2f3436e6bfed23,Fear,44,46742.288748,89,1645.7482022471909,146471.59,89,0,0.173563,9303.86424,51.265005,1.0,0.0,131.0,0.0,1.3436386972565377,131.0,1334.3126717557252,Fear
2025-02-03,0xbd5fead7180a9c139fa51a103cb6a2ce86ddb5c3,Fear,44,153310.577466,68,3151.333235294118,214290.66,68,0,39.6244,21125.35262,36.941914,1.0,,,,1.8667404664656255,,,Fear
2025-02-03,0xbee1707d6b44d4d52bfe19e41f8a828645437aab,Fear,44,5803.573999,179,1743.651620111732,312113.64,138,41,-95.347247,1685.581665,104.168168,0.770949720670391,0.0,26.0,0.0,1.8082689770347202,26.0,1391.831153846154,Fear
2025-02-04,0x083384f897ee0f19899168e3b1bec365f52a9012,Greed,72,375620.270243,111,21487.38621621622,2385099.87,83,28,-5149.876128,71535.71674,542.643444,0.7477477477477478,0.0,420.0,0.0,0.6260384524092095,420.0,7693.145261904761,Greed
2025-02-04,0x28736f43f1e871e6aa8b1148d38d4994275d72c4,Greed,72,1291.500575,17,2123.550588235294,36100.36,17,0,2.02688,345.463608,6.267166,1.0,27.0,0.0,1.0,3.6866361000606833,27.0,651.974074074074,Greed
2025-02-04,0x47add9a56df66b524d5e2c1993a43cde53b6ed85,Greed,72,874.3810560000001,18,431.21722222222223,7761.91,16,2,-0.7774,460.524282,2.607986,0.8888888888888888,0.0,12.0,0.0,0.7509163011476296,12.0,320.62166666666667,Greed
2025-02-04,0x4f93fead39b70a1824f981a54d4e55b278e9f760,Greed,72,6403.5061239999995,9,95439.94666666667,858959.52,9,0,15.099644,3399.775146,257.687851,1.0,,,,6.447273679134097,,,Greed
2025-02-04,0x75f7eeb85dc639d5e99c78f95393aa9a5f1170d4,Greed,72,1985.815595,74,837.6325675675675,61984.81,74,0,0.387816,161.419706,10.240162999999999,1.0,2.0,0.0,1.0,1.4009603722187978,2.0,29999.52,Greed
2025-02-04,0x8381e6d82f1affd39a336e143e081ef7620a3b7f,Greed,72,9167.620989,49,62345.10857142858,3054910.3200000003,49,0,0.18923,4645.751462,1069.218586,1.0,55.0,0.0,1.0,18.39641835189933,55.0,54363.66654545455,Greed
2025-02-04,0xa0feb3725a9335f49874d7cd8eaad6be45b27416,Greed,72,4624.583773,149,2402.2454362416106,357934.57,138,11,-24.12705,1018.08,85.220209,0.9261744966442953,562.0,20.0,0.9656357388316151,0.9306875349357182,582.0,919.6554123711339,Greed
2025-02-04,0xb1231a4a2dd02f2276fa3c5e2a2f3436e6bfed23,Greed,72,16102.444634,258,2453.7931395348837,633078.63,238,20,-72.658068,1054.352121,221.577384,0.9224806201550387,0.0,403.0,0.0,1.283170223006578,403.0,2458.1228784119107,Greed
2025-02-04,0xbee1707d6b44d4d52bfe19e41f8a828645437aab,Greed,72,806.765131,112,1500.5109821428573,168057.23,71,41,-484.078894,219.442974,52.721835,0.6339285714285714,0.0,105.0,0.0,1.3837757540528322,105.0,1121.3694285714284,Greed
2025-02-05,0x083384f897ee0f19899168e3b1bec365f52a9012,Neutral,54,44400.9058,78,25026.726794871793,1952084.69,78,0,2.9452,10922.04212,385.757887,1.0,0.0,132.0,0.0,9.317087734393542,132.0,27505.898636363636,Neutral
2025-02-05,0x28736f43f1e871e6aa8b1148d38d4994275d72c4,Neutral,54,696.8107239999999,38,872.5634210526315,33157.409999999996,37,1,-0.78,299.813074,10.492219,0.9736842105263158,42.0,0.0,1.0,1.9484862787404762,42.0,1007.3107142857143,Neutral
2025-02-05,0x47add9a56df66b524d5e2c1993a43cde53b6ed85,Neutral,54,32.72269,1,245.77,245.77,1,0,32.72269,32.72269,0.082579,1.0,2.0,0.0,1.0,0.9006489214684853,2.0,524.965,Neutral
2025-02-05,0x75f7eeb85dc639d5e99c78f95393aa9a5f1170d4,Neutral,54,14.590934,15,1405.3220000000001,21079.83,15,0,0.040986,5.60043,2.3956470000000003,1.0,5.0,0.0,1.0,1.6930885013819021,5.0,4213.046,Neutral
2025-02-05,0x8381e6d82f1affd39a336e143e081ef7620a3b7f,Neutral,54,1843.301845,155,2482.542774193548,384794.13,126,29,-11.802841,323.925313,115.438155,0.8129032258064516,,,,0.8736666170795523,,,Neutral
2025-02-05,0x8477e447846c758f5a675856001ea72298fd9cb5,Neutral,54,554.257954,12,554.9875000000001,6659.85,12,0,2.86074,153.663405,2.330943,1.0,0.0,8.0,0.0,1.109423130775693,8.0,554.92,Neutral
2025-02-05,0xa0feb3725a9335f49874d7cd8eaad6be45b27416,Neutral,54,-6194.283149,105,7555.286190476191,793305.05,45,60,-7104.920076,386.265526,144.957527,0.42857142857142855,263.0,0.0,1.0,1.475861747717533,263.0,2807.188517110266,Neutral
2025-02-05,0xb1231a4a2dd02f2276fa3c5e2a2f3436e6bfed23,Neutral,54,14644.100674,92,1969.414891304348,181186.17,92,0,1.549901,1594.862343,63.415113000000005,1.0,0.0,126.0,0.0,0.8519974330178085,126.0,2644.771984126984,Neutral
2025-02-05,0xbee1707d6b44d4d52bfe19e41f8a828645437aab,Neutral,54,713.82809,11,2501.225454545455,27513.480000000003,11,0,6.527625,263.2245,9.629717,1.0,0.0,3.0,0.0,3.5796126627360887,3.0,7949.9766666666665,Neutral
2025-02-06,0x28736f43f1e871e6aa8b1148d38d4994275d72c4,Neutral,49,358.877096,17,1989.310588235294,33818.28,17,0,1.723848,84.12,6.921841,1.0,27.0,0.0,1.0,2.9407996763535835,27.0,1163.1318518518517,Neutral
2025-02-06,0x2c229d22b100a7beb69122eed721cee9b24011dd,Neutral,49,-639.3510530000001,44,2592.2486363636363,114058.94,35,9,-969.137966,467.812734,24.994726,0.7954545454545454,17.0,0.0,1.0,0.8247457096656408,17.0,6746.958823529412,Neutral
2025-02-06,0x47add9a56df66b524d5e2c1993a43cde53b6ed85,Neutral,49,922.6724320000001,16,505.0125,8080.2,15,1,-3.276416,651.649605,2.654937,0.9375,23.0,14.0,0.6216216216216216,0.8214865108454005,37.0,413.27675675675675,Neutral
2025-02-06,0x4f93fead39b70a1824f981a54d4e55b278e9f760,Neutral,49,440.753133,4,37601.9925,150407.97,4,0,37.314375,221.139912,45.122391,1.0,6.0,0.0,1.0,3.508043697470323,6.0,25000.995,Neutral
2025-02-06,0x75f7eeb85dc639d5e99c78f95393aa9a5f1170d4,Neutral,49,1220.605376,34,3483.891176470588,118452.3,18,16,-213.0514,1067.2926,39.799946999999996,0.5294117647058824,13.0,23.0,0.3611111111111111,2.982442884695683,36.0,3539.9558333333334,Neutral
2025-02-06,0x8381e6d82f1affd39a336e143e081ef7620a3b7f,Neutral,49,71.77363,54,2311.563888888889,124824.45,39,15,-3.529066,11.967864,37.447307,0.7222222222222222,,,,0.8889890354139502,,,Neutral
2025-02-06,0xa0feb3725a9335f49874d7cd8eaad6be45b27416,Neutral,49,2780.135427,275,964.6885818181818,265289.36,274,1,-55.21334,214.000094,70.197718,0.9963636363636363,531.0,0.0,1.0,0.7640488168436742,531.0,588.3981167608287,Neutral
2025-02-06,0xb1231a4a2dd02f2276fa3c5e2a2f3436e6bfed23,Neutral,49,51100.947505,355,1627.1158873239438,577626.14,355,0,0.846135,2501.5,202.168988,1.0,0.0,64.0,0.0,0.9790309642226858,64.0,1561.368125,Neutral
2025-02-06,0xbd5fead7180a9c139fa51a103cb6a2ce86ddb5c3,Neutral,49,-24500.0,1,107500.0,107500.0,0,1,-24500.0,-24500.0,10.75,0.0,12.0,0.0,1.0,3.018208191777684,12.0,11000.0,Neutral
2025-02-06,0xbee1707d6b44d4d52bfe19e41f8a828645437aab,Neutral,49,1212.452697,26,1026.8638461538462,26698.46,26,0,0.690804,257.49738,9.34445,1.0,,,,1.0960039121248188,,,Neutral
2025-02-07,0x28736f43f1e871e6aa8b1148d38d4994275d72c4,Fear,44,932.4458159999999,36,713.6366666666667,25690.92,36,0,0.06783,413.316,7.362601,1.0,5.0,0.0,1.0,1.6858944103566853,5.0,446.992,Fear
2025-02-07,0x2c229d22b100a7beb69122eed721cee9b24011dd,Fear,44,-1145.924392,102,1553.8423529411766,158491.92,6,96,-358.82546,578.49774,29.939587,0.058823529411764705,47.0,0.0,1.0,0.5216211986855146,47.0,3396.7121276595744,Fear
2025-02-07,0x430f09841d65beb3f27765503d0f850b8bce7713,Fear,44,5615.052102,24,2546.1920833333334,61108.61,24,0,6.550216,1508.614422,10.086551,1.0,69.0,0.0,1.0,2.5237594519785365,69.0,5159.584492753624,Fear
2025-02-07,0x47add9a56df66b524d5e2c1993a43cde53b6ed85,Fear,44,126.11297599999999,15,260.03866666666664,3900.58,14,1,-8.699158,46.213344,0.974604,0.9333333333333333,2.0,0.0,1.0,0.5836688097097879,2.0,499.65500000000003,Fear
2025-02-07,0x4f93fead39b70a1824f981a54d4e55b278e9f760,Fear,44,3691.30885,9,35189.25666666667,316703.31,9,0,22.05882,1015.78815,95.010991,1.0,8.0,10.0,0.4444444444444444,1.0310374796586523,18.0,11667.808888888889,Fear
2025-02-07,0x75f7eeb85dc639d5e99c78f95393aa9a5f1170d4,Fear,44,2648.450789,54,2171.070185185185,117237.79,41,10,-11.4,1872.253613,14.810175,0.803921568627451,3.0,1.0,0.75,1.7471616328316069,4.0,28647.895,Fear
2025-02-07,0xa0feb3725a9335f49874d7cd8eaad6be45b27416,Fear,44,6118.4852869999995,201,3839.179402985075,771675.06,201,0,0.00288,700.0513,231.831669,1.0,583.0,2.0,0.9965811965811966,0.936463573691075,585.0,1034.2632307692309,Fear
2025-02-07,0xb1231a4a2dd02f2276fa3c5e2a2f3436e6bfed23,Fear,44,1831.9529619999998,48,1349.3527083333333,64768.93,48,0,0.569604,141.19905,22.669121,1.0,0.0,38.0,0.0,0.8022781966950104,38.0,1752.662105263158,Fear
2025-02-07,0xbee1707d6b44d4d52bfe19e41f8a828645437aab,Fear,44,2631.225181,50,1786.3326000000002,89316.63,50,0,0.284494,245.993124,17.923113,1.0,,,,1.6095625617036198,,,Fear
2025-02-08,0x47add9a56df66b524d5e2c1993a43cde53b6ed85,Fear,44,78.902492,5,403.52599999999995,2017.6299999999999,5,0,5.746395,43.023246,0.677922,1.0,8.0,0.0,1.0,1.2367061226942258,8.0,681.2025,Fear
2025-02-08,0x75f7eeb85dc639d5e99c78f95393aa9a5f1170d4,Fear,44,235.47104,1,7000.01,7000.01,1,0,235.47104,235.47104,0.672,1.0,1.0,0.0,1.0,13.68435965243672,1.0,6764.54,Fear
2025-02-08,0x8477e447846c758f5a675856001ea72298fd9cb5,Fear,44,131.753274,7,297.9171428571429,2085.42,7,0,6.53952,55.158727,0.729895,1.0,0.0,1.0,0.0,0.429971596591591,1.0,554.25,Fear
2025-02-08,0xa0feb3725a9335f49874d7cd8eaad6be45b27416,Fear,44,330.039883,96,398.50145833333335,38256.14,96,0,0.012617,49.518171,6.303511,1.0,232.0,0.0,1.0,0.7310415502142724,232.0,916.0562068965518,Fear
2025-02-08,0xbee1707d6b44d4d52bfe19e41f8a828645437aab,Fear,44,-189.463436,13,2671.7584615384617,34732.86,1,12,-45.053899,0.981528,10.471792,0.07692307692307693,,,,1.3838403410191824,,,Fear
2025-02-09,0x083384f897ee0f19899168e3b1bec365f52a9012,Neutral,46,30897.0887,132,8469.868939393938,1118022.7,132,0,1.945312,3740.160312,0.0,1.0,0.0,9.0,0.0,0.7422857821030144,9.0,34965.136666666665,Neutral
2025-02-09,0x28736f43f1e871e6aa8b1148d38d4994275d72c4,Neutral,46,31.14195,11,302.72545454545457,3329.98,11,0,0.352149,15.674072,1.165492,1.0,6.0,0.0,1.0,0.6598341312116512,6.0,1385.9283333333333,Neutral
2025-02-09,0x47add9a56df66b524d5e2c1993a43cde53b6ed85,Neutral,46,378.027954,25,363.30400000000003,9082.6,22,3,-3.686976,103.15,2.27173,0.88,1.0,3.0,0.25,0.6028360271585651,4.0,286.9275,Neutral
2025-02-09,0x4f93fead39b70a1824f981a54d4e55b278e9f760,Neutral,46,866.203569,1,225876.54,225876.54,1,0,866.203569,866.203569,67.762962,1.0,0.0,2.0,0.0,3.868694826914795,2.0,22500.965,Neutral
2025-02-09,0x75f7eeb85dc639d5e99c78f95393aa9a5f1170d4,Neutral,46,627.556755,66,818.3580303030303,54011.63,66,0,0.28035,109.28043,6.723901,1.0,0.0,5.0,0.0,0.8217246932972779,5.0,10927.838,Neutral
2025-02-09,0x8381e6d82f1affd39a336e143e081ef7620a3b7f,Neutral,46,1259.5314,23,15377.137826086955,353674.17,23,0,0.037125,388.994168,106.10223500000001,1.0,0.0,80.0,0.0,0.8872739046352285,80.0,4436.67325,Neutral
2025-02-09,0x8477e447846c758f5a675856001ea72298fd9cb5,Neutral,46,312.034872,21,385.9142857142857,8104.2,20,1,-2.857728,39.30993,2.836462,0.9523809523809523,2.0,42.0,0.045454545454545456,0.44497339680761694,44.0,292.19204545454545,Neutral
2025-02-09,0xa0feb3725a9335f49874d7cd8eaad6be45b27416,Neutral,46,183.593223,22,2548.218636363636,56060.81,21,1,-0.000998,51.977765,6.874896,0.9545454545454546,100.0,0.0,1.0,0.4351686230668902,100.0,351.75230000000005,Neutral
2025-02-09,0xb1231a4a2dd02f2276fa3c5e2a2f3436e6bfed23,Neutral,46,115791.92916,12,11971.4825,143657.79,12,0,12.904353,48504.09555,50.280218999999995,1.0,0.0,33.0,0.0,0.8054227498796728,33.0,954.0715151515152,Neutral
2025-02-09,0xbee1707d6b44d4d52bfe19e41f8a828645437aab,Neutral,46,204.72190899999998,21,1327.5142857142857,27877.8,21,0,0.083663,65.173065,9.757222,1.0,,,,0.9600852547955823,,,Neutral
2025-02-10,0x083384f897ee0f19899168e3b1bec365f52a9012,Fear,43,55086.0,16,48018.749375,768299.99,16,0,0.73448,23909.89468,0.0,1.0,0.0,32.0,0.0,10.737353133159267,32.0,24039.3753125,Fear
2025-02-10,0x28736f43f1e871e6aa8b1148d38d4994275d72c4,Fear,43,436.833818,29,896.505172413793,25998.649999999998,29,0,0.262485,67.72356,5.310754,1.0,11.0,0.0,1.0,3.016249747151237,11.0,1674.2436363636364,Fear
2025-02-10,0x47add9a56df66b524d5e2c1993a43cde53b6ed85,Fear,43,4.42722,2,1063.985,2127.97,2,0,1.010272,3.416948,0.714995,1.0,0.0,4.0,0.0,1.091044282881692,4.0,249.9875,Fear
2025-02-10,0x4f93fead39b70a1824f981a54d4e55b278e9f760,Fear,43,2069.55836,29,19163.00379310345,555727.11,29,0,0.001133,272.309638,166.718115,1.0,28.0,27.0,0.509090909090909,0.9396477690924987,55.0,11996.779272727272,Fear
2025-02-10,0x75f7eeb85dc639d5e99c78f95393aa9a5f1170d4,Fear,43,990.674468,35,2199.266857142857,76974.34,35,0,9.8e-05,302.035062,13.828789,1.0,13.0,10.0,0.5652173913043478,1.7491798063348778,23.0,3329.9734782608693,Fear
2025-02-10,0x8170715b3b381dffb7062c0298972d4727a0a63b,Fear,43,24.634532000000036,65,683.144,44404.36,29,36,-104.921442,187.858406,4.262771,0.4461538461538462,0.0,20.0,0.0,0.9528776841222015,20.0,749.9894999999999,Fear
2025-02-10,0x8477e447846c758f5a675856001ea72298fd9cb5,Fear,43,131.17446,8,1604.83375,12838.67,7,1,-18.180539,40.807676,4.4935279999999995,0.875,11.0,27.0,0.2894736842105263,0.44390326839220706,38.0,370.7421052631579,Fear
2025-02-10,0xa0feb3725a9335f49874d7cd8eaad6be45b27416,Fear,43,1338.39845,185,1029.9445945945945,190539.75,185,0,0.006495,130.85928,11.443348,1.0,119.0,0.0,1.0,1.0810229178311905,119.0,617.8344537815126,Fear
2025-02-10,0xa520ded057a32086c40e7dd6ed4eb8efb82c00e0,Fear,43,30.785143,2,249.82,499.64,2,0,7.309258,23.475885,0.174872,1.0,,,,1.1311237888255001,,,Fear
2025-02-10,0xbee1707d6b44d4d52bfe19e41f8a828645437aab,Fear,43,3796.008199,91,1521.055824175824,138416.08,91,0,0.137316,334.529292,38.797371,1.0,,,,1.3836373534106532,,,Fear
2025-02-11,0x23e7a7f8d14b550961925fbfdaa92f5d195ba5bd,Neutral,47,-12346.990829,124,612.1092741935485,75901.55,0,124,-2116.6544,-1.129744,26.565471000000002,0.0,,,,0.05934336613981829,,,Neutral
2025-02-11,0x28736f43f1e871e6aa8b1148d38d4994275d72c4,Neutral,47,593.326371,19,899.5921052631579,17092.25,19,0,3.501264,121.131444,4.943608,1.0,20.0,0.0,1.0,2.7925965882273616,20.0,1130.7565,Neutral
2025-02-11,0x47add9a56df66b524d5e2c1993a43cde53b6ed85,Neutral,47,314.918282,7,515.2385714285714,3606.67,7,0,0.940018,142.22268,1.211836,1.0,1.0,6.0,0.14285714285714285,0.7507660878447395,7.0,464.3071428571428,Neutral
2025-02-11,0x4f93fead39b70a1824f981a54d4e55b278e9f760,Neutral,47,1353.604398,22,14307.004545454547,314754.10000000003,22,0,0.054465,297.486,94.426223,1.0,21.0,13.0,0.6176470588235294,0.7188039158545172,34.0,11464.38794117647,Neutral
2025-02-11,0x75f7eeb85dc639d5e99c78f95393aa9a5f1170d4,Neutral,47,1053.5230999999999,3,6331.413333333334,18994.24,3,0,0.04818,952.89492,1.8236629999999998,1.0,2.0,0.0,1.0,3.605631002326368,2.0,8970.36,Neutral
2025-02-11,0x8381e6d82f1affd39a336e143e081ef7620a3b7f,Neutral,47,109.90750199999998,97,2553.241237113402,247664.4,80,17,-364.625892,49.0619,74.299272,0.8247422680412371,1.0,0.0,1.0,1.742187841822939,1.0,5000.2,Neutral
2025-02-11,0x8477e447846c758f5a675856001ea72298fd9cb5,Neutral,47,56.537437,5,276.79200000000003,1383.96,5,0,0.452691,21.900417,0.484382,1.0,0.0,14.0,0.0,1.109273112773533,14.0,674.1085714285715,Neutral
2025-02-11,0xa0feb3725a9335f49874d7cd8eaad6be45b27416,Neutral,47,869.757103,31,2775.8529032258066,86051.44,31,0,0.001435,267.12371,22.554901,1.0,152.0,0.0,1.0,1.1775666107695173,152.0,897.1336184210526,Neutral
2025-02-11,0xbee1707d6b44d4d52bfe19e41f8a828645437aab,Neutral,47,1901.6318190000002,18,2220.206666666667,39963.72,18,0,1.941288,454.198636,7.369258,1.0,,,,3.002048329504249,,,Neutral
2025-02-12,0x23e7a7f8d14b550961925fbfdaa92f5d195ba5bd,Neutral,46,355.5854,127,1683.6708661417324,213826.2,127,0,0.01612,6.7,74.839132,1.0,31.0,0.0,1.0,5.604053455484372,31.0,6886.155161290322,Neutral
2025-02-12,0x28736f43f1e871e6aa8b1148d38d4994275d72c4,Neutral,46,198.780392,31,845.1061290322581,26198.29,27,4,-22.205,28.565,7.085214,0.8709677419354839,15.0,2.0,0.8823529411764706,3.2268221967500503,17.0,690.2423529411764,Neutral
2025-02-12,0x430f09841d65beb3f27765503d0f850b8bce7713,Neutral,46,22795.8104,45,5367.151555555556,241521.82,45,0,1.51718,6315.16184,78.213999,1.0,63.0,0.0,1.0,2.042702067451174,63.0,3471.8433333333332,Neutral
2025-02-12,0x47add9a56df66b524d5e2c1993a43cde53b6ed85,Neutral,46,117.09923500000001,5,661.658,3308.29,4,1,-3.311474,55.282973,1.11158,0.8,,,,1.4252839031424622,,,Neutral
2025-02-12,0x4f93fead39b70a1824f981a54d4e55b278e9f760,Neutral,46,5212.729861,45,14298.192222222222,643418.65,45,0,0.042845,1191.204,193.025573,1.0,12.0,27.0,0.3076923076923077,0.90255559538577,39.0,15383.89435897436,Neutral
2025-02-12,0x75f7eeb85dc639d5e99c78f95393aa9a5f1170d4,Neutral,46,-22303.603584,100,1796.3357,179633.57,28,72,-3960.0,354.29186,40.394892999999996,0.28,17.0,1.0,0.9444444444444444,1.23360109756825,18.0,9379.124444444444,Neutral
2025-02-12,0x8381e6d82f1affd39a336e143e081ef7620a3b7f,Neutral,46,2760.439779,57,8828.189122807018,503206.78,57,0,0.21324,954.392937,25.160317,1.0,24.0,0.0,1.0,1.7500984450064319,24.0,20851.97875,Neutral
2025-02-12,0x8477e447846c758f5a675856001ea72298fd9cb5,Neutral,46,299.669854,26,431.5069230769231,11219.18,23,3,-23.707095,46.054218,3.926689,0.8846153846153846,0.0,4.0,0.0,0.8055066607992959,4.0,277.32000000000005,Neutral
2025-02-12,0xb1231a4a2dd02f2276fa3c5e2a2f3436e6bfed23,Neutral,46,8664.933786,76,2476.0734210526316,188181.58000000002,76,0,0.890652,2681.138579,65.863508,1.0,0.0,141.0,0.0,0.8423552061607572,141.0,1535.2405673758865,Neutral
2025-02-12,0xbee1707d6b44d4d52bfe19e41f8a828645437aab,Neutral,46,1747.1899090000002,45,1168.4795555555556,52581.58,45,0,0.041589,295.004043,12.910976999999999,1.0,,,,0.837028630479512,,,Neutral
2025-02-13,0x28736f43f1e871e6aa8b1148d38d4994275d72c4,Neutral,50,287.27875,21,579.9609523809524,12179.18,21,0,0.09849,57.525,2.3884980000000002,1.0,16.0,2.0,0.8888888888888888,2.06708920504349,18.0,817.2133333333334,Neutral
2025-02-13,0x2c229d22b100a7beb69122eed721cee9b24011dd,Neutral,50,17378.569333,206,2830.593009708738,583102.16,206,0,0.09,2551.817955,169.291208,1.0,115.0,0.0,1.0,1.0844400396432112,115.0,4919.361217391304,Neutral
2025-02-13,0x47add9a56df66b524d5e2c1993a43cde53b6ed85,Neutral,50,534.854304,27,334.67518518518517,9036.23,27,0,0.584292,61.714362,2.496269,1.0,2.0,17.0,0.10526315789473684,0.6987922850447635,19.0,447.29157894736846,Neutral
2025-02-13,0x4f93fead39b70a1824f981a54d4e55b278e9f760,Neutral,50,2205.413149,11,16163.456363636362,177798.02,11,0,0.178815,717.184684,53.339400000000005,1.0,12.0,0.0,1.0,1.7072238541148195,12.0,18749.845,Neutral
2025-02-13,0x75f7eeb85dc639d5e99c78f95393aa9a5f1170d4,Neutral,50,2390.12335,84,754.5705952380953,63383.93,84,0,0.128,258.29111,9.71223,1.0,0.0,17.0,0.0,0.775475712325771,17.0,3869.0623529411764,Neutral
2025-02-13,0x8170715b3b381dffb7062c0298972d4727a0a63b,Neutral,50,-3556.3882559999997,16,1162.2662500000001,18596.260000000002,0,16,-680.623978,-9.207632,6.248327,0.0,0.0,30.0,0.0,1.1317937373660323,30.0,833.3213333333333,Neutral
2025-02-13,0x8381e6d82f1affd39a336e143e081ef7620a3b7f,Neutral,50,1998.702085,42,2039.3888095238096,85654.33,42,0,0.013831,129.285388,25.696273,1.0,,,,1.7700499663099312,,,Neutral
2025-02-13,0x8477e447846c758f5a675856001ea72298fd9cb5,Neutral,50,181.456277,11,368.71,4055.81,11,0,0.18984,42.060296,1.419529,1.0,0.0,14.0,0.0,0.4435932311877426,14.0,182.24714285714285,Neutral
2025-02-13,0xa0feb3725a9335f49874d7cd8eaad6be45b27416,Neutral,50,1312.55815,160,2745.0393125,439206.29,160,0,0.002056,312.957,94.691225,1.0,239.0,0.0,1.0,0.8764486677846095,239.0,1521.3287866108788,Neutral
2025-02-13,0xbee1707d6b44d4d52bfe19e41f8a828645437aab,Neutral,50,5096.967096,79,1766.6882278481012,139568.37,79,0,0.036375,1185.15779,45.954556000000004,1.0,0.0,58.0,0.0,1.3327797307646174,58.0,1498.0925862068964,Neutral
2025-02-14,0x28736f43f1e871e6aa8b1148d38d4994275d72c4,Neutral,48,404.813032,38,568.3471052631579,21597.19,37,1,-5.2,48.4775,5.943986,0.9736842105263158,1.0,4.0,0.2,1.6455397478255007,5.0,499.316,Neutral
2025-02-14,0x3998f134d6aaa2b6a5f723806d00fd2bbbbce891,Neutral,48,19.530304,2,25.39,50.78,2,0,8.590818,10.939486,0.01706,1.0,,,,0.05593003788880078,,,Neutral
2025-02-14,0x3f9a0aadc7f04a7c9d75dc1b5a6ddd6e36486cf6,Neutral,48,8019.163096,1,63734.69,63734.69,1,0,8019.163096,8019.163096,6.373468,1.0,,,,61.15721900503289,,,Neutral
2025-02-14,0x47add9a56df66b524d5e2c1993a43cde53b6ed85,Neutral,48,-10.630689999999959,35,298.0848571428571,10432.97,32,3,-891.16104,162.026095,2.845552,0.9142857142857143,3.0,9.0,0.25,0.5251457069038035,12.0,366.61583333333334,Neutral
2025-02-14,0x4f93fead39b70a1824f981a54d4e55b278e9f760,Neutral,48,2678.115601,25,22397.4008,559935.02,25,0,0.044803,1203.630768,167.980494,1.0,5.0,28.0,0.15151515151515152,1.2894390043248738,33.0,18027.628484848483,Neutral
2025-02-14,0x513b8629fe877bb581bf244e326a047b249c4ff1,Neutral,48,194499.072534,464,1986.7047629310346,921831.01,464,0,1.102835,10308.83318,309.734741,1.0,,,,0.15007327673735127,,,Neutral
2025-02-14,0x6d6a4b953f202f8df5bed40692e7fd865318264a,Neutral,48,844.8168900000001,21,254.39857142857142,5342.37,21,0,4.601625,70.748026,1.795024,1.0,,,,0.7737109495607264,,,Neutral
2025-02-14,0x8170715b3b381dffb7062c0298972d4727a0a63b,Neutral,48,8693.01368,104,3095.5313461538462,321935.26,81,23,-29.71293,1200.4,43.145394,0.7788461538461539,101.0,105.0,0.49029126213592233,1.072485602044319,206.0,2501.8656796116506,Neutral
2025-02-14,0x8381e6d82f1affd39a336e143e081ef7620a3b7f,Neutral,48,27.247837999999998,11,810.7781818181818,8918.56,11,0,0.038584,15.456752,2.6755660000000003,1.0,,,,0.16029472247258852,,,Neutral
2025-02-14,0xa0feb3725a9335f49874d7cd8eaad6be45b27416,Neutral,48,414.739367,35,6827.309428571428,238955.83,33,2,-0.215376,113.32464,46.832161,0.9428571428571428,258.0,12.0,0.9555555555555556,1.1574250046580956,270.0,669.1755925925926,Neutral
2025-02-14,0xbee1707d6b44d4d52bfe19e41f8a828645437aab,Neutral,48,-1818.156466,64,1290.91125,82618.32,1,63,-201.303011,72.930584,27.418576,0.015625,0.0,102.0,0.0,0.923538258550853,102.0,1408.7089215686274,Neutral
2025-02-15,0x28736f43f1e871e6aa8b1148d38d4994275d72c4,Neutral,50,64.653448,8,137.5,1100.0,8,0,1.32875,17.934156,0.384994,1.0,,,,1.268491672847414,,,Neutral
2025-02-15,0x2c229d22b100a7beb69122eed721cee9b24011dd,Neutral,50,590.06989,32,953.5471875,30513.51,32,0,0.005263,117.254377,6.429698,1.0,15.0,0.0,1.0,1.1220280632204893,15.0,1994.9019999999998,Neutral
2025-02-15,0x47add9a56df66b524d5e2c1993a43cde53b6ed85,Neutral,50,231.07204,5,523.7560000000001,2618.78,5,0,5.6448,163.964539,0.6399130000000001,1.0,1.0,7.0,0.125,1.0480682569248332,8.0,281.02375,Neutral
2025-02-15,0x4f93fead39b70a1824f981a54d4e55b278e9f760,Neutral,50,3884.0032459999998,13,25874.26923076923,336365.5,13,0,13.185048,1780.021194,100.909643,1.0,5.0,3.0,0.625,1.6184981831404721,8.0,17499.5225,Neutral
2025-02-15,0x75f7eeb85dc639d5e99c78f95393aa9a5f1170d4,Neutral,50,462.740727,19,2867.5436842105264,54483.33,19,0,0.00051,214.187328,11.554061,1.0,9.0,0.0,1.0,1.9253673473445612,9.0,6002.2877777777785,Neutral
2025-02-15,0x8170715b3b381dffb7062c0298972d4727a0a63b,Neutral,50,35346.87108,161,2596.0268322981365,417960.32,154,7,-17.007256,6812.250348,107.507424,0.9565217391304348,0.0,18.0,0.0,1.0192608413745758,18.0,833.3194444444445,Neutral
2025-02-15,0x8477e447846c758f5a675856001ea72298fd9cb5,Neutral,50,49.98382900000001,9,437.9866666666667,3941.88,3,6,-10.28865,67.010034,1.379656,0.3333333333333333,,,,0.8960075209025082,,,Neutral
2025-02-15,0xa0feb3725a9335f49874d7cd8eaad6be45b27416,Neutral,50,590.52379,115,1625.1253913043477,186889.41999999998,112,3,-1.644868,78.093118,35.66484,0.9739130434782609,323.0,27.0,0.9228571428571428,0.9139556549282652,350.0,512.4121142857142,Neutral
2025-02-15,0xbee1707d6b44d4d52bfe19e41f8a828645437aab,Neutral,50,3822.79759,54,2514.8016666666667,135799.29,54,0,0.673125,405.9855,27.739653,1.0,0.0,31.0,0.0,1.3329827183731466,31.0,952.2148387096775,Neutral
2025-02-16,0x28736f43f1e871e6aa8b1148d38d4994275d72c4,Neutral,54,59.664989,4,274.3225,1097.29,4,0,2.5575,44.105925,0.384047,1.0,2.0,3.0,0.4,2.263367271256153,5.0,751.456,Neutral
2025-02-16,0x47add9a56df66b524d5e2c1993a43cde53b6ed85,Neutral,54,278.922501,27,394.3548148148148,10647.58,17,10,-40.145306,87.569046,3.5775550000000003,0.6296296296296297,4.0,10.0,0.2857142857142857,0.5631496725349996,14.0,401.0585714285714,Neutral
2025-02-16,0x4f93fead39b70a1824f981a54d4e55b278e9f760,Neutral,54,314.96786,11,18195.275454545455,200148.03,11,0,0.008745,108.294558,60.044399,1.0,8.0,6.0,0.5714285714285714,1.289395162434205,14.0,11428.270714285714,Neutral
2025-02-16,0x75f7eeb85dc639d5e99c78f95393aa9a5f1170d4,Neutral,54,14.54605,1,860.35,860.35,1,0,14.54605,14.54605,0.289078,1.0,4.0,0.0,1.0,0.4578370747420118,4.0,211.45250000000001,Neutral
2025-02-16,0x8381e6d82f1affd39a336e143e081ef7620a3b7f,Neutral,54,559.647247,34,1618.660294117647,55034.45,34,0,0.113073,58.55753,16.510317999999998,1.0,,,,0.6561906595377898,,,Neutral
2025-02-16,0xa0feb3725a9335f49874d7cd8eaad6be45b27416,Neutral,54,819.9958,228,674.9072368421052,153878.85,195,33,-5.262436,129.8484,11.520178999999999,0.8552631578947368,139.0,88.0,0.6123348017621145,0.5788895099683249,227.0,326.94550660792953,Neutral
2025-02-16,0xbee1707d6b44d4d52bfe19e41f8a828645437aab,Neutral,54,321.733978,44,1032.2147727272727,45417.45,38,6,-3.94201,89.700997,15.896082999999999,0.8636363636363636,0.0,6.0,0.0,0.9685184672590215,6.0,2564.1883333333335,Neutral
2025-02-17,0x28736f43f1e871e6aa8b1148d38d4994275d72c4,Neutral,51,115.824682,18,252.4338888888889,4543.81,18,0,0.21219,27.8672,1.590325,1.0,6.0,2.0,0.75,1.7060885982064593,8.0,998.585,Neutral
2025-02-17,0x47add9a56df66b524d5e2c1993a43cde53b6ed85,Neutral,51,19.482565,7,192.78285714285715,1349.48,5,2,-2.64576,6.326154,0.453416,0.7142857142857143,1.0,2.0,0.3333333333333333,0.7811392176891185,3.0,666.5733333333334,Neutral
2025-02-17,0x4f93fead39b70a1824f981a54d4e55b278e9f760,Neutral,51,1204.110761,5,43798.71,218993.55,5,0,27.390608,1008.551369,65.69806299999999,1.0,21.0,16.0,0.5675675675675675,0.832741252898078,37.0,8648.941891891891,Neutral
2025-02-17,0x8381e6d82f1affd39a336e143e081ef7620a3b7f,Neutral,51,64.346683,17,1573.0170588235294,26741.29,17,0,0.035698,14.036194,8.022379,1.0,,,,0.34787402539443635,,,Neutral
2025-02-17,0xa0feb3725a9335f49874d7cd8eaad6be45b27416,Neutral,51,303.11202,119,714.5785714285714,85034.85,118,1,-0.00804,70.218554,10.203307,0.9915966386554622,114.0,51.0,0.6909090909090909,0.6079373951928451,165.0,515.369696969697,Neutral
2025-02-17,0xbee1707d6b44d4d52bfe19e41f8a828645437aab,Neutral,51,111.69658399999999,76,1365.533947368421,103780.58,48,28,-103.94463,105.867045,33.374124,0.631578947368421,0.0,30.0,0.0,1.3836558068296103,30.0,1112.3193333333334,Neutral
2025-02-18,0x28736f43f1e871e6aa8b1148d38d4994275d72c4,Neutral,47,45.659497,7,321.22285714285715,2248.56,7,0,0.4086,21.954661,0.485457,1.0,17.0,0.0,1.0,1.903074640954757,17.0,509.5594117647059,Neutral
2025-02-18,0x47add9a56df66b524d5e2c1993a43cde53b6ed85,Neutral,47,336.64107,20,322.89099999999996,6457.82,20,0,0.652482,97.02576,2.04982,1.0,17.0,9.0,0.6538461538461539,0.9521720843597908,26.0,413.24,Neutral
2025-02-18,0x4f93fead39b70a1824f981a54d4e55b278e9f760,Neutral,47,1670.219701,14,22888.02571428571,320432.36,14,0,0.13344,320.41318,96.129701,1.0,22.0,8.0,0.7333333333333333,1.2893990308363228,30.0,8666.869666666667,Neutral
2025-02-18,0x75f7eeb85dc639d5e99c78f95393aa9a5f1170d4,Neutral,47,3112.721339,127,1241.368661417323,157653.82,106,21,-124.303804,851.52768,33.051106,0.8346456692913385,3.0,1.0,0.75,1.2837174159425766,4.0,39121.1625,Neutral
2025-02-18,0x8381e6d82f1affd39a336e143e081ef7620a3b7f,Neutral,47,3981.044269,27,3873.025185185185,104571.68,27,0,0.340083,1882.567766,9.224694,1.0,,,,0.47573877508159995,,,Neutral
2025-02-18,0x8477e447846c758f5a675856001ea72298fd9cb5,Neutral,47,950.815596,21,467.4771428571429,9817.02,21,0,1.793785,352.502,3.435942,1.0,0.0,2.0,0.0,0.5822698723846862,2.0,2498.86,Neutral
2025-02-18,0xa0feb3725a9335f49874d7cd8eaad6be45b27416,Neutral,47,3455.116708,148,1316.5200675675676,194844.97,148,0,0.000348,120.887424,17.45834,1.0,233.0,31.0,0.8825757575757576,1.565343767467859,264.0,1149.59375,Neutral
2025-02-18,0xb1231a4a2dd02f2276fa3c5e2a2f3436e6bfed23,Neutral,47,73677.453556,264,2654.748446969697,700853.59,264,0,0.8858,12817.36399,170.298756,1.0,,,,1.6043478260869568,,,Neutral
2025-02-18,0xbee1707d6b44d4d52bfe19e41f8a828645437aab,Neutral,47,3935.153067,301,1369.1893355481727,412125.99,250,51,-95.891751,222.124975,126.972766,0.8305647840531561,1.0,30.0,0.03225806451612903,1.383969514951883,31.0,2581.3251612903227,Neutral
2025-02-19,0x28736f43f1e871e6aa8b1148d38d4994275d72c4,Fear,44,20.62415,7,565.3328571428572,3957.33,7,0,0.070605,6.76875,1.385065,1.0,8.0,2.0,0.8,2.3441440226552492,10.0,587.927,Fear
2025-02-19,0x47add9a56df66b524d5e2c1993a43cde53b6ed85,Fear,44,89.261197,8,348.59125,2788.73,6,2,-18.502479,45.818553,0.39714499999999997,0.75,9.0,0.0,1.0,0.6740521540587634,9.0,266.3544444444444,Fear
2025-02-19,0x4f93fead39b70a1824f981a54d4e55b278e9f760,Fear,44,3512.2119079999998,23,19235.269130434783,442411.19,23,0,0.181097,1185.679908,132.723348,1.0,28.0,7.0,0.8,0.9500634417947323,35.0,14285.239142857143,Fear
2025-02-19,0x75f7eeb85dc639d5e99c78f95393aa9a5f1170d4,Fear,44,770.462266,209,852.1963157894737,178109.03,154,54,-148.790063,135.474784,44.759516,0.7403846153846154,2.0,10.0,0.16666666666666666,0.9942735569562364,12.0,14865.470833333333,Fear
2025-02-19,0xa0feb3725a9335f49874d7cd8eaad6be45b27416,Fear,44,1280.6095579999999,134,2230.0830597014924,298831.13,134,0,0.005282,432.048435,57.07240099999999,1.0,266.0,0.0,1.0,0.6990683808459102,266.0,518.5280827067669,Fear
2025-02-19,0xb1231a4a2dd02f2276fa3c5e2a2f3436e6bfed23,Fear,44,3350.218775,26,3712.4453846153847,96523.58,26,0,0.713335,803.5,33.783232,1.0,0.0,59.0,0.0,2.828300978661961,59.0,1692.7801694915254,Fear
2025-02-19,0xbaaaf6571ab7d571043ff1e313a9609a10637864,Fear,44,31.42038,2,29.38,58.76,2,0,7.278993,24.141387,0.019743,1.0,119.0,0.0,1.0,2.979649429293735,119.0,5023.1298319327725,Fear
2025-02-19,0xbee1707d6b44d4d52bfe19e41f8a828645437aab,Fear,44,5930.986467,232,1801.2014224137931,417878.73,230,2,-27.86525,390.40006,132.086587,0.9913793103448276,0.0,6.0,0.0,1.3836558068296103,6.0,1037.4083333333335,Fear
2025-02-20,0x28736f43f1e871e6aa8b1148d38d4994275d72c4,Neutral,49,278.142839,26,624.1880769230769,16228.89,26,0,0.1603,35.633952,5.071983,1.0,6.0,6.0,0.5,1.625918683837907,12.0,439.04,Neutral
2025-02-20,0x2c229d22b100a7beb69122eed721cee9b24011dd,Neutral,49,3057.28245,141,3012.4841134751773,424760.26,132,9,-150.5361,454.31622,114.819549,0.9361702127659575,8.0,0.0,1.0,1.0855876062803191,8.0,52712.87,Neutral
2025-02-20,0x47add9a56df66b524d5e2c1993a43cde53b6ed85,Neutral,49,168.023469,11,379.39363636363635,4173.33,11,0,0.335497,67.74774,1.402225,1.0,2.0,0.0,1.0,1.1067415730337078,2.0,375.26,Neutral
2025-02-20,0x4f93fead39b70a1824f981a54d4e55b278e9f760,Neutral,49,1829.292797,40,17007.095250000002,680283.81,40,0,0.02841,355.124,204.085124,1.0,16.0,34.0,0.32,1.2893693730867528,50.0,17199.653599999998,Neutral
2025-02-20,0x75f7eeb85dc639d5e99c78f95393aa9a5f1170d4,Neutral,49,1701.216421,64,1129.8067187499998,72307.62999999999,64,0,0.270744,512.167988,13.26604,1.0,0.0,4.0,0.0,0.9374067961744179,4.0,8177.67,Neutral
2025-02-20,0xa0feb3725a9335f49874d7cd8eaad6be45b27416,Neutral,49,2866.872677,443,1079.7816930022573,478343.29,443,0,0.001279,134.575,66.356029,1.0,525.0,0.0,1.0,0.7827557294577976,525.0,595.5256380952382,Neutral
2025-02-20,0xbaaaf6571ab7d571043ff1e313a9609a10637864,Neutral,49,35262.804627,185,3421.6945405405404,633013.49,185,0,0.64885,3813.374511,212.692347,1.0,,,,1.6997219959181273,,,Neutral
2025-02-20,0xbee1707d6b44d4d52bfe19e41f8a828645437aab,Neutral,49,819.221222,81,1211.4501234567902,98127.46,62,19,-55.60617,168.239389,32.951798,0.7654320987654321,0.0,64.0,0.0,0.9262140042996466,64.0,1099.2009375,Neutral
2025-02-21,0x28736f43f1e871e6aa8b1148d38d4994275d72c4,Greed,55,591.659533,61,304.4129508196721,18569.19,61,0,0.344685,36.3747,5.844959,1.0,5.0,25.0,0.16666666666666666,1.348391881869058,30.0,333.8603333333333,Greed
2025-02-21,0x2c229d22b100a7beb69122eed721cee9b24011dd,Greed,55,8502.805925,26,3406.2234615384614,88561.81,26,0,6.83718,1613.415411,28.218395,1.0,34.0,0.0,1.0,0.513400448594231,34.0,2354.676176470588,Greed
2025-02-21,0x3998f134d6aaa2b6a5f723806d00fd2bbbbce891,Greed,55,-350.632694,5,122.51200000000001,612.5600000000001,0,5,-84.6165,-42.123002,0.205813,0.0,,,,0.32414750198255354,,,Greed
2025-02-21,0x430f09841d65beb3f27765503d0f850b8bce7713,Greed,55,82117.04336,255,1500.5277647058824,382634.58,255,0,3.230816,7082.745948,38.391857,1.0,,,,0.8961016870525289,,,Greed
2025-02-21,0x47add9a56df66b524d5e2c1993a43cde53b6ed85,Greed,55,165.776644,12,231.1883333333333,2774.2599999999998,11,1,-0.614337,66.785916,0.932144,0.9166666666666666,0.0,3.0,0.0,0.6759298203448898,3.0,583.1999999999999,Greed
2025-02-21,0x4f93fead39b70a1824f981a54d4e55b278e9f760,Greed,55,5993.575314,8,86750.05375,694000.43,8,0,26.593495,2494.908139,208.20012,1.0,22.0,46.0,0.3235294117647059,0.32722233254331967,68.0,8823.648970588236,Greed
2025-02-21,0x75f7eeb85dc639d5e99c78f95393aa9a5f1170d4,Greed,55,2720.828056,149,955.5982550335569,142384.13999999998,121,28,-61.4513,203.00016,28.28728,0.8120805369127517,2.0,37.0,0.05128205128205128,1.022339092915515,39.0,3603.2410256410253,Greed
2025-02-21,0x8381e6d82f1affd39a336e143e081ef7620a3b7f,Greed,55,8995.13393,8,15859.55,126876.4,8,0,5.461892,8424.257062,12.687638999999999,1.0,,,,0.7977458281193941,,,Greed
2025-02-21,0xa0feb3725a9335f49874d7cd8eaad6be45b27416,Greed,55,3417.71341,341,1480.6090615835776,504887.69,341,0,0.001458,240.462494,57.569419,1.0,428.0,0.0,1.0,0.9407117570337246,428.0,673.5708644859814,Greed
2025-02-21,0xb1231a4a2dd02f2276fa3c5e2a2f3436e6bfed23,Greed,55,3056.449155,31,4621.40129032258,143263.44,31,0,1.54297,1109.239995,50.142185999999995,1.0,0.0,27.0,0.0,1.9741216107813253,27.0,4937.363703703704,Greed
2025-02-21,0xbee1707d6b44d4d52bfe19e41f8a828645437aab,Greed,55,4483.141317,116,1620.5788793103447,187987.15,116,0,0.21852,507.163755,27.048373,1.0,0.0,137.0,0.0,1.180280676502339,137.0,1663.3000729927007,Greed
2025-02-22,0x28736f43f1e871e6aa8b1148d38d4994275d72c4,Neutral,49,369.396398,17,467.5282352941177,7947.9800000000005,16,1,-5.394852,178.7526,2.551663,0.9411764705882353,25.0,15.0,0.625,1.420807767513991,40.0,474.14275,Neutral
2025-02-22,0x47add9a56df66b524d5e2c1993a43cde53b6ed85,Neutral,49,31.523152,5,387.144,1935.72,2,3,-8.932665,31.028745,0.650398,0.4,6.0,7.0,0.46153846153846156,0.8398425764585711,13.0,326.76461538461535,Neutral
2025-02-22,0x4f93fead39b70a1824f981a54d4e55b278e9f760,Neutral,49,1287.143384,52,16563.64519230769,861309.5499999999,52,0,0.05148,242.952168,258.392821,1.0,39.0,0.0,1.0,0.9026181345533415,39.0,16922.997692307694,Neutral
2025-02-22,0x75f7eeb85dc639d5e99c78f95393aa9a5f1170d4,Neutral,49,1437.17482,83,1601.4054216867469,132916.65,80,2,-0.152096,175.428036,21.392418,0.975609756097561,2.0,36.0,0.05263157894736842,1.4110711232179427,38.0,3490.6289473684214,Neutral
2025-02-22,0x8477e447846c758f5a675856001ea72298fd9cb5,Neutral,49,-80.922744,1,635.37,635.37,0,1,-80.922744,-80.922744,0.222378,0.0,0.0,17.0,0.0,0.5551266151938232,17.0,326.3335294117647,Neutral
2025-02-22,0xa0feb3725a9335f49874d7cd8eaad6be45b27416,Neutral,49,101.06290399999999,20,1368.176,27363.52,20,0,0.016068,36.592952,4.393118,1.0,21.0,0.0,1.0,0.616359232345817,21.0,237.5257142857143,Neutral
2025-02-22,0xb1231a4a2dd02f2276fa3c5e2a2f3436e6bfed23,Neutral,49,5628.488702,93,1613.518924731183,150057.26,93,0,0.522976,188.445026,52.520002,1.0,0.0,34.0,0.0,1.8712818867319108,34.0,1468.9461764705882,Neutral
2025-02-22,0xbd5fead7180a9c139fa51a103cb6a2ce86ddb5c3,Neutral,49,15074.26913,40,9390.71275,375628.51,36,4,-76.494198,2720.871522,96.569944,0.9,86.0,12.0,0.8775510204081632,0.9565312822078863,98.0,6710.225612244898,Neutral
2025-02-22,0xbee1707d6b44d4d52bfe19e41f8a828645437aab,Neutral,49,1391.928432,41,1216.9058536585367,49893.14,41,0,0.435788,130.74895,17.462582,1.0,0.0,16.0,0.0,1.1054336092119468,16.0,831.00375,Neutral
2025-02-23,0x28736f43f1e871e6aa8b1148d38d4994275d72c4,Neutral,50,39.91436,9,386.21555555555557,3475.94,9,0,0.078386,11.04675,1.2165759999999999,1.0,7.0,8.0,0.4666666666666667,2.491436855235655,15.0,649.1859999999999,Neutral
2025-02-23,0x39cef799f8b69da1995852eea189df24eb5cae3c,Neutral,50,2.9205,1,7204.87,7204.87,1,0,2.9205,2.9205,0.720487,1.0,5.0,0.0,1.0,1.4892964083006839,5.0,1440.392,Neutral
2025-02-23,0x47add9a56df66b524d5e2c1993a43cde53b6ed85,Neutral,50,122.057796,7,369.9928571428572,2589.9500000000003,5,2,-1.50548,55.814197,0.690269,0.7142857142857143,,,,0.3644775581325482,,,Neutral
2025-02-23,0x4f93fead39b70a1824f981a54d4e55b278e9f760,Neutral,50,109.68322,13,6149.547692307692,79944.12,7,6,-5.34237,65.10735,23.983231,0.5384615384615384,16.0,2.0,0.8888888888888888,1.093321332690319,18.0,11110.168333333333,Neutral
2025-02-23,0x75f7eeb85dc639d5e99c78f95393aa9a5f1170d4,Neutral,50,1001.2053860000001,99,1518.4940404040403,150330.91,98,1,-2057.35002,646.87128,17.975362,0.98989898989899,25.0,1.0,0.9615384615384616,0.7889765971407552,26.0,5585.2303846153845,Neutral
2025-02-23,0x8477e447846c758f5a675856001ea72298fd9cb5,Neutral,50,63.922728,1,1044.84,1044.84,1,0,63.922728,63.922728,0.365692,1.0,0.0,23.0,0.0,1.1095831499779973,23.0,554.1034782608696,Neutral
2025-02-23,0xb1231a4a2dd02f2276fa3c5e2a2f3436e6bfed23,Neutral,50,8934.09502,88,2278.3786363636364,200497.32,88,0,0.52675,829.14,70.174004,1.0,,,,2.9376463982031122,,,Neutral
2025-02-23,0xbee1707d6b44d4d52bfe19e41f8a828645437aab,Neutral,50,383.135241,25,1391.1791999999998,34779.479999999996,25,0,0.065654,39.29825,12.172808,1.0,,,,2.3443038909033875,,,Neutral
2025-02-24,0x083384f897ee0f19899168e3b1bec365f52a9012,Neutral,49,10152.12224,31,25810.447419354838,800123.87,31,0,0.52266,1663.751202,280.043348,1.0,0.0,28.0,0.0,9.054400071208166,28.0,28692.163928571426,Neutral
2025-02-24,0x23e7a7f8d14b550961925fbfdaa92f5d195ba5bd,Neutral,49,1129.8489260000001,52,1726.2109615384616,89762.97,52,0,0.139185,78.259171,31.41702,1.0,,,,1.620485507168091,,,Neutral
2025-02-24,0x28736f43f1e871e6aa8b1148d38d4994275d72c4,Neutral,49,180.244855,27,212.59666666666666,5740.11,27,0,0.007215,36.415,2.009028,1.0,12.0,4.0,0.75,0.8292090890701909,16.0,462.40125,Neutral
2025-02-24,0x47add9a56df66b524d5e2c1993a43cde53b6ed85,Neutral,49,437.185458,12,589.6541666666667,7075.85,11,1,-71.215716,192.621312,2.0175099999999997,0.9166666666666666,14.0,0.0,1.0,1.1982815598149372,14.0,353.0728571428572,Neutral
2025-02-24,0x4acb90e786d897ecffb614dc822eb231b4ffb9f4,Neutral,49,856.4737299999999,7,2982.7028571428573,20878.920000000002,7,0,8.19774,332.09836,7.3076159999999994,1.0,34.0,0.0,1.0,2.046847841279284,34.0,6472.781764705882,Neutral
2025-02-24,0x4f93fead39b70a1824f981a54d4e55b278e9f760,Neutral,49,1925.839355,5,52379.326,261896.63,5,0,62.66741,886.138875,78.56899,1.0,12.0,0.0,1.0,2.5788702718455117,12.0,16665.325833333332,Neutral
2025-02-24,0x8477e447846c758f5a675856001ea72298fd9cb5,Neutral,49,1282.097568,38,1003.2994736842105,38125.38,35,3,-21.849291,461.745,13.343871,0.9210526315789473,17.0,0.0,1.0,0.9992399087890547,17.0,588.1905882352941,Neutral
2025-02-24,0xb1231a4a2dd02f2276fa3c5e2a2f3436e6bfed23,Neutral,49,10841.97075,126,1643.0027777777777,207018.35,126,0,0.96305,560.83128,72.45636400000001,1.0,,,,0.7930691480827852,,,Neutral
2025-02-24,0xbaaaf6571ab7d571043ff1e313a9609a10637864,Neutral,49,22037.667762,1824,1547.1497971491228,2822001.23,1824,0,0.002036,267.043948,461.452001,1.0,2259.0,0.0,1.0,0.3704929323131451,2259.0,1725.6741124391324,Neutral
2025-02-24,0xbee1707d6b44d4d52bfe19e41f8a828645437aab,Neutral,49,-10373.274402000001,405,939.7335061728395,380592.07,110,295,-1040.564828,35.893693,113.992814,0.2716049382716049,287.0,0.0,1.0,1.063313680442144,287.0,1848.085017421603,Neutral
2025-02-25,0x083384f897ee0f19899168e3b1bec365f52a9012,Fear,25,115445.395538,93,19508.348494623657,1814276.41,93,0,0.370238,47883.62595,447.496739,1.0,0.0,126.0,0.0,0.7638188345596961,126.0,8602.545476190477,Fear
2025-02-25,0x23e7a7f8d14b550961925fbfdaa92f5d195ba5bd,Fear,25,-6820.76955,1,82910.81,82910.81,0,1,-6820.76955,-6820.76955,29.018782,0.0,,,,179.1446042155073,,,Fear
2025-02-25,0x28736f43f1e871e6aa8b1148d38d4994275d72c4,Fear,25,154.1899,12,861.5966666666667,10339.16,12,0,4.488,29.9208,3.618704,1.0,28.0,1.0,0.9655172413793104,2.3441440226552492,29.0,999.5648275862069,Fear
2025-02-25,0x2c229d22b100a7beb69122eed721cee9b24011dd,Fear,25,169.617628,18,682.3705555555556,12282.67,15,3,-7.47159,35.435022,4.176287,0.8333333333333334,6.0,0.0,1.0,0.5240728183193366,6.0,2018.841666666667,Fear
2025-02-25,0x47add9a56df66b524d5e2c1993a43cde53b6ed85,Fear,25,3455.584856,84,455.95095238095234,38299.88,70,14,-99.291114,320.145922,10.01323,0.8333333333333334,76.0,23.0,0.7676767676767676,1.497281139217689,99.0,579.0728282828283,Fear
2025-02-25,0x4acb90e786d897ecffb614dc822eb231b4ffb9f4,Fear,25,11271.895074,114,1415.5490350877192,161372.59,114,0,1.081836,941.937309,56.480359,1.0,101.0,0.0,1.0,0.7129745440470772,101.0,10397.083663366337,Fear
2025-02-25,0x72c6a4624e1dffa724e6d00d64ceae698af892a0,Fear,25,81776.7151,136,1924.102132352941,261677.88999999998,136,0,2.487265,9870.14273,25.120968,1.0,1.0,0.0,1.0,0.9573516652205835,1.0,4106.7,Fear
2025-02-25,0x75f7eeb85dc639d5e99c78f95393aa9a5f1170d4,Fear,25,3622.6256409999996,76,1264.8392105263158,96127.78,76,0,0.420491,730.783965,15.951437,1.0,2.0,1.0,0.6666666666666666,1.4268387250710834,3.0,31026.233333333334,Fear
2025-02-25,0x8170715b3b381dffb7062c0298972d4727a0a63b,Fear,25,8698.883848,39,641.0223076923077,24999.87,39,0,3.987676,1274.635584,2.39996,1.0,,,,0.5024981883367023,,,Fear
2025-02-25,0xa0feb3725a9335f49874d7cd8eaad6be45b27416,Fear,25,826.548369,54,1395.9403703703704,75380.78,54,0,0.001475,154.929901,6.7290209999999995,1.0,139.0,0.0,1.0,0.5534563070616731,139.0,327.2317985611511,Fear
2025-02-25,0xbaaaf6571ab7d571043ff1e313a9609a10637864,Fear,25,5672.328492,617,6660.440097244733,4109491.54,555,62,-2.714448,205.07706,223.968781,0.899513776337115,2675.0,0.0,1.0,1.00251967445806,2675.0,2361.937671028037,Fear
2025-02-25,0xbd5fead7180a9c139fa51a103cb6a2ce86ddb5c3,Fear,25,2862.0629,15,710.7533333333333,10661.3,15,0,4.8,920.02,1.066128,1.0,0.0,11.0,0.0,0.7499045692254838,11.0,4202.332727272727,Fear
2025-02-25,0xbee1707d6b44d4d52bfe19e41f8a828645437aab,Fear,25,-23384.358492,879,1474.7347326507395,1296291.83,446,433,-1243.20175,349.305555,414.231972,0.5073947667804323,34.0,349.0,0.08877284595300261,1.6378977865123963,383.0,1260.8010182767623,Fear
2025-02-26,0x28736f43f1e871e6aa8b1148d38d4994275d72c4,Extreme Fear,21,64.59776,15,159.2673333333333,2389.0099999999998,13,2,-0.265375,11.581962,0.836137,0.8666666666666667,7.0,9.0,0.4375,1.0108219270447036,16.0,296.76875,Fear
2025-02-26,0x2c229d22b100a7beb69122eed721cee9b24011dd,Extreme Fear,21,25.30602,9,88.37111111111112,795.34,9,0,0.54395,5.70035,0.278366,1.0,1.0,0.0,1.0,0.11043764018569716,1.0,770.04,Fear
2025-02-26,0x47add9a56df66b524d5e2c1993a43cde53b6ed85,Extreme Fear,21,-200.798196,15,759.678,11395.17,3,12,-63.90525,36.867149,3.648848,0.2,2.0,11.0,0.15384615384615385,1.5021480502313285,13.0,422.90384615384613,Fear
2025-02-26,0x4acb90e786d897ecffb614dc822eb231b4ffb9f4,Extreme Fear,21,22137.551238,50,8442.721599999999,422136.07999999996,50,0,0.422905,8322.794203,147.74759799999998,1.0,,,,2.006002917238586,,,Fear
2025-02-26,0x72c6a4624e1dffa724e6d00d64ceae698af892a0,Extreme Fear,21,8230.0,1,23710.0,23710.0,1,0,8230.0,8230.0,2.27616,1.0,,,,45.21314632774287,,,Fear
2025-02-26,0x75f7eeb85dc639d5e99c78f95393aa9a5f1170d4,Extreme Fear,21,5303.037252,81,2082.8895061728394,168714.05,80,1,-0.00806,838.525464,40.025724,0.9876543209876543,1.0,4.0,0.2,1.6661861491658878,5.0,34803.416,Fear
2025-02-26,0x8170715b3b381dffb7062c0298972d4727a0a63b,Extreme Fear,21,2225.835732,1,4999.92,4999.92,1,0,2225.835732,2225.835732,0.479992,1.0,,,,9.534917426293909,,,Fear
2025-02-26,0x8477e447846c758f5a675856001ea72298fd9cb5,Extreme Fear,21,108.13869,1,5107.64,5107.64,1,0,108.13869,108.13869,1.787674,1.0,0.0,13.0,0.0,0.4441332959955195,13.0,298.87076923076927,Fear
2025-02-26,0xbaaaf6571ab7d571043ff1e313a9609a10637864,Extreme Fear,21,23589.520054,470,7136.707680851064,3354252.61,470,0,0.02484,5708.729144,340.63928899999996,1.0,,,,1.385594181231785,,,Fear
2025-02-26,0xbd5fead7180a9c139fa51a103cb6a2ce86ddb5c3,Extreme Fear,21,-871.275,1,22143.25,22143.25,0,1,-871.275,-871.275,7.750137,0.0,6.0,34.0,0.15,1.2314912012825894,40.0,3224.5834999999997,Fear
2025-02-26,0xbee1707d6b44d4d52bfe19e41f8a828645437aab,Extreme Fear,21,2617.069579,205,1360.6255609756097,278928.24,160,45,-17.36444,197.095248,85.718188,0.7804878048780488,0.0,148.0,0.0,1.886004004391914,148.0,1594.0847972972972,Fear
2025-02-27,0x28736f43f1e871e6aa8b1148d38d4994275d72c4,Extreme Fear,10,71.919819,14,691.6085714285715,9682.52,13,1,-0.615,18.72,3.06753,0.9285714285714286,11.0,5.0,0.6875,1.6298968377048073,16.0,829.418125,Fear
2025-02-27,0x47add9a56df66b524d5e2c1993a43cde53b6ed85,Extreme Fear,10,-195.841458,5,259.006,1295.03,1,4,-76.6141,5.65407,0.435127,0.2,6.0,7.0,0.46153846153846156,0.92334615153518,13.0,357.4692307692308,Fear
2025-02-27,0x4acb90e786d897ecffb614dc822eb231b4ffb9f4,Extreme Fear,10,503.31943,4,12630.085,50520.34,4,0,29.12355,250.040925,17.682113,1.0,8.0,0.0,1.0,4.279786116954746,8.0,6252.135,Fear
2025-02-27,0x72c6a4624e1dffa724e6d00d64ceae698af892a0,Extreme Fear,10,8517.7655,13,2059.193846153846,26769.52,13,0,75.994715,2955.435055,2.569862,1.0,,,,2.182664162241016,,,Fear
2025-02-27,0xbd5fead7180a9c139fa51a103cb6a2ce86ddb5c3,Extreme Fear,10,-48309.15376,25,24339.0988,608477.47,0,25,-8356.88701,-1.16577,150.379615,0.0,5.0,59.0,0.078125,0.9917595526205291,64.0,2950.73015625,Fear
2025-02-27,0xbee1707d6b44d4d52bfe19e41f8a828645437aab,Extreme Fear,10,2886.786952,358,1471.708184357542,526871.53,215,143,-30.45,243.298822,128.346922,0.6005586592178771,0.0,339.0,0.0,1.1704265507791956,339.0,1385.3076991150442,Fear
2025-02-28,0x083384f897ee0f19899168e3b1bec365f52a9012,Extreme Fear,16,115287.0,1,685200.0,685200.0,1,0,115287.0,115287.0,68.52,1.0,0.0,54.0,0.0,0.6799786375504391,54.0,12732.221666666666,Fear
2025-02-28,0x28736f43f1e871e6aa8b1148d38d4994275d72c4,Extreme Fear,16,-3425.450348,29,1981.5089655172414,57463.76,26,3,-3720.62241,206.9175,19.632312,0.896551724137931,51.0,0.0,1.0,6.030476704200661,51.0,1413.4464705882353,Fear
2025-02-28,0x47add9a56df66b524d5e2c1993a43cde53b6ed85,Extreme Fear,16,933.170538,30,534.2379999999999,16027.14,26,4,-28.77693,161.68578,4.557297999999999,0.8666666666666667,27.0,14.0,0.6585365853658537,1.5014120050471669,41.0,499.4963414634146,Fear
2025-02-28,0x4acb90e786d897ecffb614dc822eb231b4ffb9f4,Extreme Fear,16,22299.186495,72,14199.365833333333,1022354.34,72,0,4.88016,2582.773215,357.823997,1.0,17.0,0.0,1.0,2.720020356161143,17.0,17646.985294117647,Fear
2025-02-28,0x72c6a4624e1dffa724e6d00d64ceae698af892a0,Extreme Fear,16,15700.5,2,9984.0,19968.0,2,0,1326.1689,14374.3311,1.916926,1.0,1.0,0.0,1.0,5.214881627749545,1.0,2734.71,Fear
2025-02-28,0x8170715b3b381dffb7062c0298972d4727a0a63b,Extreme Fear,16,3309.75,7,714.2857142857143,5000.0,7,0,148.2768,661.526352,0.479998,1.0,,,,1.3757961783439492,,,Fear
2025-02-28,0x8477e447846c758f5a675856001ea72298fd9cb5,Extreme Fear,16,268.367925,10,1291.2849999999999,12912.849999999999,10,0,0.07364,149.023383,4.519487,1.0,5.0,4.0,0.5555555555555556,0.6459975197023643,9.0,943.9744444444445,Fear
2025-02-28,0xa0feb3725a9335f49874d7cd8eaad6be45b27416,Extreme Fear,16,1011.258943,62,1443.5774193548389,89501.8,61,1,-1.05473,274.306208,14.197267,0.9838709677419355,128.0,7.0,0.9481481481481482,0.48302589901248366,135.0,246.49896296296296,Fear
2025-02-28,0xb899e522b5715391ae1d4f137653e7906c5e2115,Extreme Fear,16,-72.202951,5,507.584,2537.92,0,5,-22.082949,-7.034634,0.888269,0.0,2.0,0.0,1.0,0.1061146054987392,2.0,1305.06,Fear
2025-02-28,0xbd5fead7180a9c139fa51a103cb6a2ce86ddb5c3,Extreme Fear,16,67549.306122,55,5839.890545454545,321193.98,55,0,0.578154,32783.52937,101.669373,1.0,2.0,0.0,1.0,0.9366339657212657,2.0,82187.0,Fear
2025-02-28,0xbee1707d6b44d4d52bfe19e41f8a828645437aab,Extreme Fear,16,2642.770468,134,1546.6641044776118,207252.99,134,0,0.0767,202.317798,62.175815,1.0,0.0,119.0,0.0,1.3839049279855327,119.0,1035.2144537815127,Fear
2025-03-01,0x083384f897ee0f19899168e3b1bec365f52a9012,Extreme Fear,20,9482.221441,36,1863.9805555555556,67103.3,36,0,9.780066,423.930704,3.355145,1.0,0.0,9.0,0.0,2.2246246736292425,9.0,7473.065555555555,Fear
2025-03-01,0x28736f43f1e871e6aa8b1148d38d4994275d72c4,Extreme Fear,20,557.9358,14,619.3621428571429,8671.07,14,0,0.33756,420.8625,3.034869,1.0,18.0,4.0,0.8181818181818182,3.245229586676556,22.0,1018.924090909091,Fear
2025-03-01,0x47add9a56df66b524d5e2c1993a43cde53b6ed85,Extreme Fear,20,109.593094,18,828.6438888888889,14915.59,12,6,-31.97183,96.868737,4.231837,0.6666666666666666,1.0,8.0,0.1111111111111111,1.1524064171122994,9.0,194.28777777777776,Fear
2025-03-01,0xbee1707d6b44d4d52bfe19e41f8a828645437aab,Extreme Fear,20,446.358633,16,1417.66875,22682.7,16,0,1.955646,103.993917,6.804800999999999,1.0,0.0,15.0,0.0,1.258467812623984,15.0,1541.9379999999999,Fear
2025-03-02,0x28736f43f1e871e6aa8b1148d38d4994275d72c4,Fear,26,8330.21747,56,1641.1510714285716,91904.46,56,0,0.375687,1481.37908,28.62559,1.0,3.0,8.0,0.2727272727272727,4.226619917739869,11.0,754.6772727272728,Fear
2025-03-02,0x47add9a56df66b524d5e2c1993a43cde53b6ed85,Fear,26,70.846217,5,1250.618,6253.09,5,0,1.679944,34.771845,1.74107,1.0,1.0,11.0,0.08333333333333333,1.5021330289010395,12.0,603.2241666666666,Fear
2025-03-02,0x4f93fead39b70a1824f981a54d4e55b278e9f760,Fear,26,11005.991600000001,21,50883.81333333334,1068560.08,21,0,5.14008,2974.9544,320.568011,1.0,5.0,0.0,1.0,1.289477688346052,5.0,12001.418,Fear
2025-03-02,0x72c6a4624e1dffa724e6d00d64ceae698af892a0,Fear,26,10915.212,25,1366.0404,34151.01,25,0,3.721095,5565.517755,3.278486,1.0,,,,0.07047987719415338,,,Fear
2025-03-02,0x75f7eeb85dc639d5e99c78f95393aa9a5f1170d4,Fear,26,948.6016900000001,11,2097.0072727272727,23067.08,11,0,0.01021,701.27737,3.043707,1.0,0.0,1.0,0.0,1.2422802378064541,1.0,24015.69,Fear
2025-03-02,0xa0feb3725a9335f49874d7cd8eaad6be45b27416,Fear,26,625.512206,16,3304.373125,52869.97,16,0,0.013959,232.207545,2.643782,1.0,16.0,0.0,1.0,0.17843301658282093,16.0,78.08375,Fear
2025-03-02,0xb899e522b5715391ae1d4f137653e7906c5e2115,Fear,26,34795.678173,75,25845.271066666668,1938395.33,75,0,0.086582,7066.554924,522.096306,1.0,80.0,0.0,1.0,0.7575267859653728,80.0,23795.01325,Fear
2025-03-02,0xbd5fead7180a9c139fa51a103cb6a2ce86ddb5c3,Fear,26,-2632.65866,14,4538.607142857143,63540.5,0,14,-1123.011648,-35.7656,22.239168,0.0,70.0,0.0,1.0,2.1120357292819785,70.0,13751.772428571428,Fear
2025-03-02,0xbee1707d6b44d4d52bfe19e41f8a828645437aab,Fear,26,2576.6453030000002,55,1809.7467272727274,99536.07,55,0,0.097605,818.880898,20.205168,1.0,0.0,15.0,0.0,2.060471853922736,15.0,1619.5646666666667,Fear
2025-03-03,0x083384f897ee0f19899168e3b1bec365f52a9012,Fear,33,533974.662903,540,8060.366296296296,4352597.8,540,0,2.315793,39686.70434,217.629636,1.0,0.0,101.0,0.0,0.7545172679800617,101.0,10032.677623762376,Fear
2025-03-03,0x23e7a7f8d14b550961925fbfdaa92f5d195ba5bd,Fear,33,2480.902379,50,2984.4864000000002,149224.32,50,0,0.195967,830.043701,52.22851,1.0,,,,0.8775968799628361,,,Fear
2025-03-03,0x28736f43f1e871e6aa8b1148d38d4994275d72c4,Fear,33,494.669357,21,504.39666666666665,10592.33,21,0,0.153,237.97956,2.458011,1.0,32.0,5.0,0.8648648648648649,2.0945317240914303,37.0,555.3924324324324,Fear
2025-03-03,0x47add9a56df66b524d5e2c1993a43cde53b6ed85,Fear,33,347.069786,15,894.104,13411.560000000001,11,4,-80.19718,127.26966,3.8464810000000003,0.7333333333333333,0.0,17.0,0.0,1.1383764946223638,17.0,285.2229411764706,Fear
2025-03-03,0x4f93fead39b70a1824f981a54d4e55b278e9f760,Fear,33,1136.272279,6,30191.806666666667,181150.84,6,0,12.37041,545.545,54.34525,1.0,6.0,0.0,1.0,2.763797945620582,6.0,23336.435,Fear
2025-03-03,0x72c6a4624e1dffa724e6d00d64ceae698af892a0,Fear,33,17247.427499999998,10,5179.075,51790.75,10,0,2.158275,6320.600835,4.971904,1.0,6.0,0.0,1.0,2.0671618310275455,6.0,1460.2333333333333,Fear
2025-03-03,0x75f7eeb85dc639d5e99c78f95393aa9a5f1170d4,Fear,33,-370.250064,68,753.8169117647059,51259.55,61,7,-180.096334,49.332309,4.920847,0.8970588235294118,33.0,0.0,1.0,0.36516016145388025,33.0,1564.5393939393941,Fear
2025-03-03,0x8477e447846c758f5a675856001ea72298fd9cb5,Fear,33,468.35197800000003,31,607.8703225806452,18843.98,23,8,-36.251709,128.852262,6.5953740000000005,0.7419354838709677,1.0,36.0,0.02702702702702703,0.6883926071128535,37.0,549.0532432432433,Fear
2025-03-03,0xa0feb3725a9335f49874d7cd8eaad6be45b27416,Fear,33,60.171373,16,605.333125,9685.33,15,1,-3.8e-05,15.11538,0.58785,0.9375,160.0,0.0,1.0,0.26335941866964785,160.0,197.443375,Fear
2025-03-03,0xb899e522b5715391ae1d4f137653e7906c5e2115,Fear,33,535.4072209999999,14,18701.537857142856,261821.53,14,0,0.005,124.777836,85.57092800000001,1.0,17.0,0.0,1.0,1.1819402131628531,17.0,15369.778823529412,Fear
2025-03-03,0xbd5fead7180a9c139fa51a103cb6a2ce86ddb5c3,Fear,33,57247.580896,124,7862.807177419355,974988.09,111,13,-317.543472,8859.81591,254.505885,0.8951612903225806,11.0,0.0,1.0,3.2188800244302778,11.0,16842.506363636363,Fear
2025-03-03,0xbee1707d6b44d4d52bfe19e41f8a828645437aab,Fear,33,2448.046511,48,1327.8397916666665,63736.31,48,0,0.184205,434.2914,17.347077,1.0,0.0,17.0,0.0,1.6659746634557717,17.0,2464.1782352941177,Fear
2025-03-04,0x23e7a7f8d14b550961925fbfdaa92f5d195ba5bd,Extreme Fear,15,-3169.3554679999997,10,5550.182,55501.82,0,10,-3003.330755,-1.084968,19.425642,0.0,,,,1.080453312878796,,,Fear
2025-03-04,0x28736f43f1e871e6aa8b1148d38d4994275d72c4,Extreme Fear,15,163.73415,13,319.29076923076923,4150.78,13,0,0.068544,46.546056,1.390296,1.0,30.0,0.0,1.0,4.033578315690109,30.0,1426.768,Fear
2025-03-04,0x39cef799f8b69da1995852eea189df24eb5cae3c,Extreme Fear,15,863.956464,30,1814.5066666666667,54435.2,30,0,0.2758,312.604362,5.443505,1.0,26.0,0.0,1.0,1.189297898014212,26.0,4923.780384615385,Fear
2025-03-04,0x47add9a56df66b524d5e2c1993a43cde53b6ed85,Extreme Fear,15,444.266681,7,600.0471428571428,4200.33,7,0,9.386192,202.673494,1.411307,1.0,11.0,0.0,1.0,1.4951781529772274,11.0,785.3790909090909,Fear
2025-03-04,0x4f93fead39b70a1824f981a54d4e55b278e9f760,Extreme Fear,15,8002.939313,28,26670.260000000002,746767.28,28,0,0.134685,3620.02934,224.030166,1.0,21.0,10.0,0.6774193548387096,1.126696616695508,31.0,25152.23548387097,Fear
2025-03-04,0x72c6a4624e1dffa724e6d00d64ceae698af892a0,Extreme Fear,15,169132.29611,154,3026.089805194805,466017.83,77,77,-1298.8288,27223.7415,44.737572,0.5,1.0,0.0,1.0,0.9909707191960412,1.0,3644.0,Fear
2025-03-04,0x8170715b3b381dffb7062c0298972d4727a0a63b,Extreme Fear,15,6939.47356,13,769.226923076923,9999.949999999999,13,0,36.45312,3305.815512,0.959985,1.0,0.0,3.0,0.0,1.0509077386628016,3.0,1666.6533333333334,Fear
2025-03-04,0x8477e447846c758f5a675856001ea72298fd9cb5,Extreme Fear,15,54.2704,1,945.17,945.17,1,0,54.2704,54.2704,0.330808,1.0,7.0,0.0,1.0,2.056246749609953,7.0,1142.4842857142855,Fear
2025-03-04,0xb899e522b5715391ae1d4f137653e7906c5e2115,Extreme Fear,15,4578.655427,63,17429.914603174606,1098084.62,63,0,0.307272,705.6402,368.956371,1.0,35.0,26.0,0.5737704918032787,0.9009167689985844,61.0,17960.946229508198,Fear
2025-03-04,0xbee1707d6b44d4d52bfe19e41f8a828645437aab,Extreme Fear,15,-4934.6700519999995,499,1408.8473346693386,703014.82,377,122,-1406.304213,175.219968,197.94478,0.7555110220440882,367.0,0.0,1.0,1.197017927496517,367.0,1473.1122343324248,Fear
2025-03-05,0x28736f43f1e871e6aa8b1148d38d4994275d72c4,Extreme Fear,20,437.35445200000004,20,1351.7130000000002,27034.260000000002,20,0,0.000302,136.05,8.530731,1.0,4.0,0.0,1.0,3.737880115973299,4.0,387.9425,Fear
2025-03-05,0x2c229d22b100a7beb69122eed721cee9b24011dd,Extreme Fear,20,11113.173067,58,2042.8087931034484,118482.91,58,0,0.625788,706.733664,39.323369,1.0,31.0,0.0,1.0,2.0408638047050234,31.0,3463.5406451612903,Fear
2025-03-05,0x39cef799f8b69da1995852eea189df24eb5cae3c,Extreme Fear,20,8187.59426,24,3443.0966666666664,82634.31999999999,24,0,1.1843,2059.04914,10.404205000000001,1.0,,,,3.1006897373635054,,,Fear
2025-03-05,0x47add9a56df66b524d5e2c1993a43cde53b6ed85,Extreme Fear,20,423.18325600000003,6,425.6033333333333,2553.62,6,0,1.132488,167.50173,0.738035,1.0,2.0,6.0,0.25,1.501652346331791,8.0,687.335,Fear
2025-03-05,0x4f93fead39b70a1824f981a54d4e55b278e9f760,Extreme Fear,20,2741.101375,20,38906.554000000004,778131.0800000001,20,0,0.052853,480.287647,233.439311,1.0,3.0,31.0,0.08823529411764706,1.8536493216112153,34.0,22966.84088235294,Fear
2025-03-05,0x75f7eeb85dc639d5e99c78f95393aa9a5f1170d4,Extreme Fear,20,-5843.04,1,45843.0,45843.0,0,1,-5843.04,-5843.04,15.403248,0.0,0.0,1.0,0.0,85.34285089376255,1.0,39999.96,Fear
2025-03-05,0x8477e447846c758f5a675856001ea72298fd9cb5,Extreme Fear,20,34.86435,4,2508.2749999999996,10033.099999999999,4,0,0.17136,21.66747,3.511584,1.0,0.0,30.0,0.0,0.44395327439292714,30.0,281.1213333333333,Fear
2025-03-05,0xb1231a4a2dd02f2276fa3c5e2a2f3436e6bfed23,Extreme Fear,20,4647.056049,57,2277.2294736842105,129802.08,57,0,0.407673,721.458682,45.430704,1.0,32.0,0.0,1.0,2.1925236643670787,32.0,1566.0353125000001,Fear
2025-03-05,0xb899e522b5715391ae1d4f137653e7906c5e2115,Extreme Fear,20,2036.224492,38,23168.01342105263,880384.51,38,0,1.107054,272.331384,253.55071,1.0,62.0,0.0,1.0,1.1503623018588476,62.0,14166.917903225807,Fear
2025-03-05,0xbaaaf6571ab7d571043ff1e313a9609a10637864,Extreme Fear,20,229058.684298,898,4764.502249443208,4278523.0200000005,898,0,0.009921,68959.00212,1001.5102850000001,1.0,85.0,0.0,1.0,2.742161712706718,85.0,3758.079294117647,Fear
2025-03-05,0xbd5fead7180a9c139fa51a103cb6a2ce86ddb5c3,Extreme Fear,20,3677.4,8,22375.0,179000.0,8,0,0.239031,2488.073679,8.949995000000001,1.0,,,,0.014524563881360461,,,Fear
2025-03-05,0xbee1707d6b44d4d52bfe19e41f8a828645437aab,Extreme Fear,20,12814.756334,144,1581.4702777777777,227731.72,125,19,-25.221384,658.102978,61.160791,0.8680555555555556,0.0,35.0,0.0,1.8347404065288198,35.0,2979.7982857142856,Fear
2025-03-06,0x28736f43f1e871e6aa8b1148d38d4994275d72c4,Fear,25,291.46926,13,794.9746153846154,10334.67,13,0,1.209676,79.195,3.617127,1.0,6.0,2.0,0.75,3.6512709864473063,8.0,956.8199999999999,Fear
2025-03-06,0x2c229d22b100a7beb69122eed721cee9b24011dd,Fear,25,279.152034,11,890.41,9794.51,11,0,0.666166,62.741868,2.427591,1.0,4.0,0.0,1.0,1.0214803609618694,4.0,2378.85,Fear
2025-03-06,0x3998f134d6aaa2b6a5f723806d00fd2bbbbce891,Fear,25,600.008922,37,1400.675945945946,51825.01,26,11,-6.766232,102.315215,4.975173,0.7027027027027027,,,,2.2329940963961583,,,Fear
2025-03-06,0x47add9a56df66b524d5e2c1993a43cde53b6ed85,Fear,25,102.92652,8,802.27,6418.16,6,2,-127.193616,78.251265,1.976513,0.75,1.0,2.0,0.3333333333333333,2.25196779426786,3.0,582.62,Fear
2025-03-06,0x4acb90e786d897ecffb614dc822eb231b4ffb9f4,Fear,25,5109.859504,5,9020.816,45104.08,5,0,96.966075,4091.846098,15.786430000000001,1.0,10.0,0.0,1.0,5.016983775996215,10.0,10017.605,Fear
2025-03-06,0x4f93fead39b70a1824f981a54d4e55b278e9f760,Fear,25,3069.196282,14,23082.52571428571,323155.36,10,4,-30.353721,951.387816,96.94660499999999,0.7142857142857143,19.0,4.0,0.8260869565217391,1.729697980951988,23.0,13914.678695652174,Fear
2025-03-06,0xb1231a4a2dd02f2276fa3c5e2a2f3436e6bfed23,Fear,25,698.036952,29,1752.103448275862,50811.0,29,0,0.264248,280.489856,17.783844000000002,1.0,37.0,0.0,1.0,0.8021899566821755,37.0,2026.1610810810812,Fear
2025-03-06,0xb899e522b5715391ae1d4f137653e7906c5e2115,Fear,25,5348.989502,228,10713.820877192984,2442751.16,228,0,0.0314,976.857346,272.080007,1.0,54.0,93.0,0.3673469387755102,0.8037870621209422,147.0,16625.43469387755,Fear
2025-03-06,0xbee1707d6b44d4d52bfe19e41f8a828645437aab,Fear,25,601.486585,37,958.1067567567567,35449.95,37,0,0.220749,56.284668,10.634962,1.0,0.0,23.0,0.0,0.9379503787564241,23.0,995.0600000000001,Fear
2025-03-07,0x28736f43f1e871e6aa8b1148d38d4994275d72c4,Fear,34,411.824274,15,866.2293333333333,12993.44,15,0,1.661,74.118492,4.5477,1.0,25.0,0.0,1.0,3.236194457555121,25.0,677.7536,Fear
2025-03-07,0x2c229d22b100a7beb69122eed721cee9b24011dd,Fear,34,1.17533,1,1459.52,1459.52,1,0,1.17533,1.17533,0.510833,1.0,2.0,0.0,1.0,0.9998122163684733,2.0,729.215,Fear
2025-03-07,0x47add9a56df66b524d5e2c1993a43cde53b6ed85,Fear,34,781.670551,17,526.6558823529411,8953.15,16,1,-91.853518,346.060474,2.948256,0.9411764705882353,10.0,9.0,0.5263157894736842,1.127170582226762,19.0,570.7263157894737,Fear
2025-03-07,0x4f93fead39b70a1824f981a54d4e55b278e9f760,Fear,34,3273.5394420000002,18,7886.099999999999,141949.8,18,0,0.205824,1392.986542,42.584931,1.0,3.0,1.0,0.75,0.23326142403618763,4.0,20009.09,Fear
2025-03-07,0x8477e447846c758f5a675856001ea72298fd9cb5,Fear,34,9.266712,1,665.59,665.59,1,0,9.266712,9.266712,0.232956,1.0,0.0,1.0,0.0,1.109273112773533,1.0,443.55,Fear
2025-03-07,0xb899e522b5715391ae1d4f137653e7906c5e2115,Fear,34,5348.62711,361,17355.760360110802,6265429.49,303,58,-42.972432,723.57663,1654.030614,0.8393351800554016,298.0,0.0,1.0,0.922755181432147,298.0,21006.992516778522,Fear
2025-03-07,0xbaaaf6571ab7d571043ff1e313a9609a10637864,Fear,34,87405.926823,564,4204.950195035462,2371591.91,564,0,0.027306,4703.705248,562.216256,1.0,265.0,0.0,1.0,2.6790858621066156,265.0,5967.32720754717,Fear
2025-03-07,0xbd5fead7180a9c139fa51a103cb6a2ce86ddb5c3,Fear,34,43838.311915,96,9728.474791666666,933933.58,94,2,-176.76,5180.4,261.842613,0.9791666666666666,23.0,24.0,0.48936170212765956,0.9092262472802228,47.0,9390.709361702127,Fear
2025-03-07,0xbee1707d6b44d4d52bfe19e41f8a828645437aab,Fear,34,9142.054774,353,1733.354985835694,611874.3099999999,317,36,-464.04783,1197.01664,180.526005,0.8980169971671388,216.0,35.0,0.8605577689243028,1.379393067050498,251.0,1885.1527888446215,Fear
2025-03-08,0x23e7a7f8d14b550961925fbfdaa92f5d195ba5bd,Fear,28,2099.019688,47,1225.1170212765958,57580.5,47,0,0.412871,228.178193,20.153151,1.0,,,,1.16139278113285,,,Fear
2025-03-08,0x28736f43f1e871e6aa8b1148d38d4994275d72c4,Fear,28,173.811132,14,218.79785714285714,3063.17,14,0,0.000236,44.170027,0.795166,1.0,21.0,0.0,1.0,1.3496055559301463,21.0,1017.8885714285714,Fear
2025-03-08,0x420ab45e0bd8863569a5efbb9c05d91f40624641,Fear,28,11894.061848,11,5318.463636363636,58503.1,11,0,3.796032,2831.137232,13.970236,1.0,,,,2.3234626300851464,,,Fear
2025-03-08,0x47add9a56df66b524d5e2c1993a43cde53b6ed85,Fear,28,119.3611,7,386.8514285714286,2707.96,7,0,1.70952,37.4403,0.909869,1.0,24.0,0.0,1.0,1.3528810911494322,24.0,468.32458333333335,Fear
2025-03-08,0x75f7eeb85dc639d5e99c78f95393aa9a5f1170d4,Fear,28,556.480533,17,816.82,13885.94,17,0,8.78361,206.799126,1.772149,1.0,0.0,1.0,0.0,0.8922712902391983,1.0,14442.41,Fear
2025-03-08,0xa520ded057a32086c40e7dd6ed4eb8efb82c00e0,Fear,28,-1121.6509429999999,2,1250.705,2501.41,0,2,-913.743896,-207.907047,0.8754900000000001,0.0,,,,5.6628859911255995,,,Fear
2025-03-08,0xb1231a4a2dd02f2276fa3c5e2a2f3436e6bfed23,Fear,28,2923.553302,117,1876.8477777777778,219591.19,117,0,0.162852,254.20032,76.856864,1.0,21.0,0.0,1.0,1.2762714583667578,21.0,1190.874761904762,Fear
2025-03-08,0xbd5fead7180a9c139fa51a103cb6a2ce86ddb5c3,Fear,28,5696.779737,34,1367.7561764705881,46503.71,34,0,15.941808,1403.6708,6.4074610000000005,1.0,,,,0.8683961904034813,,,Fear
2025-03-08,0xbee1707d6b44d4d52bfe19e41f8a828645437aab,Fear,28,2219.262399,52,1638.611346153846,85207.79,52,0,0.260698,237.58963,20.898233,1.0,,,,0.9066164733671032,,,Fear
2025-03-09,0x23e7a7f8d14b550961925fbfdaa92f5d195ba5bd,Fear,27,656.540742,57,1021.3485964912281,58216.87,57,0,0.132299,37.307867,20.375868,1.0,,,,1.4429739744822445,,,Fear
2025-03-09,0x28736f43f1e871e6aa8b1148d38d4994275d72c4,Fear,27,140.953497,6,932.5166666666668,5595.1,6,0,2.234,43.369861,1.958286,1.0,30.0,0.0,1.0,3.6284808846335377,30.0,1155.6889999999999,Fear
2025-03-09,0x8170715b3b381dffb7062c0298972d4727a0a63b,Fear,27,3677.4965580000003,5,999.99,4999.95,5,0,76.786896,2739.339417,0.479992,1.0,,,,0.4309470231511499,,,Fear
2025-03-09,0x8477e447846c758f5a675856001ea72298fd9cb5,Fear,27,969.56792,33,249.34272727272725,8228.31,33,0,0.571305,125.309857,2.879893,1.0,0.0,2.0,0.0,0.3995479457534904,2.0,110.94,Fear
2025-03-09,0xb1231a4a2dd02f2276fa3c5e2a2f3436e6bfed23,Fear,27,2752.480766,90,1641.8303333333336,147764.73,90,0,0.041792,296.467119,51.717614,1.0,206.0,0.0,1.0,0.9598909032568588,206.0,1836.9016990291261,Fear
2025-03-09,0xb899e522b5715391ae1d4f137653e7906c5e2115,Fear,27,10760.578324,384,11182.796328125,4294193.79,384,0,0.111248,826.775026,937.939403,1.0,194.0,52.0,0.7886178861788617,0.6355327665238707,246.0,18095.6387398374,Fear
2025-03-09,0xbaaaf6571ab7d571043ff1e313a9609a10637864,Fear,27,10.184488,8,4985.935,39887.48,8,0,0.001628,3.19029,3.7e-05,1.0,39.0,0.0,1.0,1.6654208276290703,39.0,1022.494358974359,Fear
2025-03-09,0xbee1707d6b44d4d52bfe19e41f8a828645437aab,Fear,27,805.6551000000001,44,1264.1588636363635,55622.99,44,0,0.137897,111.808719,16.686882,1.0,55.0,0.0,1.0,1.0150948967069875,55.0,1360.8878181818181,Fear
2025-03-10,0x23e7a7f8d14b550961925fbfdaa92f5d195ba5bd,Extreme Fear,20,-1065.797583,52,2244.4553846153844,116711.68,51,1,-2471.131609,145.449144,40.84905,0.9807692307692307,,,,1.8766677830234542,,,Fear
2025-03-10,0x28736f43f1e871e6aa8b1148d38d4994275d72c4,Extreme Fear,20,-4026.754395,16,1105.6075,17689.72,3,13,-1567.368058,43.853824,6.191396,0.1875,15.0,0.0,1.0,4.143685523565504,15.0,552.6753333333332,Fear
2025-03-10,0x3998f134d6aaa2b6a5f723806d00fd2bbbbce891,Extreme Fear,20,-8224.491085,26,1653.866153846154,43000.520000000004,0,26,-1036.71741,-3.079246,4.1280280000000005,0.0,,,,2.573728962904221,,,Fear
2025-03-10,0x39cef799f8b69da1995852eea189df24eb5cae3c,Extreme Fear,20,-37230.786609,2,48134.545,96269.09,0,2,-31036.69194,-6194.094669,9.626909,0.0,,,,71.706682854887,,,Fear
2025-03-10,0x4acb90e786d897ecffb614dc822eb231b4ffb9f4,Extreme Fear,20,0.08712,1,99.87,99.87,1,0,0.08712,0.08712,0.034953,1.0,113.0,0.0,1.0,0.4220677989183997,113.0,5639.336371681416,Fear
2025-03-10,0x4f93fead39b70a1824f981a54d4e55b278e9f760,Extreme Fear,20,14133.265684,42,31604.39261904762,1327384.49,42,0,5.814493,1752.091479,398.215324,1.0,61.0,0.0,1.0,1.2894273991185203,61.0,20872.161967213113,Fear
2025-03-10,0x72c6a4624e1dffa724e6d00d64ceae698af892a0,Extreme Fear,20,-2680.0,17,399.9994117647059,6799.99,0,17,-520.4694,-5.963,0.652787,0.0,6.0,12.0,0.3333333333333333,0.9574851498364815,18.0,942.25,Fear
2025-03-10,0x8170715b3b381dffb7062c0298972d4727a0a63b,Extreme Fear,20,4297.3227640000005,5,999.992,4999.96,5,0,192.5216,2116.835155,0.479994,1.0,9.0,0.0,1.0,2.751220488958389,9.0,5555.551111111111,Fear
2025-03-10,0xb899e522b5715391ae1d4f137653e7906c5e2115,Extreme Fear,20,9163.142483,120,26130.4755,3135657.06,120,0,0.14042,1608.988746,675.741935,1.0,238.0,0.0,1.0,1.0492514927961456,238.0,19013.42067226891,Fear
2025-03-10,0xbaaaf6571ab7d571043ff1e313a9609a10637864,Extreme Fear,20,5832.316116,208,6536.042836538461,1359496.91,208,0,0.000372,944.222048,20.523096,1.0,459.0,0.0,1.0,1.7717174940997622,459.0,4352.15871459695,Fear
2025-03-10,0xbee1707d6b44d4d52bfe19e41f8a828645437aab,Extreme Fear,20,9791.668235,845,1211.9948520710059,1024135.65,727,118,-405.027327,226.2054,299.126808,0.8603550295857988,544.0,0.0,1.0,0.9503603030051393,544.0,1585.7592647058825,Fear
2025-03-11,0x2c229d22b100a7beb69122eed721cee9b24011dd,Extreme Fear,24,276.7687,10,2515.931,25159.31,10,0,0.102608,113.563604,6.6552109999999995,1.0,3.0,0.0,1.0,1.0940483021229983,3.0,8294.223333333333,Fear
2025-03-11,0x3998f134d6aaa2b6a5f723806d00fd2bbbbce891,Extreme Fear,24,-58444.949486,119,1948.151092436975,231829.98,0,119,-3422.562342,-2.962697,22.255574,0.0,,,,2.2568067671160454,,,Fear
2025-03-11,0x420ab45e0bd8863569a5efbb9c05d91f40624641,Extreme Fear,24,9461.082288,3,16664.066666666666,49992.2,3,0,199.9569,6154.92,16.797378,1.0,0.0,58.0,0.0,0.44900662251655626,58.0,1711.3636206896551,Fear
2025-03-11,0x47add9a56df66b524d5e2c1993a43cde53b6ed85,Extreme Fear,24,266.837111,6,233.56166666666664,1401.37,4,2,-21.265508,133.212765,0.470855,0.6666666666666666,12.0,8.0,0.6,1.3665805443730097,20.0,512.249,Fear
2025-03-11,0x4f93fead39b70a1824f981a54d4e55b278e9f760,Extreme Fear,24,2479.265806,21,36488.36190476191,766255.6,21,0,1.474894,495.15648,229.87667000000002,1.0,11.0,1.0,0.9166666666666666,2.9030526850579106,12.0,23746.615833333333,Fear
2025-03-11,0x75f7eeb85dc639d5e99c78f95393aa9a5f1170d4,Extreme Fear,24,23670.188163,161,1742.4114906832299,280528.25,161,0,0.000224,1397.107132,87.333529,1.0,6.0,3.0,0.6666666666666666,1.5312667766886048,9.0,29325.38111111111,Fear
2025-03-11,0x8477e447846c758f5a675856001ea72298fd9cb5,Extreme Fear,24,94.48255800000001,7,1084.6485714285714,7592.54,6,1,-35.17725,41.9364,2.657386,0.8571428571428571,1.0,0.0,1.0,1.5460155218626235,1.0,2499.56,Fear
2025-03-11,0xb1231a4a2dd02f2276fa3c5e2a2f3436e6bfed23,Extreme Fear,24,2349.7162,260,1804.485846153846,469166.32,130,130,-63.346605,195.863733,164.20806,0.5,13.0,0.0,1.0,1.6042836515321677,13.0,5769.222307692307,Fear
2025-03-11,0xb899e522b5715391ae1d4f137653e7906c5e2115,Extreme Fear,24,-57956.282957999996,323,13045.25523219814,4213617.4399999995,89,234,-6868.065388,323.148903,864.405075,0.2755417956656347,0.0,143.0,0.0,0.46437911866440446,143.0,19857.415594405596,Fear
2025-03-11,0xbaaaf6571ab7d571043ff1e313a9609a10637864,Extreme Fear,24,1058.58,77,8376.987532467532,645028.04,77,0,0.0216,219.279375,0.0,1.0,1574.0,0.0,1.0,0.8398914860200062,1574.0,1884.0352160101652,Fear
2025-03-11,0xbee1707d6b44d4d52bfe19e41f8a828645437aab,Extreme Fear,24,-136.42962799999992,209,1095.2891866028708,228915.44,114,95,-226.197107,305.72238,62.58523,0.5454545454545454,25.0,61.0,0.29069767441860467,0.922873935468394,86.0,1224.8851162790697,Fear
2025-03-12,0x23e7a7f8d14b550961925fbfdaa92f5d195ba5bd,Fear,34,1591.753271,52,1128.4728846153846,58680.590000000004,52,0,0.310919,165.8146,20.538188,1.0,,,,1.022914123353824,,,Fear
2025-03-12,0x28736f43f1e871e6aa8b1148d38d4994275d72c4,Fear,34,33.01095,4,959.2974999999999,3837.1899999999996,4,0,0.00225,28.02,1.07939,1.0,5.0,0.0,1.0,3.3699008832850113,5.0,765.912,Fear
2025-03-12,0x47add9a56df66b524d5e2c1993a43cde53b6ed85,Fear,34,78.714444,3,1223.5666666666666,3670.7,3,0,15.753458,40.66642,1.233354,1.0,0.0,4.0,0.0,1.2973622544012497,4.0,374.78,Fear
2025-03-12,0x75f7eeb85dc639d5e99c78f95393aa9a5f1170d4,Fear,34,788.209533,21,1191.985238095238,25031.69,21,0,0.379268,160.204464,8.410634,1.0,3.0,0.0,1.0,1.2462768178474142,3.0,8081.163333333333,Fear
2025-03-12,0x8170715b3b381dffb7062c0298972d4727a0a63b,Fear,34,-2493.849701,1,49999.3,49999.3,0,1,-2493.849701,-2493.849701,4.799932,0.0,0.0,10.0,0.0,0.95579541553835,10.0,499.996,Fear
2025-03-12,0xb1231a4a2dd02f2276fa3c5e2a2f3436e6bfed23,Fear,34,1215.156099,34,1507.2041176470589,51244.94,34,0,0.484071,125.727678,17.935716,1.0,300.0,0.0,1.0,0.8447055992299054,300.0,1333.5584000000001,Fear
2025-03-12,0xb899e522b5715391ae1d4f137653e7906c5e2115,Fear,34,4544.583988,146,24275.41863013699,3544211.12,146,0,0.196,431.509288,886.052715,1.0,0.0,105.0,0.0,1.8746219968316162,105.0,33797.692285714285,Fear
2025-03-12,0xbaaaf6571ab7d571043ff1e313a9609a10637864,Fear,34,289639.089112,1708,2650.0565105386413,4526296.52,1708,0,0.10146,28493.52965,1037.34166,1.0,909.0,0.0,1.0,1.2429386123312869,909.0,3998.783586358636,Fear
2025-03-12,0xbd5fead7180a9c139fa51a103cb6a2ce86ddb5c3,Fear,34,-15387.62119,10,90964.051,909640.51,0,10,-10887.22785,-0.7,272.892148,0.0,47.0,0.0,1.0,0.9502614803221742,47.0,10593.191914893618,Fear
2025-03-12,0xbee1707d6b44d4d52bfe19e41f8a828645437aab,Fear,34,8096.937709,354,1435.475056497175,508158.17,272,82,-73.972973,879.684606,141.28641,0.768361581920904,19.0,43.0,0.3064516129032258,1.37970677517277,62.0,3550.7716129032256,Fear
2025-03-13,0x23e7a7f8d14b550961925fbfdaa92f5d195ba5bd,Neutral,45,-2315.377191,10,5634.302000000001,56343.020000000004,0,10,-1235.322729,-1.022755,19.72005,0.0,,,,2.1952616056091525,,,Neutral
2025-03-13,0x28736f43f1e871e6aa8b1148d38d4994275d72c4,Neutral,45,465.046501,13,872.7969230769231,11346.36,12,1,-0.000102,215.17,3.206782,0.9230769230769231,6.0,0.0,1.0,5.01968849032432,6.0,1287.2133333333334,Neutral
2025-03-13,0x2c229d22b100a7beb69122eed721cee9b24011dd,Neutral,45,924.898908,9,5710.761111111111,51396.85,1,8,-18.334888,984.738976,5.8851819999999995,0.1111111111111111,16.0,0.0,1.0,1.2557926034114026,16.0,3154.64375,Neutral
2025-03-13,0x47add9a56df66b524d5e2c1993a43cde53b6ed85,Neutral,45,-1.2672399999999993,3,676.6,2029.8,2,1,-12.89904,7.2314,0.322037,0.6666666666666666,0.0,1.0,0.0,0.7507961305053175,1.0,249.89,Neutral
2025-03-13,0x4f93fead39b70a1824f981a54d4e55b278e9f760,Neutral,45,5770.595066,8,25719.68625,205757.49,8,0,14.323673,1642.41,61.727245,1.0,14.0,0.0,1.0,4.0475581356364945,14.0,29993.59,Neutral
2025-03-13,0x75f7eeb85dc639d5e99c78f95393aa9a5f1170d4,Neutral,45,216.69714,1,39880.8,39880.8,1,0,216.69714,216.69714,3.828556,1.0,0.0,19.0,0.0,3.60851410733104,19.0,2110.396842105263,Neutral
2025-03-13,0xb899e522b5715391ae1d4f137653e7906c5e2115,Neutral,45,3896.9493979999997,23,24256.69826086957,557904.06,23,0,0.088005,1572.085746,139.476007,1.0,0.0,18.0,0.0,1.8747138612097975,18.0,31211.185555555552,Neutral
2025-03-13,0xbaaaf6571ab7d571043ff1e313a9609a10637864,Neutral,45,66.447417,1,22791.99,22791.99,1,0,66.447417,66.447417,0.0,1.0,,,,38.28559670090624,,,Neutral
2025-03-13,0xbee1707d6b44d4d52bfe19e41f8a828645437aab,Neutral,45,5090.8753560000005,421,1218.7572921615201,513096.82,391,30,-25.311471,423.017,151.979909,0.9287410926365796,268.0,0.0,1.0,1.0238049104547846,268.0,1778.0825373134328,Neutral
2025-03-14,0x420ab45e0bd8863569a5efbb9c05d91f40624641,Fear,27,16017.255710000001,8,1201.78,9614.24,8,0,22.91632,8765.5,2.42254,1.0,,,,0.2928453169347209,,,Fear
2025-03-14,0x4f93fead39b70a1824f981a54d4e55b278e9f760,Fear,27,11039.384571,10,43094.918,430949.18,10,0,31.291169,2097.211256,129.284748,1.0,0.0,15.0,0.0,1.28945705686809,15.0,7998.254666666667,Fear
2025-03-14,0x8170715b3b381dffb7062c0298972d4727a0a63b,Fear,27,584.05178,1,9999.89,9999.89,1,0,584.05178,584.05178,0.959989,1.0,,,,19.06993020328769,,,Fear
2025-03-14,0x8477e447846c758f5a675856001ea72298fd9cb5,Fear,27,364.03788,5,1317.608,6588.04,5,0,16.8783,110.50524,2.30581,1.0,,,,3.9430331639796776,,,Fear
2025-03-14,0xb1231a4a2dd02f2276fa3c5e2a2f3436e6bfed23,Fear,27,22911.093812,323,1309.496439628483,422967.35,323,0,0.297073,1160.084673,148.038419,1.0,,,,0.8845178886571475,,,Fear
2025-03-14,0xb899e522b5715391ae1d4f137653e7906c5e2115,Fear,27,1188.74187,46,36104.74391304348,1660818.22,46,0,0.0174,117.80301,415.204533,1.0,0.0,36.0,0.0,5.066064548786547,36.0,46166.912777777776,Fear
2025-03-14,0xbaaaf6571ab7d571043ff1e313a9609a10637864,Fear,27,16591.266757,1478,2000.7346008119082,2957085.74,1478,0,0.000237,318.79708,2.8536770000000002,1.0,184.0,0.0,1.0,0.839337157639233,184.0,3260.8689673913045,Fear
2025-03-14,0xbee1707d6b44d4d52bfe19e41f8a828645437aab,Fear,27,-49.67229100000003,51,1419.217843137255,72380.11,16,35,-102.21799,150.766,21.714014,0.3137254901960784,1.0,40.0,0.024390243902439025,0.9968444653583193,41.0,2115.9024390243903,Fear
2025-03-15,0x420ab45e0bd8863569a5efbb9c05d91f40624641,Neutral,46,74293.663505,25,3134.3723999999997,78359.31,25,0,21.988989,17785.99094,13.707583999999999,1.0,,,,1.57682119205298,,,Neutral
2025-03-15,0x47add9a56df66b524d5e2c1993a43cde53b6ed85,Neutral,46,169.710701,30,838.3353333333333,25150.06,29,1,-7.28838,76.85581,8.450389,0.9666666666666667,2.0,3.0,0.4,1.5019527729375712,5.0,621.4019999999999,Neutral
2025-03-15,0x4f93fead39b70a1824f981a54d4e55b278e9f760,Neutral,46,575.945518,7,17056.82,119397.73999999999,7,0,0.060555,294.341484,35.819322,1.0,1.0,0.0,1.0,0.7744070384287067,1.0,19999.84,Neutral
2025-03-15,0x75f7eeb85dc639d5e99c78f95393aa9a5f1170d4,Neutral,46,500.116094,30,735.3356666666666,22060.07,7,23,-68.0,175.458304,7.412155,0.23333333333333334,0.0,3.0,0.0,0.6005209472491201,3.0,7520.06,Neutral
2025-03-15,0x8170715b3b381dffb7062c0298972d4727a0a63b,Neutral,46,763.755281,13,2307.5423076923075,29998.05,3,10,-47.966112,423.8234,2.879809,0.23076923076923078,0.0,5.0,0.0,2.8313246119226516,5.0,1999.998,Neutral
2025-03-15,0xb899e522b5715391ae1d4f137653e7906c5e2115,Neutral,46,594.5722,37,25524.545135135137,944408.17,37,0,0.00795,66.38184,236.102031,1.0,0.0,28.0,0.0,1.874756981224046,28.0,33750.09892857143,Neutral
2025-03-15,0xbee1707d6b44d4d52bfe19e41f8a828645437aab,Neutral,46,1743.297967,45,1505.6584444444445,67754.63,45,0,0.314962,242.916864,14.298338,1.0,19.0,10.0,0.6551724137931034,1.1102499515597752,29.0,1657.8862068965516,Neutral
2025-03-16,0x28736f43f1e871e6aa8b1148d38d4994275d72c4,Fear,30,106.912886,18,600.5955555555555,10810.72,18,0,0.00019,48.801936,1.235232,1.0,9.0,0.0,1.0,0.8967028521340437,9.0,655.6355555555556,Fear
2025-03-16,0x47add9a56df66b524d5e2c1993a43cde53b6ed85,Fear,30,-6.342484000000001,5,668.0959999999999,3340.4799999999996,2,3,-21.474836,11.020284,1.122395,0.4,2.0,0.0,1.0,0.6006729555969477,2.0,324.175,Fear
2025-03-16,0x4f93fead39b70a1824f981a54d4e55b278e9f760,Fear,30,144.99309,2,30072.324999999997,60144.649999999994,2,0,39.58419,105.4089,18.043393000000002,1.0,4.0,0.0,1.0,3.4596641711174785,4.0,24997.9225,Fear
2025-03-16,0x75f7eeb85dc639d5e99c78f95393aa9a5f1170d4,Fear,30,941.32505,14,1143.1,16003.4,14,0,3.091072,151.126,2.339271,1.0,1.0,0.0,1.0,1.6167458692064502,1.0,15062.12,Fear
2025-03-16,0x8170715b3b381dffb7062c0298972d4727a0a63b,Fear,30,8368.226125000001,7,2856.945714285714,19998.62,6,1,-35.591032,4271.103903,1.919864,0.8571428571428571,,,,1.0181929135359853,,,Fear
2025-03-16,0xaf40fdc468c30116bd3307bcbf4a451a7ebf1deb,Fear,30,-1017.424213,43,7739.860465116279,332814.0,18,25,-540.253351,430.72293,33.281387,0.4186046511627907,80.0,0.0,1.0,1.0768485211830536,80.0,4145.049625,Fear
2025-03-16,0xb899e522b5715391ae1d4f137653e7906c5e2115,Fear,30,-16453.702941,118,38835.46194915254,4582584.51,52,66,-17178.87662,1139.96245,1145.646059,0.4406779661016949,17.0,111.0,0.1328125,1.5155325790455478,128.0,35700.749765625,Fear
2025-03-16,0xbee1707d6b44d4d52bfe19e41f8a828645437aab,Fear,30,5.068941999999993,13,1712.9646153846154,22268.54,11,2,-171.302096,80.817,6.680554,0.8461538461538461,84.0,0.0,1.0,0.9247192773641137,84.0,1381.5944047619046,Fear
2025-03-17,0x39cef799f8b69da1995852eea189df24eb5cae3c,Fear,32,17926.355742,107,2208.718691588785,236332.9,107,0,1.86381,1875.752721,23.633249,1.0,0.0,98.0,0.0,1.048773220909619,98.0,1579.7983673469387,Fear
2025-03-17,0x47add9a56df66b524d5e2c1993a43cde53b6ed85,Fear,32,-31.277088,1,617.08,617.08,0,1,-31.277088,-31.277088,0.207337,0.0,0.0,2.0,0.0,2.250555789220693,2.0,749.475,Fear
2025-03-17,0x4f93fead39b70a1824f981a54d4e55b278e9f760,Fear,32,2220.589556,8,15278.13375,122225.07,8,0,0.22956,1875.50322,36.667517,1.0,1.0,2.0,0.3333333333333333,0.6259667781626123,3.0,26669.083333333332,Fear
2025-03-17,0x75f7eeb85dc639d5e99c78f95393aa9a5f1170d4,Fear,32,5845.632627,146,662.3683561643835,96705.78,146,0,0.402498,623.24967,23.558213000000002,1.0,4.0,2.0,0.6666666666666666,0.6162786073608653,6.0,16622.27,Fear
2025-03-17,0xaf40fdc468c30116bd3307bcbf4a451a7ebf1deb,Fear,32,-1646.3529,33,5041.818484848485,166380.01,0,33,-409.661995,-0.131708,16.637982,0.0,2.0,0.0,1.0,4.381434852118305,2.0,82666.0,Fear
2025-03-17,0xb1231a4a2dd02f2276fa3c5e2a2f3436e6bfed23,Fear,32,646.346496,30,1133.3246666666666,33999.74,30,0,0.378828,105.925284,11.899889,1.0,20.0,0.0,1.0,0.23532809241135894,20.0,1667.672,Fear
2025-03-17,0xb899e522b5715391ae1d4f137653e7906c5e2115,Fear,32,812.52566,37,22037.031891891893,815370.18,37,0,0.01245,257.49088,203.842531,1.0,0.0,14.0,0.0,1.8746632420626366,14.0,58298.76571428571,Fear
2025-03-17,0xbee1707d6b44d4d52bfe19e41f8a828645437aab,Fear,32,390.08642000000003,121,1781.1647107438016,215520.93,89,32,-271.17354,88.265158,59.918733,0.7355371900826446,120.0,0.0,1.0,0.9227632149546507,120.0,913.7038333333334,Fear
2025-03-18,0x28736f43f1e871e6aa8b1148d38d4994275d72c4,Fear,34,40.9165,7,428.3885714285714,2998.72,7,0,1.727,15.921,1.04955,1.0,5.0,3.0,0.625,4.127503202750995,8.0,944.8149999999999,Fear
2025-03-18,0x39cef799f8b69da1995852eea189df24eb5cae3c,Fear,34,238.31419899999997,51,3288.527254901961,167714.89,51,0,0.016643,103.427078,16.771468,1.0,0.0,232.0,0.0,0.8596093971129352,232.0,1791.344827586207,Fear
2025-03-18,0x420ab45e0bd8863569a5efbb9c05d91f40624641,Fear,34,51925.480005000005,4,20693.7125,82774.85,4,0,15.73,25997.375,7.946383,1.0,,,,16.224858088930937,,,Fear
2025-03-18,0x4f93fead39b70a1824f981a54d4e55b278e9f760,Fear,34,362.477712,1,59615.82,59615.82,1,0,362.477712,362.477712,17.884745,1.0,40.0,3.0,0.9302325581395349,0.13817416577908329,43.0,7908.593720930233,Fear
2025-03-18,0x513b8629fe877bb581bf244e326a047b249c4ff1,Fear,34,5429.87424,6,43103.988333333335,258623.93000000002,6,0,0.24696,5041.52964,24.827891,1.0,,,,1.3274801145352397,,,Fear
2025-03-18,0x75f7eeb85dc639d5e99c78f95393aa9a5f1170d4,Fear,34,82.269533,10,423.113,4231.13,10,0,1.503702,14.610702,1.4216490000000002,1.0,0.0,4.0,0.0,1.085399558586682,4.0,1078.3474999999999,Fear
2025-03-18,0x8477e447846c758f5a675856001ea72298fd9cb5,Fear,34,185.307189,12,437.5441666666666,5250.53,12,0,1.10188,38.313699,1.837682,1.0,0.0,12.0,0.0,1.056256750810097,12.0,452.9891666666667,Fear
2025-03-18,0xb899e522b5715391ae1d4f137653e7906c5e2115,Fear,34,1157.213435,11,72018.96636363637,792208.63,11,0,48.138461,365.185527,198.052153,1.0,0.0,21.0,0.0,6.4460249908604315,21.0,37779.33380952381,Fear
2025-03-18,0xbee1707d6b44d4d52bfe19e41f8a828645437aab,Fear,34,1930.871511,142,1149.635,163248.17,85,57,-16.977182,312.876588,48.974377,0.5985915492957746,124.0,0.0,1.0,0.922643267731429,124.0,1527.031129032258,Fear
2025-03-19,0x28736f43f1e871e6aa8b1148d38d4994275d72c4,Fear,32,54.9718,30,584.943,17548.29,30,0,0.03224,12.022083,3.090906,1.0,0.0,1.0,0.0,3.4286292225743376,1.0,157.94,Fear
2025-03-19,0x39cef799f8b69da1995852eea189df24eb5cae3c,Fear,32,909.907336,2,40259.884999999995,80519.76999999999,2,0,104.153944,805.753392,8.051975,1.0,0.0,117.0,0.0,1.1916814396591537,117.0,1774.9042735042738,Fear
2025-03-19,0x47add9a56df66b524d5e2c1993a43cde53b6ed85,Fear,32,-2.8135689999999993,7,546.6428571428571,3826.5,2,5,-8.81956,8.240463,0.865873,0.2857142857142857,1.0,4.0,0.2,1.0011416211019648,5.0,399.63800000000003,Fear
2025-03-19,0x4f93fead39b70a1824f981a54d4e55b278e9f760,Fear,32,1438.717656,28,11483.0175,321524.49,28,0,0.05343,426.704452,96.457324,1.0,1.0,0.0,1.0,1.2893874256299693,1.0,19999.99,Fear
2025-03-19,0x513b8629fe877bb581bf244e326a047b249c4ff1,Fear,32,13272.390229,42,10045.676904761905,421918.43,19,23,-102.25116,2264.435214,107.157187,0.4523809523809524,45.0,45.0,0.5,0.37030017488819594,90.0,4900.026,Fear
2025-03-19,0x75f7eeb85dc639d5e99c78f95393aa9a5f1170d4,Fear,32,106.886191,42,598.2066666666667,25124.68,39,3,-18.322295,21.31536,3.574813,0.9285714285714286,1.0,0.0,1.0,0.945499373670292,1.0,25017.82,Fear
2025-03-19,0x8170715b3b381dffb7062c0298972d4727a0a63b,Fear,32,3036.68886,9,3888.8288888888887,34999.46,9,0,8.85204,668.65998,3.359943,1.0,0.0,100.0,0.0,1.0008200160189176,100.0,1297.9459,Fear
2025-03-19,0xaf40fdc468c30116bd3307bcbf4a451a7ebf1deb,Fear,32,5304.480047,112,3786.914375,424134.41,112,0,0.08866,1211.05374,42.413413,1.0,,,,0.9999500399680257,,,Fear
2025-03-19,0xbee1707d6b44d4d52bfe19e41f8a828645437aab,Fear,32,5253.432742,502,1661.3891832669322,834017.37,429,73,-411.6,527.312046,151.72347200000002,0.8545816733067729,325.0,52.0,0.8620689655172413,0.9676788366964689,377.0,2154.8302122015916,Fear
2025-03-20,0x28736f43f1e871e6aa8b1148d38d4994275d72c4,Neutral,49,144.656157,12,2282.4625,27389.55,10,2,-4.821392,134.5865,3.966579,0.8333333333333334,6.0,2.0,0.75,3.3980850920369496,8.0,627.18875,Neutral
2025-03-20,0x47add9a56df66b524d5e2c1993a43cde53b6ed85,Neutral,49,-184.47850300000002,16,743.366875,11893.87,13,3,-197.272052,74.84194,3.9345519999999996,0.8125,0.0,3.0,0.0,1.723817821306255,3.0,583.2033333333334,Neutral
2025-03-20,0x4acb90e786d897ecffb614dc822eb231b4ffb9f4,Neutral,49,4839.59228,151,3910.7895364238407,590529.22,151,0,0.055671,578.170086,99.745873,1.0,44.0,0.0,1.0,0.607545398181564,44.0,909.2581818181818,Neutral
2025-03-20,0x513b8629fe877bb581bf244e326a047b249c4ff1,Neutral,49,3865.013572,75,1391.7530666666667,104381.48,75,0,0.019728,339.5781,10.415377,1.0,,,,0.20192896485392664,,,Neutral
2025-03-20,0x75f7eeb85dc639d5e99c78f95393aa9a5f1170d4,Neutral,49,646.76766,31,508.9351612903226,15776.99,31,0,0.45008,167.08832,2.010408,1.0,1.0,0.0,1.0,0.6161990734297019,1.0,15130.18,Neutral
2025-03-20,0x8170715b3b381dffb7062c0298972d4727a0a63b,Neutral,49,652.062115,5,10215.968,51079.840000000004,3,2,-679.385991,882.6206,4.903698,0.6,0.0,7.0,0.0,13.205375872458905,7.0,5714.2585714285715,Neutral
2025-03-20,0x8477e447846c758f5a675856001ea72298fd9cb5,Neutral,49,65.297516,11,483.58363636363634,5319.42,7,4,-5.479548,31.0738,1.861792,0.6363636363636364,,,,0.642937152458295,,,Neutral
2025-03-20,0xb1231a4a2dd02f2276fa3c5e2a2f3436e6bfed23,Neutral,49,824.5402799999999,10,2416.585,24165.85,10,0,5.22224,271.22998,8.458042,1.0,0.0,20.0,0.0,1.3619043799133643,20.0,1249.5215,Neutral
2025-03-20,0xb899e522b5715391ae1d4f137653e7906c5e2115,Neutral,49,38.9845,1,2237.4,2237.4,1,0,38.9845,38.9845,0.559349,1.0,1.0,0.0,1.0,0.4158091095717058,1.0,2198.41,Neutral
2025-03-20,0xbee1707d6b44d4d52bfe19e41f8a828645437aab,Neutral,49,-682.2653320000001,127,1618.321496062992,205526.83,13,114,-185.96682,120.8128,57.142797,0.10236220472440945,134.0,22.0,0.8589743589743589,0.922873935468394,156.0,1464.1986538461538,Neutral
2025-03-21,0x28736f43f1e871e6aa8b1148d38d4994275d72c4,Fear,31,0.5844,1,62.46,62.46,1,0,0.5844,0.5844,0.02186,1.0,9.0,2.0,0.8181818181818182,0.6533949160542107,11.0,199.26090909090908,Fear
2025-03-21,0x2c229d22b100a7beb69122eed721cee9b24011dd,Fear,31,1215.774424,53,1078.2169811320755,57145.5,53,0,0.868672,133.797339,19.010892,1.0,21.0,0.0,1.0,1.0044442126128006,21.0,2663.3761904761905,Fear
2025-03-21,0x47add9a56df66b524d5e2c1993a43cde53b6ed85,Fear,31,39.1247,2,361.95500000000004,723.9100000000001,2,0,12.1047,27.02,0.243232,1.0,0.0,4.0,0.0,1.4911975004506397,4.0,560.7125,Fear
2025-03-21,0xb899e522b5715391ae1d4f137653e7906c5e2115,Fear,31,829.63013,14,55523.12714285714,777323.78,14,0,3.15216,262.68,194.330945,1.0,0.0,14.0,0.0,6.2872730340554375,14.0,55582.38785714285,Fear
2025-03-21,0xbee1707d6b44d4d52bfe19e41f8a828645437aab,Fear,31,4866.15672,279,1147.9162724014338,320268.64,279,0,0.019368,960.194585,82.387545,1.0,251.0,4.0,0.984313725490196,0.9227447615356936,255.0,1152.1294901960785,Fear
2025-03-22,0x28736f43f1e871e6aa8b1148d38d4994275d72c4,Fear,32,132.087931,9,471.6488888888889,4244.84,9,0,0.204224,46.293312,1.235746,1.0,5.0,2.0,0.7142857142857143,2.7145843166340775,7.0,745.0257142857143,Fear
2025-03-22,0x47add9a56df66b524d5e2c1993a43cde53b6ed85,Fear,32,-1184.046158,11,340.78363636363633,3748.62,0,11,-235.790874,-18.268447,0.899586,0.0,,,,0.904644595325362,,,Fear
2025-03-22,0x4acb90e786d897ecffb614dc822eb231b4ffb9f4,Fear,32,4350.379248,53,1308.6299999999999,69357.39,53,0,0.841122,1032.421518,16.261935,1.0,,,,0.39175575473692875,,,Fear
2025-03-22,0x4f93fead39b70a1824f981a54d4e55b278e9f760,Fear,32,58.007635,24,12502.583333333334,300062.0,24,0,0.003375,22.49019,90.018592,1.0,,,,0.29904489151711,,,Fear
2025-03-22,0x75f7eeb85dc639d5e99c78f95393aa9a5f1170d4,Fear,32,4462.921835,61,466.5845901639344,28461.66,61,0,1.730952,188.7,9.469854999999999,1.0,1.0,1.0,0.5,0.6122124351301373,2.0,16275.32,Fear
2025-03-22,0x8170715b3b381dffb7062c0298972d4727a0a63b,Fear,32,3082.76165,19,526.312105263158,9999.93,19,0,4.903899,588.379401,0.95998,1.0,,,,0.6840077806171098,,,Fear
2025-03-22,0x8477e447846c758f5a675856001ea72298fd9cb5,Fear,32,-41.40918,2,242.435,484.87,0,2,-29.316,-12.09318,0.169705,0.0,0.0,2.0,0.0,0.48492819138296595,2.0,332.32500000000005,Fear
2025-03-22,0xbee1707d6b44d4d52bfe19e41f8a828645437aab,Fear,32,1637.832293,152,1746.6022368421052,265483.54,88,64,-323.868933,620.467727,79.644974,0.5789473684210527,0.0,192.0,0.0,1.1857244350947123,192.0,1309.8241145833333,Fear
2025-03-23,0x28736f43f1e871e6aa8b1148d38d4994275d72c4,Fear,30,79.086899,13,902.6076923076923,11733.9,13,0,0.096015,17.41176,3.607622,1.0,0.0,1.0,0.0,1.6833659227294182,1.0,34.96,Fear
2025-03-23,0x2c229d22b100a7beb69122eed721cee9b24011dd,Fear,30,514.5145660000001,9,794.6933333333333,7152.24,9,0,3.372209,170.238651,2.503273,1.0,6.0,0.0,1.0,0.7090709926451411,6.0,1106.285,Fear
2025-03-23,0x39cef799f8b69da1995852eea189df24eb5cae3c,Fear,30,4988.749429,52,3948.011153846154,205296.58,52,0,0.604878,1329.8292,20.529634,1.0,0.0,41.0,0.0,0.9306836295380398,41.0,4341.4746341463415,Fear
2025-03-23,0x4acb90e786d897ecffb614dc822eb231b4ffb9f4,Fear,30,2897.148962,26,3959.308461538462,102942.02,26,0,2.633676,655.021224,36.029696,1.0,50.0,0.0,1.0,0.8384265547555647,50.0,4000.885,Fear
2025-03-23,0x4f93fead39b70a1824f981a54d4e55b278e9f760,Fear,30,134.82844,9,2237.1877777777777,20134.69,9,0,0.01704,67.0194,6.0404,1.0,1.0,0.0,1.0,0.001963858808480569,1.0,19999.85,Fear
2025-03-23,0x8170715b3b381dffb7062c0298972d4727a0a63b,Fear,30,3464.777168,2,4999.96,9999.92,2,0,1683.243027,1781.534141,0.959991,1.0,,,,9.534993706853808,,,Fear
2025-03-23,0x8477e447846c758f5a675856001ea72298fd9cb5,Fear,30,178.247768,11,685.1836363636364,7537.02,11,0,4.035732,34.72496,2.637952,1.0,0.0,26.0,0.0,1.000040004800576,26.0,499.5857692307692,Fear
2025-03-23,0xb899e522b5715391ae1d4f137653e7906c5e2115,Fear,30,907.21938,6,136354.75,818128.5,6,0,0.00282,435.40612,204.532124,1.0,0.0,14.0,0.0,8.740792470870556,14.0,58502.552142857145,Fear
2025-03-23,0xbee1707d6b44d4d52bfe19e41f8a828645437aab,Fear,30,882.848973,18,909.5338888888888,16371.609999999999,18,0,1.2564,241.472639,4.911475,1.0,121.0,0.0,1.0,0.9224495068323784,121.0,1108.0080165289257,Fear
2025-03-24,0x083384f897ee0f19899168e3b1bec365f52a9012,Neutral,45,40200.0,4,49650.0,198600.0,4,0,179.9754,33085.4844,19.859998,1.0,0.0,1.0,0.0,21.67031361262758,1.0,199600.0,Neutral
2025-03-24,0x28736f43f1e871e6aa8b1148d38d4994275d72c4,Neutral,45,808.135252,31,1210.224193548387,37516.95,31,0,0.61,158.84,11.494810000000001,1.0,11.0,3.0,0.7857142857142857,2.7590856988739803,14.0,1610.4607142857144,Neutral
2025-03-24,0x39cef799f8b69da1995852eea189df24eb5cae3c,Neutral,45,3896.627832,20,1703.6174999999998,34072.35,20,0,1.332288,1200.72456,3.407223,1.0,,,,0.5313659183339043,,,Neutral
2025-03-24,0x47add9a56df66b524d5e2c1993a43cde53b6ed85,Neutral,45,-216.431703,14,545.1757142857143,7632.46,10,4,-193.989787,123.4584,2.384513,0.7142857142857143,0.0,11.0,0.0,1.5009914077990747,11.0,545.2218181818182,Neutral
2025-03-24,0x4acb90e786d897ecffb614dc822eb231b4ffb9f4,Neutral,45,48946.705539,185,6360.884432432433,1176763.62,185,0,0.644853,11955.79782,175.744309,1.0,,,,0.7981908820166933,,,Neutral
2025-03-24,0x75f7eeb85dc639d5e99c78f95393aa9a5f1170d4,Neutral,45,80.95313,23,99.63434782608697,2291.59,22,1,-0.02499,21.050376,0.757808,0.9565217391304348,2.0,1.0,0.6666666666666666,0.1376533513610244,3.0,790.8566666666667,Neutral
2025-03-24,0x7f4f299f74eec87806a830e3caa9afa5f2b9db8f,Neutral,45,-869.145978,2,8449.470000000001,16898.940000000002,0,2,-776.860259,-92.285719,1.689893,0.0,,,,14.29013327019348,,,Neutral
2025-03-24,0x8170715b3b381dffb7062c0298972d4727a0a63b,Neutral,45,2838.532396,47,2021.1748936170213,94995.22,41,6,-261.934638,574.792307,11.51959,0.8723404255319149,,,,1.1584919333307906,,,Neutral
2025-03-24,0xaf40fdc468c30116bd3307bcbf4a451a7ebf1deb,Neutral,45,5070.619785,17,15251.352352941176,259272.99,17,0,0.219,3107.619785,47.270546,1.0,6.0,0.0,1.0,0.17359112709832134,6.0,14306.665,Neutral
2025-03-24,0xbee1707d6b44d4d52bfe19e41f8a828645437aab,Neutral,45,7122.965048,328,1292.6860975609754,424001.04,302,26,-10.8162,427.792683,119.115758,0.9207317073170732,0.0,167.0,0.0,0.9225510006366431,167.0,1455.157005988024,Neutral
2025-03-25,0x28736f43f1e871e6aa8b1148d38d4994275d72c4,Neutral,46,417.38885700000003,12,404.81666666666666,4857.8,12,0,1.265,230.178844,0.985396,1.0,17.0,1.0,0.9444444444444444,1.609803789360124,18.0,697.4577777777778,Neutral
2025-03-25,0x2c229d22b100a7beb69122eed721cee9b24011dd,Neutral,46,-3323.090682,72,2907.5840277777775,209346.05,4,68,-314.366208,14.679672,73.271099,0.05555555555555555,139.0,0.0,1.0,0.1570079808043399,139.0,1529.9957553956835,Neutral
2025-03-25,0x47add9a56df66b524d5e2c1993a43cde53b6ed85,Neutral,46,87.95347999999998,3,377.80999999999995,1133.4299999999998,1,2,-67.82592,218.78721,0.200845,0.3333333333333333,,,,0.5975184762362554,,,Neutral
2025-03-25,0x4acb90e786d897ecffb614dc822eb231b4ffb9f4,Neutral,46,30531.101000000002,50,12797.315200000001,639865.76,50,0,0.67823,3582.394866,223.952992,1.0,,,,3.4483623683390014,,,Neutral
2025-03-25,0x4f93fead39b70a1824f981a54d4e55b278e9f760,Neutral,46,217.47456799999998,5,11956.266,59781.33,5,0,0.047985,180.225262,17.934398,1.0,4.0,0.0,1.0,1.248217311357371,4.0,15000.060000000001,Neutral
2025-03-25,0x75f7eeb85dc639d5e99c78f95393aa9a5f1170d4,Neutral,46,520.971268,27,1408.122962962963,38019.32,26,1,-0.313222,123.2901,11.569817,0.9629629629629629,1.0,1.0,0.5,1.4940647803869325,2.0,18896.975,Neutral
2025-03-25,0x8170715b3b381dffb7062c0298972d4727a0a63b,Neutral,46,2164.09548,6,6666.248333333334,39997.490000000005,6,0,65.608598,651.743991,3.8397550000000003,1.0,,,,16.154458598726116,,,Neutral
2025-03-25,0x8477e447846c758f5a675856001ea72298fd9cb5,Neutral,46,994.196069,26,1490.06,38741.56,25,1,-14.77938,256.5743,13.559537,0.9615384615384616,0.0,10.0,0.0,1.1247849741969036,10.0,705.306,Neutral
2025-03-25,0xb899e522b5715391ae1d4f137653e7906c5e2115,Neutral,46,-836.051084,47,35683.55340425532,1677127.01,22,25,-502.168115,318.795608,419.28173300000003,0.46808510638297873,0.0,48.0,0.0,3.74951583723132,48.0,34922.74770833333,Neutral
2025-03-25,0xbee1707d6b44d4d52bfe19e41f8a828645437aab,Neutral,46,1256.867824,142,1083.8598591549296,153908.1,135,7,-0.682388,175.04255,36.580894,0.9507042253521126,135.0,0.0,1.0,0.9224679602513356,135.0,1418.9199999999998,Neutral
2025-03-26,0x28736f43f1e871e6aa8b1148d38d4994275d72c4,Neutral,47,379.04079,16,506.165,8098.64,16,0,0.6075,81.914004,2.704919,1.0,12.0,2.0,0.8571428571428571,2.8817342053806216,14.0,871.3528571428571,Neutral
2025-03-26,0x2c229d22b100a7beb69122eed721cee9b24011dd,Neutral,47,2323.99174,49,1280.4397959183675,62741.55,49,0,0.54534,841.97814,6.274127,1.0,16.0,0.0,1.0,0.5429868029836733,16.0,3776.19,Neutral
2025-03-26,0x39cef799f8b69da1995852eea189df24eb5cae3c,Neutral,47,3782.33025,28,2294.2153571428576,64238.030000000006,28,0,0.67989,2318.15373,6.423789,1.0,,,,0.5166028572705469,,,Neutral
2025-03-26,0x47add9a56df66b524d5e2c1993a43cde53b6ed85,Neutral,47,69.285,1,750.0,750.0,1,0,69.285,69.285,0.072,1.0,,,,2.253139458030403,,,Neutral
2025-03-26,0x4acb90e786d897ecffb614dc822eb231b4ffb9f4,Neutral,47,9261.449882,85,4109.827529411765,349335.34,85,0,0.011696,645.18657,87.222755,1.0,55.0,0.0,1.0,0.8632768402077187,55.0,6183.1838181818175,Neutral
2025-03-26,0x4f93fead39b70a1824f981a54d4e55b278e9f760,Neutral,47,980.433384,6,16793.395,100760.37,6,0,12.0552,343.181406,35.266123,1.0,3.0,1.0,0.75,2.578858021905472,4.0,24999.14,Neutral
2025-03-26,0x6d6a4b953f202f8df5bed40692e7fd865318264a,Neutral,47,413.304033,2,3668.765,7337.53,2,0,115.904544,297.399489,1.340673,1.0,,,,1.5427344429786398,,,Neutral
2025-03-26,0x75f7eeb85dc639d5e99c78f95393aa9a5f1170d4,Neutral,47,96.945218,35,1561.1171428571429,54639.1,25,2,-10.87551,21.0792,5.245323,0.9259259259259259,3.0,41.0,0.06818181818181818,0.9655021573578828,44.0,1244.7718181818182,Neutral
2025-03-26,0x8170715b3b381dffb7062c0298972d4727a0a63b,Neutral,47,619.572648,1,9998.76,9998.76,1,0,619.572648,619.572648,0.95988,1.0,,,,19.06777527747054,,,Neutral
2025-03-26,0x8477e447846c758f5a675856001ea72298fd9cb5,Neutral,47,27.5033,1,971.84,971.84,1,0,27.5033,27.5033,0.340145,1.0,0.0,8.0,0.0,1.7759931191743008,8.0,716.0337499999999,Neutral
2025-03-26,0xaf40fdc468c30116bd3307bcbf4a451a7ebf1deb,Neutral,47,2087.063794,3,58879.0,176637.0,3,0,248.73522,1400.0,39.697949,1.0,24.0,0.0,1.0,0.2918465227817746,24.0,10865.08375,Neutral
2025-03-26,0xb1231a4a2dd02f2276fa3c5e2a2f3436e6bfed23,Neutral,47,2597.947325,38,1903.2236842105262,72322.5,38,0,0.725276,440.113863,25.312857,1.0,,,,0.8802903898604204,,,Neutral
2025-03-26,0xb899e522b5715391ae1d4f137653e7906c5e2115,Neutral,47,-774.039828,57,8738.840877192983,498113.93,0,57,-148.305632,-0.03654,124.528465,0.0,34.0,0.0,1.0,0.3989932414064624,34.0,14673.183823529413,Neutral
2025-03-26,0xbee1707d6b44d4d52bfe19e41f8a828645437aab,Neutral,47,-6250.418895000001,1298,1816.8374961479196,2358255.07,583,715,-750.68294,942.81048,630.965874,0.4491525423728814,816.0,406.0,0.6677577741407529,1.1095302682204446,1222.0,1825.947929623568,Neutral
2025-03-27,0x28736f43f1e871e6aa8b1148d38d4994275d72c4,Fear,40,-133.035992,9,3603.137777777778,32428.24,6,3,-457.826736,120.43167,11.349876,0.6666666666666666,25.0,0.0,1.0,4.498280628413458,25.0,1498.9923999999999,Fear
2025-03-27,0x39cef799f8b69da1995852eea189df24eb5cae3c,Fear,40,6504.316844999999,30,3514.0476666666664,105421.43,30,0,0.952146,4920.238869,10.542127,1.0,0.0,148.0,0.0,0.864756357352481,148.0,1143.9842567567568,Fear
2025-03-27,0x4f93fead39b70a1824f981a54d4e55b278e9f760,Fear,40,4329.319769,16,26521.77,424348.32,16,0,0.128355,1242.257835,148.521901,1.0,24.0,0.0,1.0,0.3866848309637222,24.0,15000.840000000002,Fear
2025-03-27,0x6d6a4b953f202f8df5bed40692e7fd865318264a,Fear,40,154.257092,15,427.0873333333333,6406.3099999999995,15,0,0.249123,53.484046,2.152501,1.0,,,,0.7525472254189239,,,Fear
2025-03-27,0x8170715b3b381dffb7062c0298972d4727a0a63b,Fear,40,26714.79759,62,1090.3475806451613,67601.55,62,0,6.965322,2008.260423,16.093427,1.0,0.0,2.0,0.0,1.3648499179983982,2.0,499.87,Fear
2025-03-27,0x8477e447846c758f5a675856001ea72298fd9cb5,Fear,40,195.60777199999998,14,1476.2714285714285,20667.8,14,0,0.169587,31.34838,4.733739,1.0,0.0,26.0,0.0,1.7472896747609714,26.0,957.0134615384615,Fear
2025-03-27,0xaf40fdc468c30116bd3307bcbf4a451a7ebf1deb,Fear,40,894.0,6,29034.333333333332,174206.0,6,0,0.25926,344.38221,60.972097,1.0,15.0,0.0,1.0,0.05047961630695444,15.0,11547.731999999998,Fear
2025-03-27,0xbaaaf6571ab7d571043ff1e313a9609a10637864,Fear,40,18422.612928,29,13783.004137931035,399707.12,29,0,1.096212,4109.205632,39.970701000000005,1.0,118.0,0.0,1.0,3.347320326213853,118.0,3280.5692372881354,Fear
2025-03-27,0xbee1707d6b44d4d52bfe19e41f8a828645437aab,Fear,40,1743.476526,82,1087.5628048780486,89180.15,82,0,0.077232,166.504615,24.824449,1.0,14.0,38.0,0.2692307692307692,0.9226894012788219,52.0,1515.069230769231,Fear
2025-03-28,0x28736f43f1e871e6aa8b1148d38d4994275d72c4,Fear,44,-21.766132,4,334.1975,1336.79,1,3,-18.320832,3.354,0.46787900000000004,0.25,36.0,1.0,0.972972972972973,2.122850785516823,37.0,934.7740540540541,Fear
2025-03-28,0x513b8629fe877bb581bf244e326a047b249c4ff1,Fear,44,1470.407794,84,1909.8789285714283,160429.83,84,0,0.114453,421.580621,53.904336,1.0,,,,0.24848920840659694,,,Fear
2025-03-28,0x7f4f299f74eec87806a830e3caa9afa5f2b9db8f,Fear,44,1130.350383,6,3004.626666666667,18027.760000000002,6,0,8.060202,434.331565,1.802775,1.0,,,,5.158503585441753,,,Fear
2025-03-28,0x8170715b3b381dffb7062c0298972d4727a0a63b,Fear,44,13956.614828,29,1137.9037931034482,32999.21,29,0,7.860916,2057.715306,5.087743,1.0,,,,0.955032609939357,,,Fear
2025-03-28,0x8477e447846c758f5a675856001ea72298fd9cb5,Fear,44,1617.77036,25,1346.6532,33666.33,25,0,1.3,302.379688,11.783196,1.0,0.0,12.0,0.0,2.0741689002680324,12.0,972.0933333333332,Fear
2025-03-28,0xaf40fdc468c30116bd3307bcbf4a451a7ebf1deb,Fear,44,1342.0,4,43639.5,174558.0,4,0,22.94149,600.59197,61.095299,1.0,50.0,0.0,1.0,0.8628097521982414,50.0,3454.0,Fear
2025-03-28,0xbee1707d6b44d4d52bfe19e41f8a828645437aab,Fear,44,1841.802102,82,1348.5570731707319,110581.68000000001,82,0,0.415837,432.605271,26.374653,1.0,106.0,49.0,0.6838709677419355,0.9225233205082072,155.0,1023.3910322580645,Fear
2025-03-29,0x23e7a7f8d14b550961925fbfdaa92f5d195ba5bd,Fear,26,-5018.466447,97,580.479381443299,56306.5,0,97,-402.621611,-1.020442,19.707219000000002,0.0,,,,0.4320300768125493,,,Fear
2025-03-29,0x28736f43f1e871e6aa8b1148d38d4994275d72c4,Fear,26,28.499012000000004,5,120.678,603.39,5,0,0.65772,17.243072,0.21118699999999999,1.0,10.0,0.0,1.0,1.3489987188996022,10.0,642.637,Fear
2025-03-29,0x4acb90e786d897ecffb614dc822eb231b4ffb9f4,Fear,26,314.6728,3,16771.926666666666,50315.78,3,0,0.7742,300.121,17.610522,1.0,20.0,0.0,1.0,0.4071948994914543,20.0,15001.264000000001,Fear
2025-03-29,0x75f7eeb85dc639d5e99c78f95393aa9a5f1170d4,Fear,26,133.123947,81,261.0779012345679,21147.309999999998,66,15,-17.0,18.865784,7.105424,0.8148148148148148,2.0,0.0,1.0,0.2295746923031038,2.0,10507.205,Fear
2025-03-29,0x8170715b3b381dffb7062c0298972d4727a0a63b,Fear,26,19573.830158,44,909.0863636363636,39999.799999999996,44,0,8.261728,2580.072264,3.839944,1.0,42.0,0.0,1.0,0.17458713146954496,42.0,1428.5540476190477,Fear
2025-03-29,0x8477e447846c758f5a675856001ea72298fd9cb5,Fear,26,7.57416,2,1246.2150000000001,2492.4300000000003,2,0,0.2166,7.35756,0.872349,1.0,0.0,8.0,0.0,1.010261231347762,8.0,590.0125,Fear
2025-03-29,0xbaaaf6571ab7d571043ff1e313a9609a10637864,Fear,26,720.749699,246,1795.103943089431,441595.57,246,0,0.00088,73.639725,44.159428,1.0,354.0,0.0,1.0,0.8398578903605654,354.0,3132.803672316384,Fear
2025-03-29,0xbee1707d6b44d4d52bfe19e41f8a828645437aab,Fear,26,-3661.1103980000003,462,1439.9572943722944,665260.27,308,154,-2044.4,386.670208,177.719878,0.6666666666666666,502.0,0.0,1.0,0.9225417739271644,502.0,1315.633685258964,Fear
2025-03-30,0x28736f43f1e871e6aa8b1148d38d4994275d72c4,Fear,32,-743.288757,11,952.1363636363636,10473.5,1,10,-381.972304,0.24888,3.6657209999999996,0.09090909090909091,31.0,2.0,0.9393939393939394,3.3675409614995617,33.0,651.6242424242424,Fear
2025-03-30,0x4acb90e786d897ecffb614dc822eb231b4ffb9f4,Fear,32,5362.529222,21,12161.259047619047,255386.44,21,0,4.893412,2272.105352,38.937127000000004,1.0,,,,0.35835444807207795,,,Fear
2025-03-30,0x6d6a4b953f202f8df5bed40692e7fd865318264a,Fear,32,3.492534,1,752.56,752.56,1,0,3.492534,3.492534,0.252859,1.0,,,,0.7676902349341792,,,Fear
2025-03-30,0x8170715b3b381dffb7062c0298972d4727a0a63b,Fear,32,9683.820194,17,1767.1288235294116,30041.19,15,2,-952.820924,2681.155942,5.293852,0.8823529411764706,14.0,0.0,1.0,1.1823486784392998,14.0,2857.14,Fear
2025-03-30,0x8477e447846c758f5a675856001ea72298fd9cb5,Fear,32,267.13403800000003,6,742.16,4452.96,6,0,20.35068,63.211701,1.55853,1.0,0.0,2.0,0.0,1.0198423810857302,2.0,499.96,Fear
2025-03-30,0xb899e522b5715391ae1d4f137653e7906c5e2115,Fear,32,685.277142,24,27866.4575,668794.98,24,0,0.012735,153.417696,200.638481,1.0,24.0,0.0,1.0,1.7624190327993328,24.0,27837.906666666666,Fear
2025-03-30,0xbee1707d6b44d4d52bfe19e41f8a828645437aab,Fear,32,536.150767,26,1903.066923076923,49479.74,26,0,0.847211,86.277195,14.843917,1.0,27.0,0.0,1.0,0.9224495068323784,27.0,1377.6751851851852,Fear
2025-03-31,0x23e7a7f8d14b550961925fbfdaa92f5d195ba5bd,Fear,34,716.143949,83,686.7569879518072,57000.83,83,0,0.112737,70.092115,19.950252,1.0,,,,0.6734872465239891,,,Fear
2025-03-31,0x28736f43f1e871e6aa8b1148d38d4994275d72c4,Fear,34,3.5652170000000005,14,187.385,2623.39,7,7,-2.8569,6.684076,0.918176,0.5,37.0,0.0,1.0,1.1967837637381162,37.0,452.2618918918919,Fear
2025-03-31,0x47add9a56df66b524d5e2c1993a43cde53b6ed85,Fear,34,798.187528,5,359.27,1796.35,5,0,67.841936,303.960648,0.603567,1.0,10.0,1.0,0.9090909090909091,1.213813615333774,11.0,522.5936363636364,Fear
2025-03-31,0x4acb90e786d897ecffb614dc822eb231b4ffb9f4,Fear,34,4750.8109939999995,26,8644.508076923077,224757.21,26,0,0.08215,926.12624,78.665006,1.0,21.0,0.0,1.0,2.396120861122957,21.0,10476.499523809523,Fear
2025-03-31,0x4f93fead39b70a1824f981a54d4e55b278e9f760,Fear,34,2112.5276,22,25549.835,562096.37,22,0,0.1878,232.47449,196.733723,1.0,18.0,0.0,1.0,1.2918683608548653,18.0,8889.272222222224,Fear
2025-03-31,0x75f7eeb85dc639d5e99c78f95393aa9a5f1170d4,Fear,34,1239.24045,51,497.69901960784307,25382.649999999998,51,0,0.02324,228.33701,2.436812,1.0,1.0,0.0,1.0,0.5237905871592469,1.0,24143.45,Fear
2025-03-31,0x8170715b3b381dffb7062c0298972d4727a0a63b,Fear,34,5544.028638,6,1666.6533333333334,9999.92,6,0,80.712342,2732.698008,0.959986,1.0,2.0,0.0,1.0,0.4692207940806285,2.0,14999.985,Fear
2025-03-31,0x8477e447846c758f5a675856001ea72298fd9cb5,Fear,34,92.902727,3,746.4933333333333,2239.48,3,0,8.738595,71.9302,0.783816,1.0,0.0,4.0,0.0,1.000060007200864,4.0,333.12,Fear
2025-03-31,0xbd5fead7180a9c139fa51a103cb6a2ce86ddb5c3,Fear,34,-8320.5,3,138666.66666666666,416000.0,0,3,-4867.292808,-39.539016,41.599999,0.0,,,,162.8747089361377,,,Fear
2025-03-31,0xbee1707d6b44d4d52bfe19e41f8a828645437aab,Fear,34,41.27745400000002,79,530.2741772151899,41891.659999999996,56,23,-134.479482,85.85031,12.567471,0.7088607594936709,2.0,0.0,1.0,0.7745084470525276,2.0,11825.355,Fear
2025-04-01,0x28736f43f1e871e6aa8b1148d38d4994275d72c4,Fear,34,768.351892,29,498.5879310344827,14459.05,27,2,-4.36812,149.373954,4.686114,0.9310344827586207,7.0,0.0,1.0,1.6870069449126828,7.0,214.97142857142856,Fear
2025-04-01,0x2c229d22b100a7beb69122eed721cee9b24011dd,Fear,34,1334.414834,4,1508.975,6035.9,4,0,286.528512,401.45784,1.810414,1.0,5.0,0.0,1.0,1.1828490949872204,5.0,940.3,Fear
2025-04-01,0x47add9a56df66b524d5e2c1993a43cde53b6ed85,Fear,34,-680.287463,18,219.5627777777778,3952.13,6,12,-346.754591,56.300192,1.327891,0.3333333333333333,1.0,0.0,1.0,0.5906086643033107,1.0,749.22,Fear
2025-04-01,0x4f93fead39b70a1824f981a54d4e55b278e9f760,Fear,34,1402.082488,8,10175.84,81406.72,8,0,1.856961,556.586103,28.492351,1.0,12.0,0.0,1.0,0.2486280067155461,12.0,4999.968333333333,Fear
2025-04-01,0x6d6a4b953f202f8df5bed40692e7fd865318264a,Fear,34,132.71954399999998,4,1466.6999999999998,5866.799999999999,4,0,5.780016,78.1158,1.971238,1.0,0.0,10.0,0.0,3.5098661127796333,10.0,2149.3550000000005,Fear
2025-04-01,0x8170715b3b381dffb7062c0298972d4727a0a63b,Fear,34,4004.50286,12,8620.09,103441.08,12,0,1.744428,1825.0938,32.356204000000005,1.0,0.0,1.0,0.0,1.3450169724245775,1.0,19999.98,Fear
2025-04-01,0xbd5fead7180a9c139fa51a103cb6a2ce86ddb5c3,Fear,34,-9311.892185,20,3914.5449999999996,78290.9,0,20,-2483.57772,-42.598178,27.401801,0.0,0.0,8.0,0.0,2.011222659083101,8.0,9843.75125,Fear
2025-04-01,0xbee1707d6b44d4d52bfe19e41f8a828645437aab,Fear,34,147.445788,27,683.6485185185185,18458.51,27,0,1.515064,27.25296,5.537545,1.0,4.0,4.0,0.5,0.9224679602513356,8.0,3059.8625,Fear
2025-04-02,0x28736f43f1e871e6aa8b1148d38d4994275d72c4,Fear,44,669.381363,42,490.1088095238095,20584.57,42,0,0.471898,44.496375,7.204578000000001,1.0,13.0,1.0,0.9285714285714286,1.3388510552221697,14.0,444.2728571428571,Fear
2025-04-02,0x2c229d22b100a7beb69122eed721cee9b24011dd,Fear,44,1.1031579999999999,3,395.42333333333335,1186.27,2,1,-0.057424,0.884682,0.415195,0.6666666666666666,3.0,0.0,1.0,0.3712743205883887,3.0,395.0566666666667,Fear
2025-04-02,0x47add9a56df66b524d5e2c1993a43cde53b6ed85,Fear,44,93.006465,3,291.4066666666667,874.22,3,0,10.629975,44.954756,0.293739,1.0,1.0,0.0,1.0,0.9767469807126118,1.0,749.49,Fear
2025-04-02,0x4acb90e786d897ecffb614dc822eb231b4ffb9f4,Fear,44,444.205198,10,29956.895,299568.95,10,0,0.020265,362.665142,104.849131,1.0,0.0,6.0,0.0,9.511212015869202,6.0,50002.20333333333,Fear
2025-04-02,0x6d6a4b953f202f8df5bed40692e7fd865318264a,Fear,44,234.497751,9,2306.557777777778,20759.02,9,0,0.534314,59.811885,6.9750250000000005,1.0,0.0,19.0,0.0,0.7016588542397619,19.0,881.2247368421052,Fear
2025-04-02,0x75f7eeb85dc639d5e99c78f95393aa9a5f1170d4,Fear,44,90.98474,9,1782.7222222222222,16044.5,9,0,0.119,56.70315,1.5402660000000001,1.0,0.0,2.0,0.0,2.174139542282226,2.0,8067.745,Fear
2025-04-02,0x8170715b3b381dffb7062c0298972d4727a0a63b,Fear,44,8045.056928,7,2142.8557142857144,14999.990000000002,7,0,33.79155,2672.958756,1.4399929999999999,1.0,,,,1.6185209199435524,,,Fear
2025-04-02,0xbaaaf6571ab7d571043ff1e313a9609a10637864,Fear,44,188114.980392,743,3804.6953432032305,2826888.64,743,0,0.008057,7998.157272,918.700872,1.0,,,,1.1395647682319443,,,Fear
2025-04-02,0xbd5fead7180a9c139fa51a103cb6a2ce86ddb5c3,Fear,44,2676.6850000000004,62,2986.0367741935484,185134.28,62,0,0.022806,2185.9,18.513421,1.0,0.0,4.0,0.0,0.9736992785433446,4.0,279.0,Fear
2025-04-02,0xbee1707d6b44d4d52bfe19e41f8a828645437aab,Fear,44,1842.836508,75,828.1554666666666,62111.659999999996,75,0,0.4484,457.20324,14.123966,1.0,28.0,14.0,0.6666666666666666,0.9225417739271644,42.0,1305.0164285714286,Fear
2025-04-03,0x28736f43f1e871e6aa8b1148d38d4994275d72c4,Fear,25,149.51234499999998,21,656.7852380952381,13792.49,10,11,-9.7026,86.4425,3.989855,0.47619047619047616,64.0,0.0,1.0,1.684444744117052,64.0,386.55671875,Fear
2025-04-03,0x2c229d22b100a7beb69122eed721cee9b24011dd,Fear,25,160.127816,19,510.058947368421,9691.119999999999,19,0,0.261664,41.367555,2.901649,1.0,7.0,0.0,1.0,0.5775129101246674,7.0,1361.6442857142858,Fear
2025-04-03,0x47add9a56df66b524d5e2c1993a43cde53b6ed85,Fear,25,7.052034,2,447.25,894.5,2,0,3.324684,3.72735,0.300548,1.0,10.0,0.0,1.0,2.2528540527549117,10.0,724.885,Fear
2025-04-03,0x6d6a4b953f202f8df5bed40692e7fd865318264a,Fear,25,298.031364,5,2389.014,11945.07,5,0,0.12955,131.946675,4.013539,1.0,0.0,1.0,0.0,0.7681954697280152,1.0,999.38,Fear
2025-04-03,0xaf40fdc468c30116bd3307bcbf4a451a7ebf1deb,Fear,25,2020.0,1,174720.0,174720.0,1,0,2020.0,2020.0,17.472,1.0,7.0,0.0,1.0,2.6421612709832134,7.0,23642.85714285714,Fear
2025-04-03,0xb899e522b5715391ae1d4f137653e7906c5e2115,Fear,25,361.071464,7,48659.61285714286,340617.29000000004,7,0,3.940521,267.26574,102.185181,1.0,9.0,8.0,0.5294117647058824,1.4983642516334048,17.0,20017.871764705884,Fear
2025-04-03,0xbaaaf6571ab7d571043ff1e313a9609a10637864,Fear,25,3869.208803,498,4397.772128514056,2190090.52,476,22,-2.609397,197.677062,324.45167,0.9558232931726908,439.0,0.0,1.0,1.3650420365688751,439.0,4994.128291571754,Fear
2025-04-03,0xbd5fead7180a9c139fa51a103cb6a2ce86ddb5c3,Fear,25,-5862.0887760000005,12,7051.005833333334,84612.07,0,12,-1430.889856,-5.40082,29.614225,0.0,,,,2.8531463526357976,,,Fear
2025-04-03,0xbee1707d6b44d4d52bfe19e41f8a828645437aab,Fear,25,-3368.876326,69,1531.8491304347826,105697.59,0,69,-660.69525,-0.012322,22.35979,0.0,186.0,0.0,1.0,1.0274863675367454,186.0,1764.675053763441,Fear
2025-04-04,0x28736f43f1e871e6aa8b1148d38d4994275d72c4,Fear,28,498.73528200000004,63,214.1995238095238,13494.57,56,7,-8.937,81.223488,4.473079,0.8888888888888888,30.0,5.0,0.8571428571428571,1.2640752477917876,35.0,413.13942857142854,Fear
2025-04-04,0x39cef799f8b69da1995852eea189df24eb5cae3c,Fear,28,266.39774,34,19800.740588235294,673225.18,34,0,0.00406,219.82898,67.322498,1.0,,,,0.7457952835669701,,,Fear
2025-04-04,0x4f93fead39b70a1824f981a54d4e55b278e9f760,Fear,28,4591.427138999999,13,23425.392307692306,304530.1,13,0,0.190995,1913.535903,106.585532,1.0,8.0,0.0,1.0,0.3866274496656411,8.0,15002.5675,Fear
2025-04-04,0x6d6a4b953f202f8df5bed40692e7fd865318264a,Fear,28,392.35488599999996,9,1444.2622222222224,12998.36,9,0,7.92859,126.277532,4.367442,1.0,0.0,20.0,0.0,1.2015465798411316,20.0,442.3655,Fear
2025-04-04,0x8170715b3b381dffb7062c0298972d4727a0a63b,Fear,28,4805.345609999999,7,1428.5685714285714,9999.98,7,0,83.6901,3000.94938,0.9599930000000001,1.0,5.0,56.0,0.08196721311475409,0.48003356344635567,61.0,875.1065573770492,Fear
2025-04-04,0x8477e447846c758f5a675856001ea72298fd9cb5,Fear,28,586.623362,17,892.2905882352942,15168.94,17,0,2.51248,118.422408,5.309116,1.0,30.0,7.0,0.8108108108108109,0.5999319918390207,37.0,295.69756756756755,Fear
2025-04-04,0xb1231a4a2dd02f2276fa3c5e2a2f3436e6bfed23,Fear,28,2242.086667,65,1221.4350769230768,79393.28,65,0,0.331194,172.9953,27.787623,1.0,34.0,0.0,1.0,0.9291673351516124,34.0,981.0588235294117,Fear
2025-04-04,0xbaaaf6571ab7d571043ff1e313a9609a10637864,Fear,28,9367.872074,218,2271.9375688073396,495282.39,216,2,-5.444032,575.763238,78.659764,0.9908256880733946,100.0,0.0,1.0,1.0303620772196231,100.0,2039.1545999999998,Fear
2025-04-04,0xbd5fead7180a9c139fa51a103cb6a2ce86ddb5c3,Fear,28,-42620.947315,58,6144.845517241379,356401.04,24,34,-17323.49327,1878.900529,91.230016,0.41379310344827586,0.0,73.0,0.0,0.9114020689391914,73.0,4034.8065753424657,Fear
2025-04-04,0xbee1707d6b44d4d52bfe19e41f8a828645437aab,Fear,28,-4513.160132,204,1412.9307352941175,288237.87,52,152,-475.673926,429.126429,74.126163,0.2549019607843137,122.0,0.0,1.0,1.120325518310405,122.0,1431.6732786885248,Fear
2025-04-05,0x28736f43f1e871e6aa8b1148d38d4994275d72c4,Fear,30,177.049662,38,328.6797368421053,12489.83,34,4,-6.940406,27.571953,3.739314,0.8947368421052632,18.0,0.0,1.0,1.6559571168498415,18.0,336.755,Fear
2025-04-05,0x3f9a0aadc7f04a7c9d75dc1b5a6ddd6e36486cf6,Fear,30,562.1943200000001,19,3383.65,64289.35,19,0,3.418656,106.979591,22.501253,1.0,,,,2.2700967715624984,,,Fear
2025-04-05,0x47add9a56df66b524d5e2c1993a43cde53b6ed85,Fear,30,-132.88134,11,629.0772727272728,6919.85,10,1,-193.756937,17.238472,2.025265,0.9090909090909091,4.0,10.0,0.2857142857142857,1.8288469626870154,14.0,553.3271428571428,Fear
2025-04-05,0x4acb90e786d897ecffb614dc822eb231b4ffb9f4,Fear,30,31134.240601999998,102,5175.765784313725,527928.11,102,0,0.5434,2922.1422,127.578406,1.0,,,,0.8552418906859811,,,Fear
2025-04-05,0x6d6a4b953f202f8df5bed40692e7fd865318264a,Fear,30,41.479757,12,704.7891666666666,8457.47,11,1,-3.52464,12.080574,2.841701,0.9166666666666666,0.0,4.0,0.0,1.3760069610127152,4.0,2249.7875,Fear
2025-04-05,0xaf40fdc468c30116bd3307bcbf4a451a7ebf1deb,Fear,30,2400.0,1,167900.0,167900.0,1,0,2400.0,2400.0,16.79,1.0,7.0,0.0,1.0,1.3193045563549162,7.0,23599.998571428576,Fear
2025-04-05,0xb899e522b5715391ae1d4f137653e7906c5e2115,Fear,30,611.49348,5,20460.626,102303.13,5,0,12.11326,355.90539,30.690936,1.0,,,,3.0809700128422657,,,Fear
2025-04-05,0xbee1707d6b44d4d52bfe19e41f8a828645437aab,Fear,30,1113.761229,27,958.8588888888888,25889.19,27,0,3.266432,563.790059,5.589056,1.0,63.0,0.0,1.0,0.7422795508437826,63.0,1184.4526984126985,Fear
2025-04-06,0x28736f43f1e871e6aa8b1148d38d4994275d72c4,Fear,34,-476.77056300000004,38,401.4944736842105,15256.789999999999,27,11,-582.33812,40.284,5.079653,0.7105263157894737,36.0,0.0,1.0,1.4446429775470297,36.0,372.77805555555557,Fear
2025-04-06,0x39cef799f8b69da1995852eea189df24eb5cae3c,Fear,34,24553.541149999997,21,4562.856666666667,95819.99,21,0,32.27285,7322.017,9.581987,1.0,0.0,47.0,0.0,1.5328630804296335,47.0,2048.245531914894,Fear
2025-04-06,0x47add9a56df66b524d5e2c1993a43cde53b6ed85,Fear,34,-1400.5515480000001,7,810.3771428571429,5672.64,4,3,-889.821619,13.956786,1.606008,0.5714285714285714,4.0,4.0,0.5,2.2509763864687855,8.0,531.01,Fear
2025-04-06,0x6d6a4b953f202f8df5bed40692e7fd865318264a,Fear,34,207.98348199999998,10,1332.249,13322.49,10,0,0.06021,54.868044,4.476346,1.0,1.0,0.0,1.0,2.0998961461812673,1.0,4999.78,Fear
2025-04-06,0x75f7eeb85dc639d5e99c78f95393aa9a5f1170d4,Fear,34,3370.85855,36,2187.9330555555553,78765.59,36,0,0.00931,661.33206,14.740784,1.0,3.0,0.0,1.0,0.7549161911200366,3.0,25131.583333333332,Fear
2025-04-06,0x8170715b3b381dffb7062c0298972d4727a0a63b,Fear,34,17621.701092,8,4999.9925,39999.94,8,0,221.86519,8143.080742,3.839988,1.0,6.0,0.0,1.0,22.880639993897557,6.0,24999.77666666667,Fear
2025-04-06,0x8477e447846c758f5a675856001ea72298fd9cb5,Fear,34,67.080809,4,607.9625000000001,2431.8500000000004,4,0,2.760329,53.66844,0.8511500000000001,1.0,24.0,0.0,1.0,0.9985098211785415,24.0,416.31125,Fear
2025-04-06,0xb899e522b5715391ae1d4f137653e7906c5e2115,Fear,34,254.093244,17,16969.079999999998,288474.36,17,0,0.169886,45.72192,86.542302,1.0,8.0,0.0,1.0,2.069820676984224,8.0,23639.993749999998,Fear
2025-04-06,0xbaaaf6571ab7d571043ff1e313a9609a10637864,Fear,34,1026.735896,172,3765.698953488372,647700.22,172,0,0.009064,72.711648,94.954868,1.0,327.0,0.0,1.0,1.389079730898768,327.0,2199.6304892966364,Fear
2025-04-06,0xbee1707d6b44d4d52bfe19e41f8a828645437aab,Fear,34,1828.77716,33,1576.340606060606,52019.24,33,0,0.732108,308.238184,11.348991999999999,1.0,81.0,0.0,1.0,1.0156854061136178,81.0,2287.7832098765434,Fear
2025-04-07,0x28736f43f1e871e6aa8b1148d38d4994275d72c4,Extreme Fear,23,-19833.530157,110,933.2812727272727,102660.94,27,83,-7784.162915,10.051758,35.663439000000004,0.24545454545454545,28.0,0.0,1.0,1.918886116917268,28.0,626.8492857142857,Fear
2025-04-07,0x3998f134d6aaa2b6a5f723806d00fd2bbbbce891,Extreme Fear,23,9485.86,21,1452.8799999999999,30510.48,21,0,5.092,4317.48,2.9289870000000002,1.0,0.0,40.0,0.0,1.383491937615649,40.0,1999.9805000000001,Fear
2025-04-07,0x39cef799f8b69da1995852eea189df24eb5cae3c,Extreme Fear,23,25920.569063,460,3483.1448043478263,1602246.61,293,167,-9454.732356,6742.9208,160.224444,0.6369565217391304,108.0,360.0,0.23076923076923078,0.8210556110060035,468.0,4273.399166666667,Fear
2025-04-07,0x47add9a56df66b524d5e2c1993a43cde53b6ed85,Extreme Fear,23,-5651.552238,27,546.9114814814815,14766.61,7,20,-1182.26298,608.267169,4.061607,0.25925925925925924,14.0,7.0,0.6666666666666666,1.4354833864087002,21.0,598.8957142857142,Fear
2025-04-07,0x4acb90e786d897ecffb614dc822eb231b4ffb9f4,Extreme Fear,23,13642.628143,40,7217.3235,288692.94,40,0,9.691211,2409.974037,86.607867,1.0,149.0,0.0,1.0,0.5364708580767011,149.0,7933.362416107382,Fear
2025-04-07,0x513b8629fe877bb581bf244e326a047b249c4ff1,Extreme Fear,23,-37999.868086,54,6646.749629629629,358924.48,6,48,-21333.46888,1538.04582,81.828011,0.1111111111111111,0.0,22.0,0.0,0.2349404892147032,22.0,7763.095,Fear
2025-04-07,0x6d6a4b953f202f8df5bed40692e7fd865318264a,Extreme Fear,23,232.000726,9,1733.08,15597.72,7,2,-0.89865,112.19888,5.351871,0.7777777777777778,2.0,16.0,0.1111111111111111,1.401717798299043,18.0,1073.937222222222,Fear
2025-04-07,0x8381e6d82f1affd39a336e143e081ef7620a3b7f,Extreme Fear,23,-4968.487948,15,6686.464666666667,100296.97,0,15,-1457.7349,-0.657622,35.103934,0.0,3.0,8.0,0.2727272727272727,4.755869510050141,11.0,8869.077272727272,Fear
2025-04-07,0x8477e447846c758f5a675856001ea72298fd9cb5,Extreme Fear,23,632.303024,103,2449.9700000000003,252346.91,73,30,-101.55861,147.038983,49.573801,0.7087378640776699,135.0,32.0,0.8083832335329342,1.8115273832859944,167.0,1478.9569461077845,Fear
2025-04-07,0x92f17e8d81a944691c10e753af1b1baae1a2cd0d,Extreme Fear,23,3425.96095,33,9893.448181818181,326483.79,33,0,0.094575,508.68384,114.26930899999999,1.0,10.0,25.0,0.2857142857142857,3.178108002417434,35.0,9339.077428571429,Fear
2025-04-07,0xb1231a4a2dd02f2276fa3c5e2a2f3436e6bfed23,Extreme Fear,23,3601.4274,38,1851.3157894736842,70350.0,38,0,0.660256,689.247034,24.622474999999998,1.0,42.0,0.0,1.0,1.5969436868281726,42.0,1589.2614285714285,Fear
2025-04-07,0xb899e522b5715391ae1d4f137653e7906c5e2115,Extreme Fear,23,1291.1500099999998,41,32592.051707317078,1336274.12,30,11,-59.795739,421.48904,400.882223,0.7317073170731707,72.0,0.0,1.0,0.7546977380740352,72.0,18541.44361111111,Fear
2025-04-07,0xbaaaf6571ab7d571043ff1e313a9609a10637864,Extreme Fear,23,2378.877324,47,14361.066170212767,674970.1100000001,47,0,0.581364,332.525424,51.073178999999996,1.0,98.0,0.0,1.0,2.5621645683377707,98.0,6122.413163265306,Fear
2025-04-07,0xbd5fead7180a9c139fa51a103cb6a2ce86ddb5c3,Extreme Fear,23,45940.626878999996,28,10431.123571428572,292071.46,28,0,9.373322,11639.01092,49.900005,1.0,27.0,51.0,0.34615384615384615,0.7457962743825628,78.0,15984.543076923079,Fear
2025-04-07,0xbee1707d6b44d4d52bfe19e41f8a828645437aab,Extreme Fear,23,-9593.258137,234,1764.5472222222222,412904.05,20,214,-846.746194,372.423212,86.649534,0.08547008547008547,152.0,0.0,1.0,1.1079155940616898,152.0,1429.8852631578948,Fear
2025-04-08,0x28736f43f1e871e6aa8b1148d38d4994275d72c4,Extreme Fear,24,230.103259,28,266.58714285714285,7464.4400000000005,24,4,-9.898381,64.521219,2.230914,0.8571428571428571,7.0,0.0,1.0,1.1271660710673588,7.0,392.9857142857143,Fear
2025-04-08,0x39cef799f8b69da1995852eea189df24eb5cae3c,Extreme Fear,24,3366.444714,14,10183.131428571429,142563.84,14,0,3.95334,782.805246,7.128185,1.0,,,,11.090202154125762,,,Fear
2025-04-08,0x47add9a56df66b524d5e2c1993a43cde53b6ed85,Extreme Fear,24,-6751.544998,30,623.018,18690.54,10,20,-1388.851115,559.292688,4.32407,0.3333333333333333,3.0,6.0,0.3333333333333333,1.7749804722706242,9.0,666.6600000000001,Fear
2025-04-08,0x4acb90e786d897ecffb614dc822eb231b4ffb9f4,Extreme Fear,24,221.0,1,78302.0,78302.0,1,0,221.0,221.0,23.490599,1.0,0.0,2.0,0.0,49.304715246693014,2.0,39261.5,Fear
2025-04-08,0x4f93fead39b70a1824f981a54d4e55b278e9f760,Extreme Fear,24,21114.136771999998,24,38378.36208333333,921080.6900000001,24,0,0.477022,5512.497067,322.378238,1.0,4.0,0.0,1.0,2.5788702718455117,4.0,37500.445,Fear
2025-04-08,0x513b8629fe877bb581bf244e326a047b249c4ff1,Extreme Fear,24,3131.840108,16,44807.868125,716925.89,16,0,0.003361,2013.801309,68.824866,1.0,132.0,0.0,1.0,0.5229849684303981,132.0,5407.535303030303,Fear
2025-04-08,0x6d6a4b953f202f8df5bed40692e7fd865318264a,Extreme Fear,24,409.437344,12,1798.7633333333333,21585.16,12,0,0.1869,143.519481,7.252601,1.0,0.0,20.0,0.0,2.746708956690151,20.0,1012.2059999999999,Fear
2025-04-08,0x75f7eeb85dc639d5e99c78f95393aa9a5f1170d4,Extreme Fear,24,948.85929,42,582.8647619047618,24480.32,42,0,0.5592,189.745,6.864692,1.0,1.0,0.0,1.0,0.340206390551369,1.0,23531.48,Fear
2025-04-08,0x7f4f299f74eec87806a830e3caa9afa5f2b9db8f,Extreme Fear,24,246.8944,16,1759.371875,28149.95,16,0,0.101558,87.710616,2.814989,1.0,10.0,0.0,1.0,1.9822926532268976,10.0,2790.314,Fear
2025-04-08,0x8381e6d82f1affd39a336e143e081ef7620a3b7f,Extreme Fear,24,142.99159,10,4585.765,45857.65,10,0,0.335016,44.882288,16.050173,1.0,7.0,6.0,0.5384615384615384,2.459795059373277,13.0,3522.4315384615384,Fear
2025-04-08,0x8477e447846c758f5a675856001ea72298fd9cb5,Extreme Fear,24,81.035707,14,1348.9950000000001,18885.93,14,0,0.031707,31.861252,3.8880790000000003,1.0,1.0,31.0,0.03125,1.0004900588070567,32.0,601.0475,Fear
2025-04-08,0xa520ded057a32086c40e7dd6ed4eb8efb82c00e0,Extreme Fear,24,-920.33629,1,1000.85,1000.85,0,1,-920.33629,-920.33629,0.350298,0.0,,,,4.531603730870234,,,Fear
2025-04-08,0xb899e522b5715391ae1d4f137653e7906c5e2115,Extreme Fear,24,936.6942779999999,127,19901.590551181103,2527502.0,77,50,-120.245678,248.682552,758.250532,0.6062992125984252,60.0,0.0,1.0,0.45653596302927474,60.0,42109.45566666666,Fear
2025-04-08,0xbee1707d6b44d4d52bfe19e41f8a828645437aab,Extreme Fear,24,11735.32104,125,1175.85384,146981.73,125,0,0.861192,798.022659,33.758893,1.0,42.0,0.0,1.0,0.6428802096308394,42.0,2551.85,Fear
2025-04-09,0x271b280974205ca63b716753467d5a371de622ab,Extreme Fear,18,16706.884912,306,4335.52477124183,1326670.58,300,6,-8.105264,1265.820644,345.460569,0.9803921568627451,74.0,417.0,0.15071283095723015,0.9490675218115694,491.0,7251.125580448065,Fear
2025-04-09,0x28736f43f1e871e6aa8b1148d38d4994275d72c4,Extreme Fear,18,94.077376,19,218.21368421052628,4146.0599999999995,12,7,-10.164621,37.923006,1.129612,0.631578947368421,8.0,0.0,1.0,1.0175308475490525,8.0,470.88375,Fear
2025-04-09,0x39cef799f8b69da1995852eea189df24eb5cae3c,Extreme Fear,18,-77308.420095,526,2537.539657794677,1334745.86,142,384,-4895.990788,6764.2252,159.263915,0.26996197718631176,20.0,71.0,0.21978021978021978,1.1365024505787538,91.0,13127.153186813186,Fear
2025-04-09,0x3f9a0aadc7f04a7c9d75dc1b5a6ddd6e36486cf6,Extreme Fear,18,110.553364,19,3388.287368421053,64377.46000000001,19,0,0.019715,51.764767,6.43773,1.0,,,,0.8788892140728977,,,Fear
2025-04-09,0x47add9a56df66b524d5e2c1993a43cde53b6ed85,Extreme Fear,18,-3911.273892,46,619.361304347826,28490.62,26,20,-1165.324803,460.549618,7.712928,0.5652173913043478,3.0,7.0,0.3,1.3657994351979812,10.0,724.625,Fear
2025-04-09,0x4acb90e786d897ecffb614dc822eb231b4ffb9f4,Extreme Fear,18,107892.62706,143,24285.941188811186,3472889.59,137,6,-392.716974,15626.03205,535.18117,0.958041958041958,141.0,6.0,0.9591836734693877,1.1113030451813597,147.0,11758.543401360545,Fear
2025-04-09,0x4f93fead39b70a1824f981a54d4e55b278e9f760,Extreme Fear,18,25875.837656,24,21911.944583333334,525886.67,24,0,3.851136,7371.796392,184.060321,1.0,21.0,0.0,1.0,1.2753360996706702,21.0,16667.10714285714,Fear
2025-04-09,0x513b8629fe877bb581bf244e326a047b249c4ff1,Extreme Fear,18,-18511.576176,86,6568.84023255814,564920.26,83,3,-29370.1198,1014.453736,91.606333,0.9651162790697675,0.0,35.0,0.0,0.3310660309194775,35.0,16707.880285714287,Fear
2025-04-09,0x6d6a4b953f202f8df5bed40692e7fd865318264a,Extreme Fear,18,1395.820542,25,1116.3056,27907.64,25,0,0.973582,194.616009,9.376941,1.0,0.0,25.0,0.0,2.060263283464788,25.0,809.9467999999999,Fear
2025-04-09,0x72743ae2822edd658c0c50608fd7c5c501b2afbd,Extreme Fear,18,33980.0,312,4660.096506410257,1453950.11,312,0,0.26424,2406.294954,145.394859,1.0,43.0,0.0,1.0,0.9999600403592372,43.0,33022.587441860465,Fear
2025-04-09,0x75f7eeb85dc639d5e99c78f95393aa9a5f1170d4,Extreme Fear,18,1593.7933500000001,6,4734.29,28405.74,6,0,0.02587,566.825,9.544323,1.0,0.0,9.0,0.0,4.914262422205874,9.0,3333.282222222222,Fear
2025-04-09,0x7f4f299f74eec87806a830e3caa9afa5f2b9db8f,Extreme Fear,18,2975.927732,381,3635.4257217847767,1385097.2,375,6,-192.2004,553.9386,139.670287,0.984251968503937,53.0,365.0,0.12679425837320574,0.9013157894736842,418.0,3365.562177033493,Fear
2025-04-09,0x8170715b3b381dffb7062c0298972d4727a0a63b,Extreme Fear,18,-4058.8889249999997,29,9348.242068965517,271099.02,18,11,-1320.381148,129.08,26.142063,0.6206896551724138,5.0,20.0,0.2,1.9800526335863307,25.0,6799.9604,Fear
2025-04-09,0x8477e447846c758f5a675856001ea72298fd9cb5,Extreme Fear,18,500.847132,27,641.51,17320.77,26,1,-1.178,121.964012,6.062263,0.9629629629629629,5.0,104.0,0.045871559633027525,1.055596671600592,109.0,996.3205504587156,Fear
2025-04-09,0xae5eacaf9c6b9111fd53034a602c192a04e082ed,Extreme Fear,18,622.41079,6,910.0616666666666,5460.37,6,0,2.464958,256.625651,1.834679,1.0,7.0,0.0,1.0,0.44282832949789863,7.0,691.14,Fear
2025-04-09,0xb899e522b5715391ae1d4f137653e7906c5e2115,Extreme Fear,18,6800.812401,113,27523.827876106192,3110192.55,113,0,0.01053,835.29865,933.057686,1.0,109.0,0.0,1.0,1.862451841505826,109.0,28471.504862385318,Fear
2025-04-09,0xbd5fead7180a9c139fa51a103cb6a2ce86ddb5c3,Extreme Fear,18,-36400.46439,48,3188.6095833333334,153053.26,0,48,-2896.814325,-8.7264,53.568612,0.0,23.0,0.0,1.0,1.876932473183952,23.0,9486.294347826088,Fear
2025-04-09,0xbee1707d6b44d4d52bfe19e41f8a828645437aab,Extreme Fear,18,2503.69251,107,1077.386261682243,115280.33,84,23,-166.266194,378.383822,34.584013,0.7850467289719626,6.0,0.0,1.0,0.6523560402653603,6.0,1182.73,Fear
2025-04-10,0x271b280974205ca63b716753467d5a371de622ab,Fear,39,13264.043303999999,231,20908.31051948052,4829819.73,189,42,-122.02974,1178.312652,1591.502692,0.8181818181818182,0.0,108.0,0.0,4.478349665884376,108.0,24017.838240740737,Fear
2025-04-10,0x28736f43f1e871e6aa8b1148d38d4994275d72c4,Fear,39,73.76740699999999,14,173.32785714285714,2426.59,11,3,-2.229435,17.867904,0.849298,0.7857142857142857,2.0,1.0,0.6666666666666666,0.7786393365248466,3.0,293.4266666666667,Fear
2025-04-10,0x39cef799f8b69da1995852eea189df24eb5cae3c,Fear,39,-831.2396219999999,206,5732.2289320388345,1180839.16,176,30,-1233.7946,222.90188,59.042062,0.8543689320388349,0.0,100.0,0.0,1.446362864421172,100.0,5926.414699999999,Fear
2025-04-10,0x420ab45e0bd8863569a5efbb9c05d91f40624641,Fear,39,8720.984286,11,4002.4445454545453,44026.89,11,0,88.755436,3439.154488,9.213747,1.0,,,,2.029982655313781,,,Fear
2025-04-10,0x47add9a56df66b524d5e2c1993a43cde53b6ed85,Fear,39,258.032458,9,464.30555555555554,4178.75,8,1,-45.939165,137.611214,1.344069,0.8888888888888888,4.0,1.0,0.8,1.50015021330289,5.0,749.732,Fear
2025-04-10,0x4acb90e786d897ecffb614dc822eb231b4ffb9f4,Fear,39,84856.33534,80,31025.65275,2482052.22,80,0,1.332855,9829.40275,744.615613,1.0,142.0,0.0,1.0,3.6872211331357443,142.0,23353.66056338028,Fear
2025-04-10,0x513b8629fe877bb581bf244e326a047b249c4ff1,Fear,39,22911.508704,245,18135.285959183675,4443145.0600000005,244,1,-0.04248,4200.0,426.545144,0.9959183673469387,27.0,64.0,0.2967032967032967,0.15745604576372305,91.0,45728.30824175824,Fear
2025-04-10,0x6d6a4b953f202f8df5bed40692e7fd865318264a,Fear,39,463.813132,9,2059.231111111111,18533.08,9,0,1.57248,146.710452,6.227107,1.0,5.0,3.0,0.625,2.3611446374940357,8.0,1281.1625,Fear
2025-04-10,0x7f4f299f74eec87806a830e3caa9afa5f2b9db8f,Fear,39,-372.76464,60,4760.670333333333,285640.22,28,32,-150.998895,107.841,28.564006,0.4666666666666667,9.0,36.0,0.2,2.1597043701799485,45.0,7966.439555555557,Fear
2025-04-10,0x8170715b3b381dffb7062c0298972d4727a0a63b,Fear,39,4596.960442,46,3488.6513043478258,160477.96,44,2,-542.824434,2007.184104,17.925454,0.9565217391304348,0.0,43.0,0.0,0.1906823296082993,43.0,2790.7206976744187,Fear
2025-04-10,0x8477e447846c758f5a675856001ea72298fd9cb5,Fear,39,-103.71342200000002,173,1073.1992485549133,185663.47,84,89,-25.933042,82.103872,44.03898,0.48554913294797686,0.0,141.0,0.0,0.9996399567948153,141.0,630.4994326241134,Fear
2025-04-10,0xa520ded057a32086c40e7dd6ed4eb8efb82c00e0,Fear,39,-965.1214130000001,3,534.0066666666667,1602.02,0,3,-514.80601,-96.800408,0.31047,0.0,,,,2.721497781399982,,,Fear
2025-04-10,0xae5eacaf9c6b9111fd53034a602c192a04e082ed,Fear,39,5615.909695,19,2486.837368421053,47249.91,19,0,32.12064,2370.488704,15.875953,1.0,,,,0.8539010369001394,,,Fear
2025-04-10,0xb899e522b5715391ae1d4f137653e7906c5e2115,Fear,39,-117.61638999999997,66,23919.819242424244,1578708.07,64,2,-574.98148,279.471804,473.612385,0.9696969696969697,50.0,0.0,1.0,0.9372950627583687,50.0,31576.5346,Fear
2025-04-10,0xbd5fead7180a9c139fa51a103cb6a2ce86ddb5c3,Fear,39,18673.109648,129,2052.1169767441856,264723.08999999997,129,0,0.390546,2735.834814,13.236104,1.0,,,,0.3923159140359583,,,Fear
2025-04-10,0xbee1707d6b44d4d52bfe19e41f8a828645437aab,Fear,39,35.58096,28,815.375,22830.5,28,0,0.030498,6.731222,7.990653,1.0,0.0,22.0,0.0,0.7426117123850122,22.0,1039.37,Fear
2025-04-11,0x28736f43f1e871e6aa8b1148d38d4994275d72c4,Fear,25,67.00618399999999,6,286.3666666666667,1718.2,6,0,0.764646,21.809637,0.60137,1.0,3.0,2.0,0.6,1.3554379340570426,5.0,494.954,Fear
2025-04-11,0x2c229d22b100a7beb69122eed721cee9b24011dd,Fear,25,1419.922474,34,888.15,30197.1,34,0,0.48285,184.879251,7.391576000000001,1.0,11.0,0.0,1.0,0.5636221376036722,11.0,2616.157272727273,Fear
2025-04-11,0x47add9a56df66b524d5e2c1993a43cde53b6ed85,Fear,25,608.246567,19,379.45157894736843,7209.58,17,2,-180.739643,181.280273,2.062579,0.8947368421052632,0.0,6.0,0.0,0.8260229525926817,6.0,441.5,Fear
2025-04-11,0x4acb90e786d897ecffb614dc822eb231b4ffb9f4,Fear,25,122461.112004,74,24390.13621621622,1804870.08,74,0,0.917722,16305.57609,90.243471,1.0,,,,0.6118424117750356,,,Fear
2025-04-11,0x4f93fead39b70a1824f981a54d4e55b278e9f760,Fear,25,3188.3381949999994,3,51029.70333333334,153089.11000000002,3,0,0.774134,2915.725224,53.581188,1.0,,,,1.6830682618237713,,,Fear
2025-04-11,0x6d6a4b953f202f8df5bed40692e7fd865318264a,Fear,25,56.216535,1,9556.11,9556.11,1,0,56.216535,56.216535,3.210854,1.0,0.0,4.0,0.0,1.4022791702921942,4.0,312.28999999999996,Fear
2025-04-11,0x7f4f299f74eec87806a830e3caa9afa5f2b9db8f,Fear,25,2550.108815,136,2587.4602205882356,351894.59,136,0,0.0016,658.7552,38.572226,1.0,3.0,140.0,0.02097902097902098,1.4959748342578811,143.0,2120.2704895104894,Fear
2025-04-11,0x8170715b3b381dffb7062c0298972d4727a0a63b,Fear,25,-9584.869233000001,47,8884.741276595743,417582.83999999997,0,47,-2758.9287,-0.065607,56.892323,0.0,0.0,191.0,0.0,1.0568671574049355,191.0,1361.2547643979058,Fear
2025-04-11,0x8477e447846c758f5a675856001ea72298fd9cb5,Fear,25,19.202581000000002,12,972.1325,11665.59,12,0,0.000884,11.321796,1.582954,1.0,0.0,49.0,0.0,0.9497539704764572,49.0,450.4061224489796,Fear
2025-04-11,0xaf40fdc468c30116bd3307bcbf4a451a7ebf1deb,Fear,25,5246.0,7,29785.714285714286,208500.0,7,0,22.264024,4005.321,20.849999,1.0,,,,1.0,,,Fear
2025-04-11,0xb899e522b5715391ae1d4f137653e7906c5e2115,Fear,25,-482.407981,60,43051.723,2583103.38,49,11,-763.669272,208.262565,774.930986,0.8166666666666667,0.0,68.0,0.0,1.8747597933988884,68.0,37979.7475,Fear
2025-04-11,0xbee1707d6b44d4d52bfe19e41f8a828645437aab,Fear,25,857.60294,54,773.9798148148147,41794.909999999996,29,25,-9.080633,343.103343,14.628183,0.5370370370370371,0.0,31.0,0.0,0.6587870567719435,31.0,3202.2412903225804,Fear
2025-04-12,0x083384f897ee0f19899168e3b1bec365f52a9012,Fear,43,307855.80341,31,21491.640322580646,666240.85,31,0,5.658978,135329.0901,66.62407,1.0,,,,0.10306640161405173,,,Fear
2025-04-12,0x28736f43f1e871e6aa8b1148d38d4994275d72c4,Fear,43,10.499265,3,78.19,234.57,3,0,0.578701,6.128189,0.082099,1.0,,,,0.462679522621536,,,Fear
2025-04-12,0x3998f134d6aaa2b6a5f723806d00fd2bbbbce891,Fear,43,2466.604719,32,1105.835625,35386.74,32,0,1.182321,856.848366,3.3970969999999996,1.0,,,,1.5253766851704997,,,Fear
2025-04-12,0x3f9a0aadc7f04a7c9d75dc1b5a6ddd6e36486cf6,Fear,43,3593.989207,27,2517.1996296296297,67964.39,27,0,0.6093,436.284992,16.838139,1.0,,,,0.9590124214960489,,,Fear
2025-04-12,0x47add9a56df66b524d5e2c1993a43cde53b6ed85,Fear,43,3105.920269,27,668.9644444444444,18062.04,24,3,-20.403211,692.82214,5.228838,0.8888888888888888,0.0,10.0,0.0,0.9011896893588897,10.0,374.6,Fear
2025-04-12,0x513b8629fe877bb581bf244e326a047b249c4ff1,Fear,43,88152.006818,328,79657.16853658536,26127551.28,195,133,-550.75536,19530.5225,4133.164813,0.5945121951219512,326.0,597.0,0.3531960996749729,2.3766975252769327,923.0,27218.743401950163,Fear
2025-04-12,0x6d6a4b953f202f8df5bed40692e7fd865318264a,Fear,43,-89.1781,2,794.37,1588.74,0,2,-60.5786,-28.5995,0.533815,0.0,0.0,10.0,0.0,2.7768546327223738,10.0,1154.572,Fear
2025-04-12,0x72c6a4624e1dffa724e6d00d64ceae698af892a0,Fear,43,-3546.9,9,1192.5677777777778,10733.11,0,9,-1372.631,-27.625,1.030372,0.0,0.0,3.0,0.0,2.4607698248491148,3.0,2746.933333333333,Fear
2025-04-12,0x75f7eeb85dc639d5e99c78f95393aa9a5f1170d4,Fear,43,1442.90516,42,748.6488095238095,31443.25,42,0,0.72945,473.99264,7.669101,1.0,2.0,0.0,1.0,0.3094665261567216,2.0,15000.17,Fear
2025-04-12,0x7f4f299f74eec87806a830e3caa9afa5f2b9db8f,Fear,43,303.170149,69,3110.941449275362,214654.96,69,0,0.01287,109.34,21.465473,1.0,23.0,28.0,0.45098039215686275,1.4150317954268705,51.0,4339.868823529412,Fear
2025-04-12,0x8381e6d82f1affd39a336e143e081ef7620a3b7f,Fear,43,202.27562,8,2599.29625,20794.37,8,0,1.0098,80.98272,7.2780249999999995,1.0,,,,1.3574647566876974,,,Fear
2025-04-12,0xae5eacaf9c6b9111fd53034a602c192a04e082ed,Fear,43,2513.430964,24,2173.775833333333,52170.619999999995,24,0,14.515716,446.763828,17.529311,1.0,21.0,0.0,1.0,0.9214550365625027,21.0,2364.631904761905,Fear
2025-04-12,0xb899e522b5715391ae1d4f137653e7906c5e2115,Fear,43,50.56792,4,20384.219999999998,81536.87999999999,4,0,0.0078,47.55816,24.461063,1.0,0.0,3.0,0.0,1.7301961960648302,3.0,27195.81666666667,Fear
2025-04-12,0xbee1707d6b44d4d52bfe19e41f8a828645437aab,Fear,43,4358.599132,115,2063.3102608695654,237280.68,115,0,0.130977,283.366082,57.453892,1.0,0.0,178.0,0.0,1.1114678772109503,178.0,1222.2808426966292,Fear
2025-04-13,0x28736f43f1e871e6aa8b1148d38d4994275d72c4,Neutral,45,-902.0714839999999,17,284.42764705882354,4835.27,6,11,-908.74091,28.785756,1.6923309999999998,0.35294117647058826,1.0,0.0,1.0,0.7650192165059672,1.0,275.13,Neutral
2025-04-13,0x3998f134d6aaa2b6a5f723806d00fd2bbbbce891,Neutral,45,1076.778732,9,2341.0022222222224,21069.02,9,0,0.808598,717.84657,2.999618,1.0,,,,1.550775398713543,,,Neutral
2025-04-13,0x39cef799f8b69da1995852eea189df24eb5cae3c,Neutral,45,3271.3693780000003,64,14541.604218749999,930662.6699999999,64,0,0.039,1367.066537,46.533099,1.0,71.0,0.0,1.0,0.02289689692672099,71.0,24956.582112676057,Neutral
2025-04-13,0x47add9a56df66b524d5e2c1993a43cde53b6ed85,Neutral,45,490.32631200000003,10,465.092,4650.92,10,0,2.430575,221.309515,1.562701,1.0,0.0,4.0,0.0,1.6554106831701016,4.0,749.5625,Neutral
2025-04-13,0x4f93fead39b70a1824f981a54d4e55b278e9f760,Neutral,45,253.67505,3,8417.75,25253.25,3,0,41.5565,170.51316,8.838635,1.0,5.0,0.0,1.0,0.620590343952527,5.0,4999.916,Neutral
2025-04-13,0x513b8629fe877bb581bf244e326a047b249c4ff1,Neutral,45,11239.437228,86,28025.63337209302,2410204.4699999997,86,0,0.096015,1592.193389,602.551071,1.0,199.0,0.0,1.0,3.148242538916952,199.0,33353.468592964826,Neutral
2025-04-13,0x72c6a4624e1dffa724e6d00d64ceae698af892a0,Neutral,45,-4526.698469,5,2040.0,10200.0,0,5,-3852.37259,-9.506007,0.9791970000000001,0.0,,,,0.9517834498145518,,,Neutral
2025-04-13,0x7f4f299f74eec87806a830e3caa9afa5f2b9db8f,Neutral,45,355.09,11,21606.272727272728,237669.0,10,1,-194.8,235.486968,35.900395,0.9090909090909091,70.0,13.0,0.8433734939759037,0.02547016641861724,83.0,2283.603012048193,Neutral
2025-04-13,0x8477e447846c758f5a675856001ea72298fd9cb5,Neutral,45,1350.19094,196,657.3279081632653,128836.27,147,49,-29.373848,114.867774,31.251518,0.75,1.0,90.0,0.01098901098901099,0.9996599591951034,91.0,1171.1313186813186,Neutral
2025-04-13,0xa520ded057a32086c40e7dd6ed4eb8efb82c00e0,Neutral,45,-53.631353999999995,2,64.53,129.06,0,2,-43.310095,-10.321259,0.045167,0.0,,,,0.2921760391198044,,,Neutral
2025-04-13,0xb899e522b5715391ae1d4f137653e7906c5e2115,Neutral,45,1097.533742,3,34987.693333333336,104963.08,3,0,165.833087,596.21175,26.240772,1.0,0.0,17.0,0.0,0.8039989126257276,17.0,6238.861764705882,Neutral
2025-04-13,0xbd5fead7180a9c139fa51a103cb6a2ce86ddb5c3,Neutral,45,32724.19729,31,27528.683548387096,853389.19,31,0,0.446355,6434.34177,234.641741,1.0,0.0,4.0,0.0,2.443714929190365,4.0,4603.465,Neutral
2025-04-13,0xbee1707d6b44d4d52bfe19e41f8a828645437aab,Neutral,45,2319.824156,129,2007.7529457364342,259000.13,109,20,-339.52195,315.306108,76.501992,0.8449612403100775,3.0,189.0,0.015625,0.8817689447412369,192.0,1154.988125,Neutral
2025-04-14,0x28736f43f1e871e6aa8b1148d38d4994275d72c4,Fear,31,27.177561,8,66.05624999999999,528.4499999999999,7,1,-0.20506,10.82855,0.184952,0.875,0.0,3.0,0.0,0.31970197559166613,3.0,106.61000000000001,Fear
2025-04-14,0x2c229d22b100a7beb69122eed721cee9b24011dd,Fear,31,18.103863,7,77.59714285714286,543.18,5,2,-1.228815,6.815536,0.094344,0.7142857142857143,1.0,0.0,1.0,0.0940117886390903,1.0,525.08,Fear
2025-04-14,0x39cef799f8b69da1995852eea189df24eb5cae3c,Fear,31,128.67829,1,844654.19,844654.19,1,0,128.67829,128.67829,42.232709,1.0,,,,1258.2927733996753,,,Fear
2025-04-14,0x47add9a56df66b524d5e2c1993a43cde53b6ed85,Fear,31,263.769257,5,278.88,1394.4,5,0,13.946437,94.47691,0.468515,1.0,,,,1.2089467043201345,,,Fear
2025-04-14,0x4acb90e786d897ecffb614dc822eb231b4ffb9f4,Fear,31,21531.8321,56,27211.77089285714,1523859.17,56,0,4.71174,5017.48024,141.843727,1.0,4.0,16.0,0.2,2.0164927911235666,20.0,26124.051,Fear
2025-04-14,0x4f93fead39b70a1824f981a54d4e55b278e9f760,Fear,31,322.73095,4,6331.1975,25324.79,4,0,1.26092,269.41791,8.863676,1.0,23.0,0.0,1.0,0.0016247288894849095,23.0,4348.5778260869565,Fear
2025-04-14,0x513b8629fe877bb581bf244e326a047b249c4ff1,Fear,31,7922.167264999999,90,42340.35044444445,3810631.54,58,32,-2762.143559,1710.892729,952.657838,0.6444444444444445,140.0,0.0,1.0,0.6135458857197728,140.0,35592.834071428566,Fear
2025-04-14,0x6d6a4b953f202f8df5bed40692e7fd865318264a,Fear,31,73.7414,1,5073.44,5073.44,1,0,73.7414,73.7414,1.704676,1.0,2.0,2.0,0.5,3.9821764392174477,4.0,1499.885,Fear
2025-04-14,0x72c6a4624e1dffa724e6d00d64ceae698af892a0,Fear,31,7848.0,3,2675.8333333333335,8027.5,3,0,293.20128,6016.2768,0.7706379999999999,1.0,,,,3.0009439269267077,,,Fear
2025-04-14,0x75f7eeb85dc639d5e99c78f95393aa9a5f1170d4,Fear,31,1828.36966,33,1912.0015151515152,63096.05,33,0,0.00676,332.58216,16.896069,1.0,2.0,5.0,0.2857142857142857,2.038713140993776,7.0,8843.211428571429,Fear
2025-04-14,0x8477e447846c758f5a675856001ea72298fd9cb5,Fear,31,236.725655,12,1103.5033333333333,13242.039999999999,12,0,0.808008,62.8038,4.634711,1.0,0.0,11.0,0.0,1.0099811977437292,11.0,746.9618181818182,Fear
2025-04-14,0x92f17e8d81a944691c10e753af1b1baae1a2cd0d,Fear,31,-621.54506,7,35782.68,250478.76,0,7,-103.55,-50.996986,87.667563,0.0,18.0,0.0,1.0,17.774912012513777,18.0,13950.031666666666,Fear
2025-04-14,0xbee1707d6b44d4d52bfe19e41f8a828645437aab,Fear,31,6088.774096,190,1463.614210526316,278086.7,190,0,0.089334,722.533524,85.41587,1.0,113.0,74.0,0.6042780748663101,1.1436137330343878,187.0,1397.5149197860962,Fear
2025-04-15,0x28736f43f1e871e6aa8b1148d38d4994275d72c4,Fear,38,-48.794434,5,411.46000000000004,2057.3,1,4,-26.926164,0.074134,0.720051,0.2,0.0,5.0,0.0,0.5315218124199312,5.0,78.478,Fear
2025-04-15,0x513b8629fe877bb581bf244e326a047b249c4ff1,Fear,38,40966.673478000004,433,23587.43408775981,10213358.959999999,433,0,0.00795,3603.969558,1086.850612,1.0,94.0,204.0,0.31543624161073824,0.4822569549934436,298.0,27646.716342281878,Fear
2025-04-15,0x72c6a4624e1dffa724e6d00d64ceae698af892a0,Fear,38,6335.6,6,1444.0666666666666,8664.4,6,0,1.42551,2189.74175,0.8317760000000001,1.0,,,,2.730523164348166,,,Fear
2025-04-15,0x75f7eeb85dc639d5e99c78f95393aa9a5f1170d4,Fear,38,1208.695445,35,822.6185714285715,28791.65,35,0,0.012849,91.0488,2.817561,1.0,0.0,1.0,0.0,1.711550315153202,1.0,30000.35,Fear
2025-04-15,0x8170715b3b381dffb7062c0298972d4727a0a63b,Fear,38,3204.26268,77,2727.2429870129868,209997.71,77,0,0.14632,676.31924,20.159716,1.0,,,,1.6379724627178762,,,Fear
2025-04-15,0x8477e447846c758f5a675856001ea72298fd9cb5,Fear,38,191.802066,15,603.4433333333333,9051.65,14,1,-12.424815,77.620176,3.1680650000000004,0.9333333333333333,0.0,23.0,0.0,0.9985698283794056,23.0,467.0226086956522,Fear
2025-04-15,0xa0feb3725a9335f49874d7cd8eaad6be45b27416,Fear,38,73.34455,9,1010.958888888889,9098.630000000001,9,0,0.85408,37.0901,2.820899,1.0,0.0,12.0,0.0,1.6065213340786286,12.0,847.6433333333334,Fear
2025-04-15,0xb899e522b5715391ae1d4f137653e7906c5e2115,Fear,38,554.38798,20,25133.692,502673.83999999997,20,0,0.02139,186.09366,150.80214,1.0,8.0,0.0,1.0,1.8747588560072743,8.0,62764.93125,Fear
2025-04-15,0xbd5fead7180a9c139fa51a103cb6a2ce86ddb5c3,Fear,38,18951.678454,27,23060.654814814818,622637.68,27,0,0.465516,14995.64105,59.744277000000004,1.0,,,,0.16153567202351413,,,Fear
2025-04-15,0xbee1707d6b44d4d52bfe19e41f8a828645437aab,Fear,38,920.056063,25,1390.6452,34766.13,25,0,0.444402,236.988749,11.371996,1.0,15.0,0.0,1.0,1.4512968140172173,15.0,4321.020666666666,Fear
2025-04-16,0x23e7a7f8d14b550961925fbfdaa92f5d195ba5bd,Fear,29,-95.985744,88,780.4484090909092,68679.46,1,87,-12.26893,0.01136,24.037758,0.011363636363636364,,,,0.9353629419962619,,,Fear
2025-04-16,0x28736f43f1e871e6aa8b1148d38d4994275d72c4,Fear,29,8.738942,3,57.82333333333333,173.47,3,0,1.243256,4.905,0.060713,1.0,0.0,6.0,0.0,0.16836356280763265,6.0,20.12333333333333,Fear
2025-04-16,0x47add9a56df66b524d5e2c1993a43cde53b6ed85,Fear,29,17.022667,3,486.6266666666666,1459.8799999999999,3,0,3.612392,6.94266,0.490516,1.0,4.0,0.0,1.0,1.501832602295259,4.0,1374.845,Fear
2025-04-16,0x4acb90e786d897ecffb614dc822eb231b4ffb9f4,Fear,29,3088.0,1,166444.0,166444.0,1,0,3088.0,3088.0,8.3222,1.0,,,,119.30143962498789,,,Fear
2025-04-16,0x513b8629fe877bb581bf244e326a047b249c4ff1,Fear,29,41498.141783,380,41281.23502631579,15686869.31,342,38,-1158.847848,8584.724704,2480.972025,0.9,426.0,80.0,0.841897233201581,2.6685719143095064,506.0,37693.795513834,Fear
2025-04-16,0x6d6a4b953f202f8df5bed40692e7fd865318264a,Fear,29,70.94968,4,494.38,1977.52,4,0,3.61659,39.333818,0.664443,1.0,,,,1.093271956662082,,,Fear
2025-04-16,0x72743ae2822edd658c0c50608fd7c5c501b2afbd,Fear,29,-14838.4,53,4603.773962264151,244000.02,0,53,-2220.065764,-0.918126,24.399981,0.0,,,,1.1269018291525559,,,Fear
2025-04-16,0x72c6a4624e1dffa724e6d00d64ceae698af892a0,Fear,29,14609.800000000001,44,825.0,36300.0,44,0,6.5712,4451.2875,3.4847770000000002,1.0,,,,1.05319361943536,,,Fear
2025-04-16,0x75f7eeb85dc639d5e99c78f95393aa9a5f1170d4,Fear,29,1674.357543,33,1427.9569696969695,47122.579999999994,33,0,0.001625,794.10672,12.864017,1.0,1.0,1.0,0.5,1.449824031177301,2.0,23324.04,Fear
2025-04-16,0x8170715b3b381dffb7062c0298972d4727a0a63b,Fear,29,912.29492,1,29999.58,29999.58,1,0,912.29492,912.29492,2.879959,1.0,0.0,38.0,0.0,0.8525687478546092,38.0,3157.8931578947368,Fear
2025-04-16,0x8477e447846c758f5a675856001ea72298fd9cb5,Fear,29,71.93199,4,356.5375,1426.15,4,0,8.01625,36.33696,0.499147,1.0,,,,0.84490138816658,,,Fear
2025-04-16,0xa0feb3725a9335f49874d7cd8eaad6be45b27416,Fear,29,100.22198900000001,19,491.92842105263156,9346.64,17,2,-20.15904,42.57912,1.660456,0.8947368421052632,0.0,28.0,0.0,0.18159120551518537,28.0,337.7185714285714,Fear
2025-04-16,0xbd5fead7180a9c139fa51a103cb6a2ce86ddb5c3,Fear,29,9556.6,15,17059.466,255891.99,15,0,15.025248,6318.4,12.794597000000001,1.0,,,,1.4661029888918578,,,Fear
2025-04-16,0xbee1707d6b44d4d52bfe19e41f8a828645437aab,Fear,29,1958.056487,159,1300.7344654088051,206816.78,79,80,-63.166285,252.7368,60.880266,0.4968553459119497,109.0,8.0,0.9316239316239316,0.9208901929304953,117.0,1145.6982905982907,Fear
2025-04-17,0x23e7a7f8d14b550961925fbfdaa92f5d195ba5bd,Fear,30,-133.41237,67,679.9573134328358,45557.14,20,47,-11.08,9.0675,15.94497,0.29850746268656714,40.0,18.0,0.6896551724137931,0.9872411222626752,58.0,789.8037931034484,Fear
2025-04-17,0x28736f43f1e871e6aa8b1148d38d4994275d72c4,Fear,30,-4.49125,2,62.495,124.99,1,1,-4.57216,0.08091,0.04374599999999999,0.5,0.0,2.0,0.0,0.7357898995347583,2.0,74.135,Fear
2025-04-17,0x47add9a56df66b524d5e2c1993a43cde53b6ed85,Fear,30,169.67583499999998,15,466.16133333333335,6992.42,15,0,0.029225,49.180088,2.169473,1.0,0.0,7.0,0.0,1.2162771135011716,7.0,285.4214285714285,Fear
2025-04-17,0x4acb90e786d897ecffb614dc822eb231b4ffb9f4,Fear,30,-110.0,6,28273.666666666668,169642.0,0,6,-30.25,-0.6424,50.892595,0.0,,,,28.16838630833133,,,Fear
2025-04-17,0x4f93fead39b70a1824f981a54d4e55b278e9f760,Fear,30,1713.120195,8,18965.887499999997,151727.09999999998,8,0,5.58596,817.377075,53.104482,1.0,1.0,0.0,1.0,0.12758892811735187,1.0,24999.67,Fear
2025-04-17,0x7f4f299f74eec87806a830e3caa9afa5f2b9db8f,Fear,30,425.687612,16,7837.179375,125394.87,16,0,0.727494,76.6764,22.827443,1.0,0.0,18.0,0.0,2.1323822892707347,18.0,6990.030555555555,Fear
2025-04-17,0xa0feb3725a9335f49874d7cd8eaad6be45b27416,Fear,30,18.57004,6,411.69666666666666,2470.18,6,0,0.00936,10.21312,0.497106,1.0,0.0,7.0,0.0,0.6145518911868827,7.0,211.39857142857142,Fear
2025-04-17,0xbee1707d6b44d4d52bfe19e41f8a828645437aab,Fear,30,3359.966896,247,1679.3082591093118,414789.14,247,0,0.047957,198.701676,134.682205,1.0,0.0,341.0,0.0,0.9214345687897325,341.0,1227.760586510264,Fear
2025-04-18,0x23e7a7f8d14b550961925fbfdaa92f5d195ba5bd,Fear,33,951.934443,301,852.231096345515,256521.56,301,0,0.002964,20.792975,89.782432,1.0,0.0,251.0,0.0,0.7115154003219429,251.0,415.9194422310757,Fear
2025-04-18,0x28736f43f1e871e6aa8b1148d38d4994275d72c4,Fear,33,22.793679,7,171.36142857142858,1199.53,6,1,-0.238937,7.52955,0.419838,0.8571428571428571,0.0,1.0,0.0,0.4376980648641359,1.0,84.8,Fear
2025-04-18,0x2c229d22b100a7beb69122eed721cee9b24011dd,Fear,33,11.209037,6,44.43333333333333,266.59999999999997,6,0,0.34672,4.10145,0.088846,1.0,1.0,0.0,1.0,0.04042564289812738,1.0,255.38,Fear
2025-04-18,0x513b8629fe877bb581bf244e326a047b249c4ff1,Fear,33,43400.145539,289,39768.01470588235,11492956.25,289,0,0.0084,3266.217216,2643.379803,1.0,90.0,0.0,1.0,3.148037899263769,90.0,119709.84477777778,Fear
2025-04-18,0x72743ae2822edd658c0c50608fd7c5c501b2afbd,Fear,33,-42923.271911,65,8851.193692307692,575327.59,50,15,-35681.74723,558.513908,58.525344000000004,0.7692307692307693,,,,0.9502302674298959,,,Fear
2025-04-18,0x75f7eeb85dc639d5e99c78f95393aa9a5f1170d4,Fear,33,471.89234,5,2381.948,11909.74,5,0,0.0161,280.37844,4.001668,1.0,0.0,1.0,0.0,4.013341816952657,1.0,12381.63,Fear
2025-04-18,0xbee1707d6b44d4d52bfe19e41f8a828645437aab,Fear,33,2945.701617,324,1341.494290123457,434644.15,314,5,-0.37354,133.392333,135.14652,0.9843260188087775,0.0,214.0,0.0,0.922597134184036,214.0,1870.0692056074765,Fear
2025-04-19,0x23e7a7f8d14b550961925fbfdaa92f5d195ba5bd,Fear,32,371.503,297,382.0616835016835,113472.31999999999,297,0,0.016801,14.396487,39.082585,1.0,0.0,42.0,0.0,0.6852630100580145,42.0,692.3359523809524,Fear
2025-04-19,0x271b280974205ca63b716753467d5a371de622ab,Fear,32,5942.547242,40,20784.27775,831371.11,40,0,4.632514,654.979968,239.434834,1.0,0.0,273.0,0.0,1.5456027517511957,273.0,6904.214505494506,Fear
2025-04-19,0x28736f43f1e871e6aa8b1148d38d4994275d72c4,Fear,32,40.803149000000005,4,109.5075,438.03,4,0,6.691291,13.587293,0.153311,1.0,0.0,2.0,0.0,0.3801496864675342,2.0,45.465,Fear
2025-04-19,0x47add9a56df66b524d5e2c1993a43cde53b6ed85,Fear,32,64.128219,2,375.075,750.15,2,0,23.641009,40.48721,0.25204899999999997,1.0,,,,1.1268250916301148,,,Fear
2025-04-19,0x4f93fead39b70a1824f981a54d4e55b278e9f760,Fear,32,721.976596,13,7747.742307692309,100720.65000000001,13,0,0.10866,425.085164,35.252232,1.0,5.0,0.0,1.0,0.19584365981787563,5.0,10000.068,Fear
2025-04-19,0x513b8629fe877bb581bf244e326a047b249c4ff1,Fear,32,62373.791703999996,229,74758.16903930131,17119620.71,229,0,0.03831,10024.26205,3937.512651,1.0,363.0,45.0,0.8897058823529411,1.3024023121132509,408.0,25394.859264705883,Fear
2025-04-19,0x75f7eeb85dc639d5e99c78f95393aa9a5f1170d4,Fear,32,1403.177311,32,964.2353125,30855.53,26,6,-68.089706,189.78055,3.5350669999999997,0.8125,2.0,21.0,0.08695652173913043,1.586900761537391,23.0,1413.732608695652,Fear
2025-04-19,0x8381e6d82f1affd39a336e143e081ef7620a3b7f,Fear,32,56.13971,11,668.2354545454546,7350.59,11,0,0.239668,19.532761,2.572701,1.0,,,,0.2952737646245526,,,Fear
2025-04-19,0xbee1707d6b44d4d52bfe19e41f8a828645437aab,Fear,32,976.5105639999999,394,1717.7513705583758,676794.04,192,202,-100.328938,503.42692,184.637334,0.4873096446700508,0.0,577.0,0.0,0.9506832378368902,577.0,1215.0506585788562,Fear
2025-04-20,0x23e7a7f8d14b550961925fbfdaa92f5d195ba5bd,Fear,37,-1892.58947,335,739.2650447761195,247653.79,249,86,-183.273648,30.525168,86.678636,0.7432835820895523,0.0,78.0,0.0,0.9816449337208172,78.0,1035.3883333333333,Fear
2025-04-20,0x271b280974205ca63b716753467d5a371de622ab,Fear,37,8277.307357,424,3954.3091745283023,1676627.09,424,0,0.014521,347.237374,482.8682,1.0,0.0,438.0,0.0,0.5711585660796502,438.0,2240.367694063927,Fear
2025-04-20,0x28736f43f1e871e6aa8b1148d38d4994275d72c4,Fear,37,7.707293999999999,2,87.145,174.29,2,0,3.198647,4.508647,0.061001,1.0,,,,0.5875868114085361,,,Fear
2025-04-20,0x47add9a56df66b524d5e2c1993a43cde53b6ed85,Fear,37,12.652267000000005,12,645.7516666666667,7749.02,11,1,-78.029568,41.223006,1.223846,0.9166666666666666,0.0,4.0,0.0,0.9009193054136874,4.0,549.7,Fear
2025-04-20,0x72743ae2822edd658c0c50608fd7c5c501b2afbd,Fear,37,-458.08035,38,1333.6473684210525,50678.6,0,38,-35.717136,-0.451178,5.067853,0.0,,,,1.2172156122316462,,,Fear
2025-04-20,0x72c6a4624e1dffa724e6d00d64ceae698af892a0,Fear,37,18374.63,55,1135.2727272727273,62440.0,47,8,-3968.95225,11448.9135,5.994203,0.8545454545454545,,,,0.95777118829912,,,Fear
2025-04-20,0x75f7eeb85dc639d5e99c78f95393aa9a5f1170d4,Fear,37,-111.77234,50,602.245,30112.25,11,39,-37.29873,9.59744,10.096532,0.22,0.0,2.0,0.0,0.5423319348617104,2.0,15000.25,Fear
2025-04-20,0x8477e447846c758f5a675856001ea72298fd9cb5,Fear,37,43.224447,5,482.16,2410.8,5,0,0.39577,18.046704,0.8437779999999999,1.0,0.0,39.0,0.0,0.7329179501540185,39.0,308.75615384615384,Fear
2025-04-20,0xbee1707d6b44d4d52bfe19e41f8a828645437aab,Fear,37,807.262731,41,1100.2078048780488,45108.520000000004,41,0,0.27279,154.063998,7.933686,1.0,0.0,22.0,0.0,0.9227078546977792,22.0,1027.4604545454547,Fear
2025-04-21,0x23e7a7f8d14b550961925fbfdaa92f5d195ba5bd,Fear,39,3434.689308,97,887.6931958762888,86106.24,97,0,0.725861,236.340678,30.137128,1.0,,,,0.6493091191944945,,,Fear
2025-04-21,0x271b280974205ca63b716753467d5a371de622ab,Fear,39,2638.012587,61,1895.9888524590162,115655.31999999999,61,0,0.509205,365.803866,33.308667,1.0,0.0,292.0,0.0,0.7169153872337376,292.0,1980.544589041096,Fear
2025-04-21,0x28736f43f1e871e6aa8b1148d38d4994275d72c4,Fear,39,19.956089,5,63.062,315.31,5,0,0.134328,18.565939,0.11035899999999998,1.0,0.0,1.0,0.0,0.10370170588631919,1.0,154.72,Fear
2025-04-21,0x3998f134d6aaa2b6a5f723806d00fd2bbbbce891,Fear,39,-3533.6725370000004,124,1459.0874193548386,180926.84,116,8,-1472.561286,0.130822,19.455411,0.9354838709677419,,,,1.2649132082121775,,,Fear
2025-04-21,0x47add9a56df66b524d5e2c1993a43cde53b6ed85,Fear,39,-2.1503300000000003,8,125.06625,1000.53,5,3,-2.455778,0.237861,0.216207,0.625,0.0,3.0,0.0,0.4040437421138016,3.0,416.58666666666664,Fear
2025-04-21,0x4acb90e786d897ecffb614dc822eb231b4ffb9f4,Fear,39,-681.29819,22,15950.486363636364,350910.7,0,22,-233.06532,-0.0246,105.273196,0.0,1.0,0.0,1.0,0.05093340883271034,1.0,351592.0,Fear
2025-04-21,0x4f93fead39b70a1824f981a54d4e55b278e9f760,Fear,39,459.153994,9,16717.272222222222,150455.44999999998,9,0,0.038685,301.798684,52.659392999999994,1.0,,,,0.002193384000804628,,,Fear
2025-04-21,0x513b8629fe877bb581bf244e326a047b249c4ff1,Fear,39,40348.799649,447,43044.30317673378,19240803.52,316,131,-6123.212194,18713.88918,3453.980362,0.7069351230425056,300.0,121.0,0.7125890736342043,1.1002057415590079,421.0,48982.77090261283,Fear
2025-04-21,0x72c6a4624e1dffa724e6d00d64ceae698af892a0,Fear,39,-9046.14,17,1703.0882352941176,28952.5,7,10,-3903.0992,749.4474,2.7794250000000003,0.4117647058823529,,,,1.7914016838130835,,,Fear
2025-04-21,0x8477e447846c758f5a675856001ea72298fd9cb5,Fear,39,596.556385,32,842.71125,26966.76,32,0,0.016047,153.818184,8.938349,1.0,0.0,76.0,0.0,0.8880565667880147,76.0,353.4213157894737,Fear
2025-04-21,0xbee1707d6b44d4d52bfe19e41f8a828645437aab,Fear,39,711.68096,29,1460.4589655172413,42353.31,29,0,0.16956,258.90699,9.248764,1.0,0.0,26.0,0.0,0.758158717856451,26.0,1656.3526923076922,Fear
2025-04-22,0x271b280974205ca63b716753467d5a371de622ab,Neutral,47,-19037.340561,233,3395.0017596566527,791035.41,0,233,-652.149236,-0.355815,218.127806,0.0,0.0,361.0,0.0,0.7235797846611369,361.0,11154.66432132964,Neutral
2025-04-22,0x28736f43f1e871e6aa8b1148d38d4994275d72c4,Neutral,47,11.839106000000001,2,64.225,128.45,2,0,3.415459,8.423647,0.044955999999999996,1.0,0.0,3.0,0.0,0.24765693479873235,3.0,54.98,Neutral
2025-04-22,0x47add9a56df66b524d5e2c1993a43cde53b6ed85,Neutral,47,-282.266207,4,141.7775,567.11,1,3,-147.087963,0.985932,0.13056,0.25,0.0,10.0,0.0,0.7506008532115604,10.0,424.65599999999995,Neutral
2025-04-22,0x4acb90e786d897ecffb614dc822eb231b4ffb9f4,Neutral,47,132.0,1,45580.5,45580.5,1,0,132.0,132.0,13.674149,1.0,0.0,5.0,0.0,8.26010013224337,5.0,9142.498000000001,Neutral
2025-04-22,0x513b8629fe877bb581bf244e326a047b249c4ff1,Neutral,47,73209.060448,185,99032.83075675677,18321073.69,185,0,0.022997,18022.9584,1931.087148,1.0,233.0,0.0,1.0,0.981516316864039,233.0,33688.13755364807,Neutral
2025-04-22,0x75f7eeb85dc639d5e99c78f95393aa9a5f1170d4,Neutral,47,2933.203058,325,175.59910769230768,57069.71,325,0,0.552655,126.89788,15.326004,1.0,0.0,2.0,0.0,0.21062573320342792,2.0,30001.614999999998,Neutral
2025-04-22,0x7f4f299f74eec87806a830e3caa9afa5f2b9db8f,Neutral,47,119.0,4,22822.752500000002,91291.01000000001,4,0,0.31416,60.25089,4.564548,1.0,0.0,1.0,0.0,38.59888716005953,1.0,91410.0,Neutral
2025-04-22,0x8381e6d82f1affd39a336e143e081ef7620a3b7f,Neutral,47,284.16768,1,66330.21,66330.21,1,0,284.16768,284.16768,23.215574,1.0,1.0,0.0,1.0,57.91902570070968,1.0,66046.04,Neutral
2025-04-22,0x8477e447846c758f5a675856001ea72298fd9cb5,Neutral,47,-180.07315699999998,312,1225.538782051282,382368.1,161,151,-29.546439,69.836571,70.408204,0.5160256410256411,0.0,676.0,0.0,1.070588470616474,676.0,1143.6498816568046,Neutral
2025-04-22,0xbee1707d6b44d4d52bfe19e41f8a828645437aab,Neutral,47,1463.173211,221,1145.4643891402716,253147.63,208,13,-0.120802,114.83775,75.944182,0.9411764705882353,18.0,188.0,0.08737864077669903,0.9219143576826196,206.0,2103.1889805825244,Neutral
2025-04-23,0x23e7a7f8d14b550961925fbfdaa92f5d195ba5bd,Greed,72,2654.14315,340,2171.0416764705883,738154.17,336,4,-1162.026288,500.0,77.015942,0.9882352941176471,171.0,57.0,0.75,1.1341464732128388,228.0,3222.8627631578947,Greed
2025-04-23,0x271b280974205ca63b716753467d5a371de622ab,Greed,72,-108176.9187,236,26340.125127118645,6216269.53,66,170,-25818.75012,656.549082,1741.042739,0.2796610169491525,0.0,233.0,0.0,1.4097171214102724,233.0,13640.209699570814,Greed
2025-04-23,0x28736f43f1e871e6aa8b1148d38d4994275d72c4,Greed,72,50.899228,10,104.83600000000001,1048.3600000000001,8,2,-1.117439,23.0931,0.366919,0.8,0.0,3.0,0.0,0.2910794956510013,3.0,45.35,Greed
2025-04-23,0x2c229d22b100a7beb69122eed721cee9b24011dd,Greed,72,29.8368,1,1299.61,1299.61,1,0,29.8368,29.8368,0.454863,1.0,1.0,0.0,1.0,1.3402430754785875,1.0,1269.77,Greed
2025-04-23,0x47add9a56df66b524d5e2c1993a43cde53b6ed85,Greed,72,511.720343,17,273.55823529411765,4650.49,16,1,-62.407496,152.974536,1.562548,0.9411764705882353,0.0,19.0,0.0,0.5267980532355945,19.0,447.04157894736835,Greed
2025-04-23,0x4acb90e786d897ecffb614dc822eb231b4ffb9f4,Greed,72,2875.230157,66,6064.8727272727265,400281.6,30,36,-284.37315,1562.920704,90.375815,0.45454545454545453,0.0,55.0,0.0,0.4960452422849073,55.0,7483.564727272727,Greed
2025-04-23,0x513b8629fe877bb581bf244e326a047b249c4ff1,Greed,72,1656.211757,174,43772.71097701149,7616451.71,118,38,-32.56364,121.079448,1751.7838100000001,0.7564102564102564,37.0,0.0,1.0,6.296340255925498,37.0,105408.95189189189,Greed
2025-04-23,0x72743ae2822edd658c0c50608fd7c5c501b2afbd,Greed,72,10148.4512,36,3226.3458333333338,116148.45000000001,36,0,1.7323,2056.7539,40.651942,1.0,78.0,53.0,0.5954198473282443,0.5798743269298009,131.0,1195.7558778625953,Greed
2025-04-23,0x75f7eeb85dc639d5e99c78f95393aa9a5f1170d4,Greed,72,6439.07977,146,1248.4107534246575,182267.97,146,0,0.001229,635.2884,38.568067,1.0,2.0,6.0,0.25,1.165649295130535,8.0,23296.4,Greed
2025-04-23,0x8170715b3b381dffb7062c0298972d4727a0a63b,Greed,72,-346210.226944,1170,1994.717316239316,2333819.26,848,322,-83056.32,3267.588166,584.453988,0.7247863247863248,0.0,71.0,0.0,1.015971242228918,71.0,1832.7454929577466,Greed
2025-04-23,0x8477e447846c758f5a675856001ea72298fd9cb5,Greed,72,-27087.802198,1523,491.1491923834537,748020.22,41,1482,-129.360652,293.350445,118.659975,0.026920551543007223,1.0,426.0,0.00234192037470726,1.1092531103732446,427.0,1153.224355971897,Greed
2025-04-23,0x92f17e8d81a944691c10e753af1b1baae1a2cd0d,Greed,72,17381.164,4,46379.79,185519.16,4,0,2919.84,5058.162,64.931707,1.0,244.0,0.0,1.0,1.3702184578193326,244.0,6337.37131147541,Greed
2025-04-23,0xa0feb3725a9335f49874d7cd8eaad6be45b27416,Greed,72,6653.134804,215,1549.6784186046511,333180.86,215,0,0.096181,91.004803,33.317975,1.0,87.0,0.0,1.0,0.7077417551704862,87.0,459.6693103448275,Greed
2025-04-23,0xae5eacaf9c6b9111fd53034a602c192a04e082ed,Greed,72,28100.700490000003,28,2829.6749999999997,79230.9,28,0,60.225802,7047.857251,26.621557,1.0,,,,0.6752334580219819,,,Greed
2025-04-23,0xbd5fead7180a9c139fa51a103cb6a2ce86ddb5c3,Greed,72,-2993.292785,14,1975.2207142857144,27653.09,0,14,-955.48086,-48.584928,8.295923,0.0,0.0,19.0,0.0,0.7790825285338014,19.0,1297.3694736842106,Greed
2025-04-23,0xbee1707d6b44d4d52bfe19e41f8a828645437aab,Greed,72,1686.786597,174,2198.716034482759,382576.59,106,68,-100.941262,220.884273,89.787966,0.6091954022988506,18.0,125.0,0.1258741258741259,1.3285354444044621,143.0,1381.708111888112,Greed
2025-04-24,0x23e7a7f8d14b550961925fbfdaa92f5d195ba5bd,Greed,63,1867.252909,401,1422.5379800498752,570437.73,333,68,-177.896823,151.520733,93.067899,0.830423940149626,237.0,42.0,0.8494623655913979,0.8783639251104653,279.0,2049.515053763441,Greed
2025-04-24,0x271b280974205ca63b716753467d5a371de622ab,Greed,63,8157.112326,70,15603.565285714287,1092249.57,66,4,-119.051532,1219.480108,273.237342,0.9428571428571428,,,,3.544948852541249,,,Greed
2025-04-24,0x28736f43f1e871e6aa8b1148d38d4994275d72c4,Greed,63,1.023851,1,182.34,182.34,1,0,1.023851,1.023851,0.063819,1.0,,,,1.2294518238824084,,,Greed
2025-04-24,0x47add9a56df66b524d5e2c1993a43cde53b6ed85,Greed,63,350.896638,8,281.94,2255.52,6,2,-0.22557,129.62172,0.757845,0.75,0.0,10.0,0.0,0.7357898215465961,10.0,449.97200000000004,Greed
2025-04-24,0x4acb90e786d897ecffb614dc822eb231b4ffb9f4,Greed,63,459.24741,22,362.56636363636363,7976.46,22,0,4.774368,56.715794,2.392931,1.0,0.0,1.0,0.0,0.28770280004730653,1.0,93400.0,Greed
2025-04-24,0x513b8629fe877bb581bf244e326a047b249c4ff1,Greed,63,35332.403093,393,40353.55450381679,15858946.92,303,75,-56.678733,3622.511061,3647.557614,0.8015873015873016,279.0,0.0,1.0,3.148063085682623,279.0,56715.49971326165,Greed
2025-04-24,0x6d6a4b953f202f8df5bed40692e7fd865318264a,Greed,63,168.69881,13,294.8969230769231,3833.66,13,0,1.249504,36.469898,1.2880989999999999,1.0,0.0,7.0,0.0,0.8444999578971006,7.0,714.3314285714285,Greed
2025-04-24,0x72743ae2822edd658c0c50608fd7c5c501b2afbd,Greed,63,-3500.0,59,918.6435593220339,54199.97,0,59,-508.571,-19.369,5.419975,0.0,0.0,52.0,0.0,0.499435570074225,52.0,832.6921153846154,Greed
2025-04-24,0x75f7eeb85dc639d5e99c78f95393aa9a5f1170d4,Greed,63,1250.2581989999999,21,1768.3285714285714,37134.9,5,16,-35.197803,1002.99708,6.107407,0.23809523809523808,1.0,7.0,0.125,0.5979360944863102,8.0,4436.6137499999995,Greed
2025-04-24,0x8170715b3b381dffb7062c0298972d4727a0a63b,Greed,63,398.646746,54,1231.9442592592593,66524.99,32,22,-503.392272,346.433886,6.386361,0.5925925925925926,0.0,4.0,0.0,1.356735573439109,4.0,2499.99,Greed
2025-04-24,0x8477e447846c758f5a675856001ea72298fd9cb5,Greed,63,2397.669518,75,743.5782666666667,55768.37,60,15,-3.771275,230.542395,17.71691,0.8,0.0,42.0,0.0,0.9714565747889747,42.0,507.50666666666666,Greed
2025-04-24,0xa0feb3725a9335f49874d7cd8eaad6be45b27416,Greed,63,1279.688605,65,2089.5981538461538,135823.88,65,0,0.074855,91.490145,37.247192,1.0,,,,1.5151388112539592,,,Greed
2025-04-24,0xae5eacaf9c6b9111fd53034a602c192a04e082ed,Greed,63,2587.44383,17,3838.708823529412,65258.05,17,0,11.946968,584.160867,21.926688,1.0,70.0,0.0,1.0,1.03732662798653,70.0,1969.7614285714285,Greed
2025-04-24,0xbee1707d6b44d4d52bfe19e41f8a828645437aab,Greed,63,-45.94597,2,3645.04,7290.08,0,2,-43.22097,-2.725,2.1870230000000004,0.0,,,,6.726345023574243,,,Greed
2025-04-25,0x23e7a7f8d14b550961925fbfdaa92f5d195ba5bd,Greed,60,1969.39321,97,5907.3089690721645,573008.97,40,57,-22.839354,549.0,78.651422,0.41237113402061853,19.0,108.0,0.14960629921259844,1.1039940364940635,127.0,4523.586850393701,Greed
2025-04-25,0x2c229d22b100a7beb69122eed721cee9b24011dd,Greed,60,0.18414,2,35.36,70.72,2,0,0.0459,0.13824,0.024751,1.0,1.0,0.0,1.0,0.059016222419279125,1.0,70.54,Greed
2025-04-25,0x3998f134d6aaa2b6a5f723806d00fd2bbbbce891,Greed,60,34.63999,73,826.7301369863014,60351.3,73,0,0.00646,1.841864,5.793662,1.0,,,,1.77130143624989,,,Greed
2025-04-25,0x513b8629fe877bb581bf244e326a047b249c4ff1,Greed,60,8410.75479,298,41727.578355704696,12434818.35,298,0,0.008442,487.298826,2860.008102,1.0,0.0,201.0,0.0,3.1480190094496296,201.0,61906.6260199005,Greed
2025-04-25,0x72743ae2822edd658c0c50608fd7c5c501b2afbd,Greed,60,-2650.0,22,2502.2713636363637,55049.97,0,22,-255.3328,-12.0787,5.504987,0.0,,,,2.904916034804847,,,Greed
2025-04-25,0x75f7eeb85dc639d5e99c78f95393aa9a5f1170d4,Greed,60,1113.013801,82,471.71195121951223,38680.380000000005,82,0,0.01126,110.759148,11.684301,1.0,1.0,16.0,0.058823529411764705,0.09941741395422822,17.0,2252.729411764706,Greed
2025-04-25,0x8170715b3b381dffb7062c0298972d4727a0a63b,Greed,60,-1335.115406,15,1967.7766666666669,29516.65,2,13,-336.334872,15.31005,7.517593,0.13333333333333333,0.0,24.0,0.0,1.398890117853465,24.0,1249.9979166666665,Greed
2025-04-25,0x8477e447846c758f5a675856001ea72298fd9cb5,Greed,60,36.153454,2,92.83,185.66,2,0,3.876418,32.277036,0.064982,1.0,0.0,205.0,0.0,0.7845341440972917,205.0,1073.1561951219512,Greed
2025-04-25,0xa0feb3725a9335f49874d7cd8eaad6be45b27416,Greed,60,4058.112969,43,3722.2888372093025,160058.42,43,0,5.070886,158.56968,16.005825,1.0,9.0,0.0,1.0,1.1538941680640953,9.0,686.0188888888889,Greed
2025-04-25,0xae5eacaf9c6b9111fd53034a602c192a04e082ed,Greed,60,7480.21054,31,2395.6448387096775,74264.99,31,0,10.343268,2006.930852,24.953016,1.0,24.0,0.0,1.0,0.8882333602850364,24.0,2782.712083333334,Greed
2025-04-25,0xbee1707d6b44d4d52bfe19e41f8a828645437aab,Greed,60,1101.511718,65,1222.4812307692307,79461.28,65,0,0.111296,343.91094,16.363965,1.0,0.0,89.0,0.0,0.7051143650639873,89.0,908.1832584269663,Greed
2025-04-26,0x23e7a7f8d14b550961925fbfdaa92f5d195ba5bd,Greed,65,-4648.8710550000005,338,284.5678402366864,96183.93,0,338,-297.377691,-0.06295,16.916102,0.0,,,,0.13080820630273435,,,Greed
2025-04-26,0x47add9a56df66b524d5e2c1993a43cde53b6ed85,Greed,65,147.607393,4,301.07,1204.28,4,0,1.795818,78.59151,0.34465100000000004,1.0,0.0,10.0,0.0,0.7508411944961846,10.0,299.642,Greed
2025-04-26,0x4acb90e786d897ecffb614dc822eb231b4ffb9f4,Greed,65,47.876234000000004,41,6897.073170731707,282780.0,41,0,0.00477,14.99872,14.13899,1.0,,,,0.6756238554139145,,,Greed
2025-04-26,0x6d6a4b953f202f8df5bed40692e7fd865318264a,Greed,65,43.903059999999996,4,426.64250000000004,1706.5700000000002,4,0,8.7958,12.45726,0.573403,1.0,0.0,3.0,0.0,1.3547870996715976,3.0,3666.28,Greed
2025-04-26,0x75f7eeb85dc639d5e99c78f95393aa9a5f1170d4,Greed,65,3291.144446,110,704.3283636363636,77476.12,110,0,0.000452,249.67368,9.441641,1.0,0.0,3.0,0.0,0.3828763446205237,3.0,26922.403333333332,Greed
2025-04-26,0x8170715b3b381dffb7062c0298972d4727a0a63b,Greed,65,-3925.864943,16,2147.34125,34357.46,0,16,-959.722298,-1.2638,11.544089,0.0,,,,2.5575155421640794,,,Greed
2025-04-26,0x8381e6d82f1affd39a336e143e081ef7620a3b7f,Greed,65,505.40523,3,23903.97666666667,71711.93000000001,1,2,-29.48496,539.22771,7.526466,0.3333333333333333,,,,1.0840851614935638,,,Greed
2025-04-26,0x8477e447846c758f5a675856001ea72298fd9cb5,Greed,65,394.655169,34,2498.630588235294,84953.44,33,1,-0.2562,71.670325,29.733688,0.9705882352941176,0.0,36.0,0.0,0.9107392887146457,36.0,394.8122222222222,Greed
2025-04-26,0xbee1707d6b44d4d52bfe19e41f8a828645437aab,Greed,65,5.977248,1,80.26,80.26,1,0,5.977248,5.977248,0.004012,1.0,15.0,0.0,1.0,1.711259353576734,15.0,2026.3406666666667,Greed
2025-04-27,0x28736f43f1e871e6aa8b1148d38d4994275d72c4,Greed,61,0.265698,1,49.96,49.96,1,0,0.265698,0.265698,0.017485,1.0,,,,0.33686197828871955,,,Greed
2025-04-27,0x47add9a56df66b524d5e2c1993a43cde53b6ed85,Greed,61,361.183441,12,380.805,4569.66,9,3,-13.360464,158.015704,1.355427,0.75,,,,0.6748783272246589,,,Greed
2025-04-27,0x75f7eeb85dc639d5e99c78f95393aa9a5f1170d4,Greed,61,471.712989,81,746.5928395061728,60474.02,53,28,-4.493895,184.87673,6.538323,0.654320987654321,2.0,0.0,1.0,0.0997156661960909,2.0,30001.184999999998,Greed
2025-04-27,0x8170715b3b381dffb7062c0298972d4727a0a63b,Greed,61,-99.444041,12,768.4525,9221.43,0,12,-29.76275,-0.805392,0.885246,0.0,,,,1.0141214386513597,,,Greed
2025-04-27,0x8381e6d82f1affd39a336e143e081ef7620a3b7f,Greed,61,33.061386999999996,2,3363.05,6726.1,2,0,13.258865,19.802522,0.6726099999999999,1.0,,,,0.296350096694873,,,Greed
2025-04-27,0x8477e447846c758f5a675856001ea72298fd9cb5,Greed,61,78.78402200000001,19,1406.6994736842105,26727.29,19,0,0.02839,12.106992,9.354543,1.0,0.0,1.0,0.0,1.2781333760051208,1.0,554.59,Greed
2025-04-27,0xa0feb3725a9335f49874d7cd8eaad6be45b27416,Greed,61,147.309165,4,3479.1825,13916.73,4,0,0.199081,87.64163,4.8708540000000005,1.0,,,,0.9049282653251349,,,Greed
2025-04-27,0xbee1707d6b44d4d52bfe19e41f8a828645437aab,Greed,61,1709.194807,32,3264.1506249999998,104452.81999999999,32,0,0.1879,537.103413,11.697645,1.0,50.0,0.0,1.0,0.8942434559563024,50.0,1443.273,Greed
2025-04-28,0x28736f43f1e871e6aa8b1148d38d4994275d72c4,Neutral,54,-0.08516699999999999,5,221.01999999999998,1105.1,1,4,-0.237489,0.307157,0.38678100000000004,0.2,0.0,3.0,0.0,0.8808239498348054,3.0,49.95333333333334,Neutral
2025-04-28,0x47add9a56df66b524d5e2c1993a43cde53b6ed85,Neutral,54,146.420556,8,374.65875,2997.27,8,0,0.004964,46.499859,0.527165,1.0,0.0,1.0,0.0,0.9529231508742414,1.0,249.94,Neutral
2025-04-28,0x513b8629fe877bb581bf244e326a047b249c4ff1,Neutral,54,37973.605394,397,47645.700226700246,18915342.99,349,48,-4498.11884,6925.515597,4350.528697,0.8790931989924433,257.0,0.0,1.0,1.845621419789914,257.0,24017.012023346302,Neutral
2025-04-28,0x75f7eeb85dc639d5e99c78f95393aa9a5f1170d4,Neutral,54,728.966777,27,656.544074074074,17726.69,22,5,-41.11884,171.498511,2.963818,0.8148148148148148,6.0,0.0,1.0,0.9407869882488616,6.0,2832.956666666667,Neutral
2025-04-28,0x8477e447846c758f5a675856001ea72298fd9cb5,Neutral,54,-6424.928118,76,2283.191447368421,173522.55,5,71,-389.187705,31.260672,60.732849,0.06578947368421052,0.0,4.0,0.0,2.3665339840780897,4.0,485.8625,Neutral
2025-04-28,0xa0feb3725a9335f49874d7cd8eaad6be45b27416,Neutral,54,474.245409,21,3719.749523809524,78114.74,21,0,0.111779,237.3007,10.304522,1.0,,,,1.541326625675424,,,Neutral
2025-04-28,0xbee1707d6b44d4d52bfe19e41f8a828645437aab,Neutral,54,4008.588908,188,1716.5115957446808,322704.18,169,19,-42.78521,362.27898,82.570083,0.898936170212766,82.0,157.0,0.34309623430962344,0.9252267463854367,239.0,1320.3194142259415,Neutral
2025-04-29,0x47add9a56df66b524d5e2c1993a43cde53b6ed85,Greed,60,30.495403,1,349.93,349.93,1,0,30.495403,30.495403,0.117574,1.0,1.0,5.0,0.16666666666666666,1.0512828216066814,6.0,358.145,Greed
2025-04-29,0x513b8629fe877bb581bf244e326a047b249c4ff1,Greed,60,117648.295306,474,34878.15594936709,16532245.92,474,0,0.002906,8633.812548,1195.725059,1.0,518.0,0.0,1.0,1.400212195578839,518.0,29642.263474903477,Greed
2025-04-29,0x8381e6d82f1affd39a336e143e081ef7620a3b7f,Greed,60,112.996265,1,8110.65,8110.65,1,0,112.996265,112.996265,0.811065,1.0,,,,7.097359923694182,,,Greed
2025-04-29,0x8477e447846c758f5a675856001ea72298fd9cb5,Greed,60,-1793.442795,33,442.9521212121212,14617.42,2,31,-76.68603,67.705645,1.701394,0.06060606060606061,0.0,40.0,0.0,1.0,40.0,357.631,Greed
2025-04-29,0xa0feb3725a9335f49874d7cd8eaad6be45b27416,Greed,60,1189.49741,93,1975.8675268817203,183755.68,93,0,0.054146,109.339224,18.661338,1.0,,,,1.2997018818706914,,,Greed
2025-04-29,0xbee1707d6b44d4d52bfe19e41f8a828645437aab,Greed,60,8561.771838,432,1950.1137731481483,842449.15,398,34,-99.680836,618.1714,227.344551,0.9212962962962963,0.0,470.0,0.0,0.8958950369529715,470.0,1930.204936170213,Greed
2025-04-30,0x23e7a7f8d14b550961925fbfdaa92f5d195ba5bd,Greed,56,5179.772745,83,1221.0467469879518,101346.88,83,0,0.368638,311.508415,30.404024,1.0,,,,0.9655261821678208,,,Greed
2025-04-30,0x4acb90e786d897ecffb614dc822eb231b4ffb9f4,Greed,56,510.0,4,46972.5,187890.0,4,0,3.2181,260.4519,65.761498,1.0,0.0,1.0,0.0,35.4035644784988,1.0,188400.0,Greed
2025-04-30,0x4f93fead39b70a1824f981a54d4e55b278e9f760,Greed,56,5286.100993,23,25858.66956521739,594749.4,23,0,0.12582,989.292798,208.162285,1.0,3.0,10.0,0.23076923076923078,0.862282950404506,13.0,7692.78923076923,Greed
2025-04-30,0x8477e447846c758f5a675856001ea72298fd9cb5,Greed,56,-1053.418063,56,918.9380357142857,51460.53,22,34,-63.15707,51.016328,14.126511,0.39285714285714285,4.0,27.0,0.12903225806451613,1.109993199183902,31.0,1105.3670967741934,Greed
2025-04-30,0xa0feb3725a9335f49874d7cd8eaad6be45b27416,Greed,56,1555.834562,123,801.069105691057,98531.5,123,0,0.149915,15.397716,13.037731,1.0,,,,1.3386249301285635,,,Greed
2025-04-30,0xbaaaf6571ab7d571043ff1e313a9609a10637864,Greed,56,4.733218,1,10.14,10.14,1,0,4.733218,4.733218,0.003547,1.0,,,,0.017032999336485725,,,Greed
2025-04-30,0xbee1707d6b44d4d52bfe19e41f8a828645437aab,Greed,56,2520.766396,38,2358.334210526316,89616.7,38,0,0.03375,509.48,15.431903,1.0,23.0,0.0,1.0,0.8482114023675736,23.0,1592.3652173913044,Greed
2025-05-01,0x23e7a7f8d14b550961925fbfdaa92f5d195ba5bd,Neutral,53,1243.853569,81,1266.1753086419753,102560.2,81,0,0.561697,76.416306,30.768017,1.0,,,,1.0690880805505438,,,Neutral
2025-05-01,0x28736f43f1e871e6aa8b1148d38d4994275d72c4,Neutral,53,16.923621,2,135.32,270.64,2,0,7.487838,9.435783,0.094722,1.0,,,,0.9124131885914637,,,Neutral
2025-05-01,0x47add9a56df66b524d5e2c1993a43cde53b6ed85,Neutral,53,37.385304,1,92.06,92.06,1,0,37.385304,37.385304,0.030933,1.0,0.0,6.0,0.0,0.7189809529531935,6.0,333.505,Neutral
2025-05-01,0x4f93fead39b70a1824f981a54d4e55b278e9f760,Neutral,53,1220.746604,10,10122.122,101221.22,7,3,-0.24338,320.83368,35.427425,0.7,3.0,1.0,0.75,1.9341462565472707,4.0,25000.89,Neutral
2025-05-01,0x513b8629fe877bb581bf244e326a047b249c4ff1,Neutral,53,60544.304874,236,27274.32792372881,6436741.39,236,0,0.138294,9460.46376,1480.450406,1.0,93.0,0.0,1.0,0.8482691420718662,93.0,11138.90182795699,Neutral
2025-05-01,0x8477e447846c758f5a675856001ea72298fd9cb5,Neutral,53,-200.94846,14,277.4814285714286,3884.7400000000002,0,14,-34.60803,-0.74018,0.38847,0.0,0.0,5.0,0.0,0.5326239148697843,5.0,399.748,Neutral
2025-05-01,0xa0feb3725a9335f49874d7cd8eaad6be45b27416,Neutral,53,1449.529436,101,2051.7274257425743,207224.47,101,0,0.049888,173.904175,27.436318,1.0,,,,0.8488168436743059,,,Neutral
2025-05-01,0xb1231a4a2dd02f2276fa3c5e2a2f3436e6bfed23,Neutral,53,102460.17164,57,2825.2261403508774,161037.89,57,0,18.74274,9373.37,56.363228,1.0,0.0,16.0,0.0,3.207989732071234,16.0,5731.011875,Neutral
2025-05-01,0xbaaaf6571ab7d571043ff1e313a9609a10637864,Neutral,53,1.86032,1,3.9,3.9,1,0,1.86032,1.86032,0.001364,1.0,,,,0.006551153590956048,,,Neutral
2025-05-01,0xbd5fead7180a9c139fa51a103cb6a2ce86ddb5c3,Neutral,53,-112753.50244,75,13418.765466666668,1006407.41,0,75,-11199.63611,-10.479394,352.242541,0.0,0.0,39.0,0.0,6.834608924686032,39.0,23149.694871794873,Neutral
2025-05-01,0xbee1707d6b44d4d52bfe19e41f8a828645437aab,Neutral,53,1336.9957120000001,93,1741.121505376344,161924.3,42,51,-95.979375,447.071472,38.117526,0.45161290322580644,0.0,37.0,0.0,1.371089028519759,37.0,3935.2081081081083,Neutral
